tag,timestamp,seed,p0_label,p1_label,winner_label,reward_p0,reward_p1,turns,p0_prizes_taken,p1_prizes_taken,p0_first_attack_turn,p1_first_attack_turn,end_reason,error
sanity,2026-07-03T17:56:30,run-20260703-175623,mirror-A,mirror-B,mirror-B,-1,1,18,5,5,3,6,DECK_OUT,
sanity,2026-07-03T17:56:30,run-20260703-175623,mirror-A,mirror-B,mirror-A,1,-1,19,5,4,5,6,OTHER,
sanity,2026-07-03T17:56:30,run-20260703-175623,mirror-A,mirror-B,mirror-B,-1,1,16,3,5,7,4,OTHER,
sanity,2026-07-03T17:56:30,run-20260703-175623,mirror-A,mirror-B,mirror-B,-1,1,16,3,5,7,6,OTHER,
sanity,2026-07-03T17:56:30,run-20260703-175623,mirror-A,mirror-B,mirror-B,-1,1,6,2,0,3,6,NO_POKEMON_IN_PLAY,
sanity,2026-07-03T17:56:30,run-20260703-175623,mirror-A,mirror-B,mirror-B,-1,1,20,5,5,9,6,OTHER,
sanity,2026-07-03T17:56:30,run-20260703-175623,mirror-A,mirror-B,mirror-B,-1,1,16,2,5,11,6,DECK_OUT,
sanity,2026-07-03T17:56:30,run-20260703-175623,mirror-A,mirror-B,mirror-B,-1,1,16,3,5,3,6,OTHER,
sanity,2026-07-03T17:56:30,run-20260703-175623,mirror-A,mirror-B,mirror-A,1,-1,13,5,1,3,10,OTHER,
sanity,2026-07-03T17:56:30,run-20260703-175623,mirror-A,mirror-B,mirror-B,-1,1,14,3,3,9,6,NO_POKEMON_IN_PLAY,
sanity,2026-07-03T17:56:30,run-20260703-175623,mirror-A,mirror-B,mirror-A,1,-1,15,5,2,3,4,OTHER,
sanity,2026-07-03T17:56:30,run-20260703-175623,mirror-A,mirror-B,mirror-A,1,-1,15,5,0,5,6,OTHER,
sanity,2026-07-03T17:56:30,run-20260703-175623,mirror-A,mirror-B,mirror-B,-1,1,22,4,5,5,6,OTHER,
sanity,2026-07-03T17:56:30,run-20260703-175623,mirror-A,mirror-B,mirror-A,1,-1,15,5,3,3,8,OTHER,
sanity,2026-07-03T17:56:30,run-20260703-175623,mirror-A,mirror-B,mirror-A,1,-1,15,5,3,3,4,OTHER,
sanity,2026-07-03T17:56:30,run-20260703-175623,mirror-A,mirror-B,mirror-A,1,-1,21,5,4,5,6,DECK_OUT,
sanity,2026-07-03T17:56:30,run-20260703-175623,mirror-A,mirror-B,mirror-B,-1,1,18,3,5,5,6,OTHER,
sanity,2026-07-03T17:56:30,run-20260703-175623,mirror-A,mirror-B,mirror-A,1,-1,15,5,2,5,10,OTHER,
sanity,2026-07-03T17:56:30,run-20260703-175623,mirror-A,mirror-B,mirror-B,-1,1,18,4,5,7,6,OTHER,
sanity,2026-07-03T17:56:30,run-20260703-175623,mirror-A,mirror-B,mirror-A,1,-1,17,5,3,3,6,OTHER,
sanity,2026-07-03T17:56:30,run-20260703-175623,mirror-B,mirror-A,mirror-A,-1,1,14,1,5,11,4,OTHER,
sanity,2026-07-03T17:56:30,run-20260703-175623,mirror-B,mirror-A,mirror-A,-1,1,18,5,5,3,4,OTHER,
sanity,2026-07-03T17:56:30,run-20260703-175623,mirror-B,mirror-A,mirror-B,1,-1,19,5,5,5,8,OTHER,
sanity,2026-07-03T17:56:30,run-20260703-175623,mirror-B,mirror-A,mirror-B,1,-1,3,0,0,3,,OTHER,
sanity,2026-07-03T17:56:30,run-20260703-175623,mirror-B,mirror-A,mirror-A,-1,1,16,2,5,9,4,OTHER,
sanity,2026-07-03T17:56:30,run-20260703-175623,mirror-B,mirror-A,mirror-A,-1,1,20,5,5,7,4,DECK_OUT,
sanity,2026-07-03T17:56:30,run-20260703-175623,mirror-B,mirror-A,mirror-B,1,-1,17,5,2,5,12,OTHER,
sanity,2026-07-03T17:56:30,run-20260703-175623,mirror-B,mirror-A,mirror-B,1,-1,17,5,3,3,6,OTHER,
sanity,2026-07-03T17:56:30,run-20260703-175623,mirror-B,mirror-A,mirror-B,1,-1,15,5,3,5,4,OTHER,
sanity,2026-07-03T17:56:30,run-20260703-175623,mirror-B,mirror-A,mirror-B,1,-1,17,5,3,3,10,OTHER,
sanity,2026-07-03T17:56:30,run-20260703-175623,mirror-B,mirror-A,mirror-A,-1,1,16,3,5,3,6,DECK_OUT,
sanity,2026-07-03T17:56:30,run-20260703-175623,mirror-B,mirror-A,mirror-B,1,-1,15,4,3,5,6,OTHER,
sanity,2026-07-03T17:56:30,run-20260703-175623,mirror-B,mirror-A,mirror-B,1,-1,19,5,3,3,4,OTHER,
sanity,2026-07-03T17:56:30,run-20260703-175623,mirror-B,mirror-A,mirror-A,-1,1,22,4,5,11,12,DECK_OUT,
sanity,2026-07-03T17:56:30,run-20260703-175623,mirror-B,mirror-A,mirror-A,-1,1,4,1,0,3,4,NO_POKEMON_IN_PLAY,
sanity,2026-07-03T17:56:30,run-20260703-175623,mirror-B,mirror-A,mirror-A,-1,1,14,3,5,5,6,OTHER,
sanity,2026-07-03T17:56:30,run-20260703-175623,mirror-B,mirror-A,mirror-B,1,-1,13,5,2,3,6,OTHER,
sanity,2026-07-03T17:56:30,run-20260703-175623,mirror-B,mirror-A,mirror-B,1,-1,23,5,4,5,6,DECK_OUT,
sanity,2026-07-03T17:56:30,run-20260703-175623,mirror-B,mirror-A,mirror-B,1,-1,3,0,0,3,,OTHER,
sanity,2026-07-03T17:56:30,run-20260703-175623,mirror-B,mirror-A,mirror-B,1,-1,19,5,4,7,6,OTHER,
tier1,2026-07-03T17:57:18,tier1-run1,alakazam,lucario,alakazam,1,-1,13,3,1,5,2,OTHER,
tier1,2026-07-03T17:57:18,tier1-run1,alakazam,lucario,alakazam,1,-1,21,5,0,13,2,OTHER,
tier1,2026-07-03T17:57:18,tier1-run1,alakazam,lucario,alakazam,1,-1,13,5,0,3,2,OTHER,
tier1,2026-07-03T17:57:18,tier1-run1,alakazam,lucario,alakazam,1,-1,19,5,2,11,2,OTHER,
tier1,2026-07-03T17:57:18,tier1-run1,alakazam,lucario,alakazam,1,-1,13,5,3,5,2,OTHER,
tier1,2026-07-03T17:57:18,tier1-run1,alakazam,lucario,alakazam,1,-1,11,4,1,5,4,OTHER,
tier1,2026-07-03T17:57:18,tier1-run1,alakazam,lucario,alakazam,1,-1,11,5,1,3,2,OTHER,
tier1,2026-07-03T17:57:18,tier1-run1,alakazam,lucario,alakazam,1,-1,11,5,1,3,6,DECK_OUT,
tier1,2026-07-03T17:57:18,tier1-run1,alakazam,lucario,alakazam,1,-1,17,3,3,3,2,OTHER,
tier1,2026-07-03T17:57:18,tier1-run1,alakazam,lucario,lucario,-1,1,2,0,0,,2,NO_POKEMON_IN_PLAY,
tier1,2026-07-03T17:57:18,tier1-run1,alakazam,lucario,alakazam,1,-1,5,1,0,3,2,OTHER,
tier1,2026-07-03T17:57:18,tier1-run1,alakazam,lucario,alakazam,1,-1,11,4,0,3,4,OTHER,
tier1,2026-07-03T17:57:18,tier1-run1,alakazam,lucario,alakazam,1,-1,15,5,5,7,2,DECK_OUT,
tier1,2026-07-03T17:57:18,tier1-run1,alakazam,lucario,alakazam,1,-1,15,4,3,3,2,DECK_OUT,
tier1,2026-07-03T17:57:18,tier1-run1,alakazam,lucario,alakazam,1,-1,3,0,0,3,2,OTHER,
tier1,2026-07-03T17:57:18,tier1-run1,alakazam,lucario,alakazam,1,-1,13,2,2,9,2,DECK_OUT,
tier1,2026-07-03T17:57:18,tier1-run1,alakazam,lucario,alakazam,1,-1,11,5,0,5,2,OTHER,
tier1,2026-07-03T17:57:18,tier1-run1,alakazam,lucario,lucario,-1,1,18,3,5,9,4,OTHER,
tier1,2026-07-03T17:57:18,tier1-run1,alakazam,lucario,alakazam,1,-1,17,3,3,5,2,DECK_OUT,
tier1,2026-07-03T17:57:18,tier1-run1,alakazam,lucario,alakazam,1,-1,11,5,0,3,2,OTHER,
tier1,2026-07-03T17:57:18,tier1-run1,alakazam,lucario,alakazam,1,-1,19,5,4,11,4,DECK_OUT,
tier1,2026-07-03T17:57:18,tier1-run1,alakazam,lucario,alakazam,1,-1,9,4,0,3,2,OTHER,
tier1,2026-07-03T17:57:18,tier1-run1,alakazam,lucario,alakazam,1,-1,21,3,1,3,4,OTHER,
tier1,2026-07-03T17:57:18,tier1-run1,alakazam,lucario,alakazam,1,-1,9,3,0,3,6,OTHER,
tier1,2026-07-03T17:57:18,tier1-run1,alakazam,lucario,alakazam,1,-1,13,5,1,5,2,OTHER,
tier1,2026-07-03T17:57:18,tier1-run1,alakazam,lucario,alakazam,1,-1,17,5,2,5,2,OTHER,
tier1,2026-07-03T17:57:18,tier1-run1,alakazam,lucario,alakazam,1,-1,11,3,2,5,2,OTHER,
tier1,2026-07-03T17:57:18,tier1-run1,alakazam,lucario,alakazam,1,-1,13,5,2,5,6,OTHER,
tier1,2026-07-03T17:57:18,tier1-run1,alakazam,lucario,alakazam,1,-1,19,4,3,5,2,DECK_OUT,
tier1,2026-07-03T17:57:18,tier1-run1,alakazam,lucario,alakazam,1,-1,5,0,0,3,2,OTHER,
tier1,2026-07-03T17:57:18,tier1-run1,alakazam,lucario,alakazam,1,-1,13,5,1,7,2,DECK_OUT,
tier1,2026-07-03T17:57:18,tier1-run1,alakazam,lucario,alakazam,1,-1,15,4,2,5,2,OTHER,
tier1,2026-07-03T17:57:18,tier1-run1,alakazam,lucario,alakazam,1,-1,13,5,2,3,2,DECK_OUT,
tier1,2026-07-03T17:57:18,tier1-run1,alakazam,lucario,alakazam,1,-1,17,5,2,5,4,DECK_OUT,
tier1,2026-07-03T17:57:18,tier1-run1,alakazam,lucario,alakazam,1,-1,17,5,1,5,2,DECK_OUT,
tier1,2026-07-03T17:57:18,tier1-run1,alakazam,lucario,alakazam,1,-1,11,5,0,3,8,DECK_OUT,
tier1,2026-07-03T17:57:18,tier1-run1,alakazam,lucario,alakazam,1,-1,11,3,0,3,2,OTHER,
tier1,2026-07-03T17:57:18,tier1-run1,alakazam,lucario,alakazam,1,-1,13,5,1,5,4,OTHER,
tier1,2026-07-03T17:57:18,tier1-run1,alakazam,lucario,alakazam,1,-1,15,5,1,5,2,OTHER,
tier1,2026-07-03T17:57:18,tier1-run1,alakazam,lucario,alakazam,1,-1,15,5,3,5,2,OTHER,
tier1,2026-07-03T17:57:18,tier1-run1,alakazam,lucario,alakazam,1,-1,13,2,3,11,4,DECK_OUT,
tier1,2026-07-03T17:57:18,tier1-run1,alakazam,lucario,alakazam,1,-1,15,3,3,5,4,OTHER,
tier1,2026-07-03T17:57:18,tier1-run1,alakazam,lucario,alakazam,1,-1,19,5,1,5,2,OTHER,
tier1,2026-07-03T17:57:18,tier1-run1,alakazam,lucario,alakazam,1,-1,15,3,3,7,2,DECK_OUT,
tier1,2026-07-03T17:57:18,tier1-run1,alakazam,lucario,lucario,-1,1,4,0,0,,2,NO_POKEMON_IN_PLAY,
tier1,2026-07-03T17:57:18,tier1-run1,alakazam,lucario,alakazam,1,-1,13,4,0,5,6,OTHER,
tier1,2026-07-03T17:57:18,tier1-run1,alakazam,lucario,alakazam,1,-1,9,2,0,3,2,OTHER,
tier1,2026-07-03T17:57:18,tier1-run1,alakazam,lucario,alakazam,1,-1,15,5,0,5,2,OTHER,
tier1,2026-07-03T17:57:18,tier1-run1,alakazam,lucario,lucario,-1,1,2,0,0,,2,NO_POKEMON_IN_PLAY,
tier1,2026-07-03T17:57:18,tier1-run1,alakazam,lucario,alakazam,1,-1,11,3,0,5,4,OTHER,
tier1,2026-07-03T17:57:18,tier1-run1,alakazam,lucario,alakazam,1,-1,9,3,0,3,2,OTHER,
tier1,2026-07-03T17:57:18,tier1-run1,alakazam,lucario,alakazam,1,-1,11,3,0,5,4,OTHER,
tier1,2026-07-03T17:57:18,tier1-run1,alakazam,lucario,alakazam,1,-1,13,4,2,5,2,OTHER,
tier1,2026-07-03T17:57:18,tier1-run1,alakazam,lucario,alakazam,1,-1,13,3,4,11,2,OTHER,
tier1,2026-07-03T17:57:18,tier1-run1,alakazam,lucario,alakazam,1,-1,13,4,1,3,4,OTHER,
tier1,2026-07-03T17:57:18,tier1-run1,alakazam,lucario,alakazam,1,-1,13,5,0,5,4,OTHER,
tier1,2026-07-03T17:57:18,tier1-run1,alakazam,lucario,alakazam,1,-1,15,3,0,9,2,OTHER,
tier1,2026-07-03T17:57:18,tier1-run1,alakazam,lucario,alakazam,1,-1,7,2,0,3,,OTHER,
tier1,2026-07-03T17:57:18,tier1-run1,alakazam,lucario,alakazam,1,-1,13,4,0,5,2,OTHER,
tier1,2026-07-03T17:57:18,tier1-run1,alakazam,lucario,alakazam,1,-1,23,5,0,13,2,OTHER,
tier1,2026-07-03T17:57:18,tier1-run1,alakazam,lucario,alakazam,1,-1,13,1,1,13,4,DECK_OUT,
tier1,2026-07-03T17:57:18,tier1-run1,alakazam,lucario,alakazam,1,-1,19,5,1,13,2,OTHER,
tier1,2026-07-03T17:57:18,tier1-run1,alakazam,lucario,alakazam,1,-1,13,5,0,5,,OTHER,
tier1,2026-07-03T17:57:18,tier1-run1,alakazam,lucario,alakazam,1,-1,13,5,0,5,2,OTHER,
tier1,2026-07-03T17:57:18,tier1-run1,alakazam,lucario,alakazam,1,-1,13,4,0,5,2,OTHER,
tier1,2026-07-03T17:57:18,tier1-run1,alakazam,lucario,alakazam,1,-1,11,3,3,5,2,OTHER,
tier1,2026-07-03T17:57:18,tier1-run1,alakazam,lucario,lucario,-1,1,10,3,3,5,2,NO_POKEMON_IN_PLAY,
tier1,2026-07-03T17:57:18,tier1-run1,alakazam,lucario,alakazam,1,-1,7,1,0,5,4,OTHER,
tier1,2026-07-03T17:57:18,tier1-run1,alakazam,lucario,alakazam,1,-1,13,4,1,5,2,OTHER,
tier1,2026-07-03T17:57:18,tier1-run1,alakazam,lucario,alakazam,1,-1,11,5,1,3,2,OTHER,
tier1,2026-07-03T17:57:18,tier1-run1,alakazam,lucario,alakazam,1,-1,15,3,0,7,12,OTHER,
tier1,2026-07-03T17:57:18,tier1-run1,alakazam,lucario,alakazam,1,-1,13,5,0,5,2,OTHER,
tier1,2026-07-03T17:57:18,tier1-run1,alakazam,lucario,alakazam,1,-1,17,5,3,5,2,OTHER,
tier1,2026-07-03T17:57:18,tier1-run1,alakazam,lucario,alakazam,1,-1,13,5,2,3,2,OTHER,
tier1,2026-07-03T17:57:18,tier1-run1,alakazam,lucario,alakazam,1,-1,13,5,1,7,4,DECK_OUT,
tier1,2026-07-03T17:57:18,tier1-run1,alakazam,lucario,alakazam,1,-1,11,4,0,5,10,OTHER,
tier1,2026-07-03T17:57:18,tier1-run1,alakazam,lucario,alakazam,1,-1,19,3,3,3,2,DECK_OUT,
tier1,2026-07-03T17:57:18,tier1-run1,alakazam,lucario,alakazam,1,-1,13,5,1,5,2,OTHER,
tier1,2026-07-03T17:57:18,tier1-run1,alakazam,lucario,alakazam,1,-1,13,5,2,5,2,OTHER,
tier1,2026-07-03T17:57:18,tier1-run1,alakazam,lucario,lucario,-1,1,6,0,1,,4,NO_POKEMON_IN_PLAY,
tier1,2026-07-03T17:57:18,tier1-run1,alakazam,lucario,alakazam,1,-1,11,3,0,5,2,OTHER,
tier1,2026-07-03T17:57:18,tier1-run1,alakazam,lucario,alakazam,1,-1,13,5,0,3,8,OTHER,
tier1,2026-07-03T17:57:18,tier1-run1,alakazam,lucario,alakazam,1,-1,17,4,2,5,2,OTHER,
tier1,2026-07-03T17:57:18,tier1-run1,alakazam,lucario,alakazam,1,-1,9,2,0,5,4,OTHER,
tier1,2026-07-03T17:57:18,tier1-run1,alakazam,lucario,alakazam,1,-1,13,5,1,5,2,OTHER,
tier1,2026-07-03T17:57:18,tier1-run1,alakazam,lucario,alakazam,1,-1,11,3,0,5,6,OTHER,
tier1,2026-07-03T17:57:18,tier1-run1,alakazam,lucario,alakazam,1,-1,15,5,1,7,4,OTHER,
tier1,2026-07-03T17:57:18,tier1-run1,alakazam,lucario,alakazam,1,-1,7,1,0,5,,OTHER,
tier1,2026-07-03T17:57:18,tier1-run1,alakazam,lucario,alakazam,1,-1,15,3,2,11,4,OTHER,
tier1,2026-07-03T17:57:18,tier1-run1,alakazam,lucario,alakazam,1,-1,13,5,1,5,6,OTHER,
tier1,2026-07-03T17:57:18,tier1-run1,alakazam,lucario,alakazam,1,-1,13,3,1,3,4,OTHER,
tier1,2026-07-03T17:57:18,tier1-run1,alakazam,lucario,alakazam,1,-1,13,5,2,5,4,OTHER,
tier1,2026-07-03T17:57:18,tier1-run1,alakazam,lucario,alakazam,1,-1,7,2,0,3,2,OTHER,
tier1,2026-07-03T17:57:18,tier1-run1,alakazam,lucario,alakazam,1,-1,9,2,0,5,4,OTHER,
tier1,2026-07-03T17:57:18,tier1-run1,alakazam,lucario,alakazam,1,-1,13,5,1,5,2,OTHER,
tier1,2026-07-03T17:57:18,tier1-run1,alakazam,lucario,alakazam,1,-1,9,2,0,5,,OTHER,
tier1,2026-07-03T17:57:18,tier1-run1,alakazam,lucario,lucario,-1,1,16,3,5,9,2,OTHER,
tier1,2026-07-03T17:57:18,tier1-run1,alakazam,lucario,alakazam,1,-1,13,4,0,5,8,OTHER,
tier1,2026-07-03T17:57:18,tier1-run1,alakazam,lucario,alakazam,1,-1,11,5,0,5,2,OTHER,
tier1,2026-07-03T17:57:18,tier1-run1,alakazam,lucario,alakazam,1,-1,11,4,1,3,2,OTHER,
tier1,2026-07-03T17:57:18,tier1-run1,lucario,alakazam,alakazam,-1,1,12,3,4,7,6,DECK_OUT,
tier1,2026-07-03T17:57:18,tier1-run1,lucario,alakazam,alakazam,-1,1,14,0,4,3,6,NO_POKEMON_IN_PLAY,
tier1,2026-07-03T17:57:18,tier1-run1,lucario,alakazam,lucario,1,-1,3,0,0,3,,OTHER,
tier1,2026-07-03T17:57:18,tier1-run1,lucario,alakazam,alakazam,-1,1,14,0,5,,8,DECK_OUT,
tier1,2026-07-03T17:57:18,tier1-run1,lucario,alakazam,alakazam,-1,1,14,4,5,3,6,DECK_OUT,
tier1,2026-07-03T17:57:18,tier1-run1,lucario,alakazam,alakazam,-1,1,8,1,3,5,4,OTHER,
tier1,2026-07-03T17:57:18,tier1-run1,lucario,alakazam,alakazam,-1,1,12,5,4,3,6,OTHER,
tier1,2026-07-03T17:57:18,tier1-run1,lucario,alakazam,alakazam,-1,1,14,2,5,3,6,OTHER,
tier1,2026-07-03T17:57:18,tier1-run1,lucario,alakazam,alakazam,-1,1,10,1,1,7,8,DECK_OUT,
tier1,2026-07-03T17:57:18,tier1-run1,lucario,alakazam,alakazam,-1,1,12,4,4,3,6,OTHER,
tier1,2026-07-03T17:57:18,tier1-run1,lucario,alakazam,alakazam,-1,1,16,2,3,3,8,OTHER,
tier1,2026-07-03T17:57:18,tier1-run1,lucario,alakazam,alakazam,-1,1,16,2,3,5,10,DECK_OUT,
tier1,2026-07-03T17:57:18,tier1-run1,lucario,alakazam,alakazam,-1,1,12,1,3,3,6,OTHER,
tier1,2026-07-03T17:57:18,tier1-run1,lucario,alakazam,alakazam,-1,1,14,3,4,3,10,OTHER,
tier1,2026-07-03T17:57:18,tier1-run1,lucario,alakazam,lucario,1,-1,13,3,4,3,4,OTHER,
tier1,2026-07-03T17:57:18,tier1-run1,lucario,alakazam,alakazam,-1,1,14,2,5,3,4,OTHER,
tier1,2026-07-03T17:57:18,tier1-run1,lucario,alakazam,alakazam,-1,1,12,2,5,3,6,OTHER,
tier1,2026-07-03T17:57:18,tier1-run1,lucario,alakazam,alakazam,-1,1,14,5,2,3,8,DECK_OUT,
tier1,2026-07-03T17:57:18,tier1-run1,lucario,alakazam,alakazam,-1,1,10,4,3,3,6,OTHER,
tier1,2026-07-03T17:57:18,tier1-run1,lucario,alakazam,alakazam,-1,1,16,1,5,3,4,OTHER,
tier1,2026-07-03T17:57:18,tier1-run1,lucario,alakazam,alakazam,-1,1,4,0,0,3,4,NO_POKEMON_IN_PLAY,
tier1,2026-07-03T17:57:18,tier1-run1,lucario,alakazam,alakazam,-1,1,14,3,5,3,6,OTHER,
tier1,2026-07-03T17:57:18,tier1-run1,lucario,alakazam,alakazam,-1,1,14,1,4,5,4,OTHER,
tier1,2026-07-03T17:57:18,tier1-run1,lucario,alakazam,alakazam,-1,1,10,1,1,3,6,NO_POKEMON_IN_PLAY,
tier1,2026-07-03T17:57:18,tier1-run1,lucario,alakazam,alakazam,-1,1,14,1,3,3,6,OTHER,
tier1,2026-07-03T17:57:18,tier1-run1,lucario,alakazam,alakazam,-1,1,10,0,2,3,6,NO_POKEMON_IN_PLAY,
tier1,2026-07-03T17:57:18,tier1-run1,lucario,alakazam,alakazam,-1,1,12,3,4,3,8,OTHER,
tier1,2026-07-03T17:57:18,tier1-run1,lucario,alakazam,alakazam,-1,1,16,2,5,3,6,OTHER,
tier1,2026-07-03T17:57:18,tier1-run1,lucario,alakazam,alakazam,-1,1,12,1,3,3,6,OTHER,
tier1,2026-07-03T17:57:18,tier1-run1,lucario,alakazam,alakazam,-1,1,12,1,4,3,6,NO_POKEMON_IN_PLAY,
tier1,2026-07-03T17:57:18,tier1-run1,lucario,alakazam,alakazam,-1,1,12,1,5,5,4,OTHER,
tier1,2026-07-03T17:57:18,tier1-run1,lucario,alakazam,alakazam,-1,1,12,3,4,3,6,OTHER,
tier1,2026-07-03T17:57:18,tier1-run1,lucario,alakazam,alakazam,-1,1,10,1,3,3,4,OTHER,
tier1,2026-07-03T17:57:18,tier1-run1,lucario,alakazam,alakazam,-1,1,10,1,3,3,4,OTHER,
tier1,2026-07-03T17:57:18,tier1-run1,lucario,alakazam,alakazam,-1,1,10,0,3,3,4,NO_POKEMON_IN_PLAY,
tier1,2026-07-03T17:57:18,tier1-run1,lucario,alakazam,alakazam,-1,1,12,2,5,3,4,OTHER,
tier1,2026-07-03T17:57:18,tier1-run1,lucario,alakazam,alakazam,-1,1,12,2,5,3,6,OTHER,
tier1,2026-07-03T17:57:18,tier1-run1,lucario,alakazam,alakazam,-1,1,10,3,3,3,6,OTHER,
tier1,2026-07-03T17:57:18,tier1-run1,lucario,alakazam,alakazam,-1,1,12,1,3,7,6,DECK_OUT,
tier1,2026-07-03T17:57:18,tier1-run1,lucario,alakazam,alakazam,-1,1,12,3,5,3,6,OTHER,
tier1,2026-07-03T17:57:18,tier1-run1,lucario,alakazam,alakazam,-1,1,12,2,5,3,4,OTHER,
tier1,2026-07-03T17:57:18,tier1-run1,lucario,alakazam,alakazam,-1,1,12,2,4,3,6,OTHER,
tier1,2026-07-03T17:57:18,tier1-run1,lucario,alakazam,alakazam,-1,1,12,0,3,9,4,OTHER,
tier1,2026-07-03T17:57:18,tier1-run1,lucario,alakazam,alakazam,-1,1,14,5,3,3,6,OTHER,
tier1,2026-07-03T17:57:18,tier1-run1,lucario,alakazam,alakazam,-1,1,10,1,2,3,6,DECK_OUT,
tier1,2026-07-03T17:57:18,tier1-run1,lucario,alakazam,alakazam,-1,1,14,0,5,,4,OTHER,
tier1,2026-07-03T17:57:18,tier1-run1,lucario,alakazam,alakazam,-1,1,12,3,5,3,6,OTHER,
tier1,2026-07-03T17:57:18,tier1-run1,lucario,alakazam,alakazam,-1,1,16,4,5,3,6,OTHER,
tier1,2026-07-03T17:57:18,tier1-run1,lucario,alakazam,alakazam,-1,1,10,1,4,7,4,OTHER,
tier1,2026-07-03T17:57:18,tier1-run1,lucario,alakazam,alakazam,-1,1,12,3,3,3,6,OTHER,
tier1,2026-07-03T17:57:18,tier1-run1,lucario,alakazam,alakazam,-1,1,12,1,5,5,4,OTHER,
tier1,2026-07-03T17:57:18,tier1-run1,lucario,alakazam,alakazam,-1,1,12,5,4,3,4,OTHER,
tier1,2026-07-03T17:57:18,tier1-run1,lucario,alakazam,alakazam,-1,1,18,1,5,13,8,OTHER,
tier1,2026-07-03T17:57:18,tier1-run1,lucario,alakazam,alakazam,-1,1,14,4,3,3,6,OTHER,
tier1,2026-07-03T17:57:18,tier1-run1,lucario,alakazam,alakazam,-1,1,8,0,1,3,6,NO_POKEMON_IN_PLAY,
tier1,2026-07-03T17:57:18,tier1-run1,lucario,alakazam,alakazam,-1,1,14,1,5,5,6,OTHER,
tier1,2026-07-03T17:57:18,tier1-run1,lucario,alakazam,alakazam,-1,1,16,1,5,3,6,OTHER,
tier1,2026-07-03T17:57:18,tier1-run1,lucario,alakazam,alakazam,-1,1,12,1,3,3,6,OTHER,
tier1,2026-07-03T17:57:18,tier1-run1,lucario,alakazam,alakazam,-1,1,12,1,3,3,4,OTHER,
tier1,2026-07-03T17:57:18,tier1-run1,lucario,alakazam,alakazam,-1,1,20,3,5,3,10,OTHER,
tier1,2026-07-03T17:57:18,tier1-run1,lucario,alakazam,alakazam,-1,1,16,3,5,3,6,OTHER,
tier1,2026-07-03T17:57:18,tier1-run1,lucario,alakazam,alakazam,-1,1,12,2,5,3,4,OTHER,
tier1,2026-07-03T17:57:18,tier1-run1,lucario,alakazam,alakazam,-1,1,12,4,3,3,6,OTHER,
tier1,2026-07-03T17:57:18,tier1-run1,lucario,alakazam,alakazam,-1,1,12,1,5,9,4,OTHER,
tier1,2026-07-03T17:57:18,tier1-run1,lucario,alakazam,alakazam,-1,1,18,1,5,5,12,OTHER,
tier1,2026-07-03T17:57:18,tier1-run1,lucario,alakazam,alakazam,-1,1,14,1,5,3,4,OTHER,
tier1,2026-07-03T17:57:18,tier1-run1,lucario,alakazam,alakazam,-1,1,14,3,5,3,6,OTHER,
tier1,2026-07-03T17:57:18,tier1-run1,lucario,alakazam,alakazam,-1,1,16,0,5,7,6,NO_POKEMON_IN_PLAY,
tier1,2026-07-03T17:57:18,tier1-run1,lucario,alakazam,alakazam,-1,1,12,3,3,3,6,OTHER,
tier1,2026-07-03T17:57:18,tier1-run1,lucario,alakazam,alakazam,-1,1,10,0,4,7,6,DECK_OUT,
tier1,2026-07-03T17:57:18,tier1-run1,lucario,alakazam,alakazam,-1,1,12,0,3,,6,OTHER,
tier1,2026-07-03T17:57:18,tier1-run1,lucario,alakazam,alakazam,-1,1,12,3,5,3,6,OTHER,
tier1,2026-07-03T17:57:18,tier1-run1,lucario,alakazam,alakazam,-1,1,14,3,5,3,8,OTHER,
tier1,2026-07-03T17:57:18,tier1-run1,lucario,alakazam,alakazam,-1,1,12,1,5,5,4,NO_POKEMON_IN_PLAY,
tier1,2026-07-03T17:57:18,tier1-run1,lucario,alakazam,alakazam,-1,1,20,0,5,5,4,OTHER,
tier1,2026-07-03T17:57:18,tier1-run1,lucario,alakazam,alakazam,-1,1,12,1,5,3,6,OTHER,
tier1,2026-07-03T17:57:18,tier1-run1,lucario,alakazam,alakazam,-1,1,12,1,4,7,4,DECK_OUT,
tier1,2026-07-03T17:57:18,tier1-run1,lucario,alakazam,alakazam,-1,1,14,1,5,5,6,OTHER,
tier1,2026-07-03T17:57:18,tier1-run1,lucario,alakazam,alakazam,-1,1,14,1,5,3,6,OTHER,
tier1,2026-07-03T17:57:18,tier1-run1,lucario,alakazam,alakazam,-1,1,12,1,2,7,8,DECK_OUT,
tier1,2026-07-03T17:57:18,tier1-run1,lucario,alakazam,alakazam,-1,1,14,1,3,3,6,DECK_OUT,
tier1,2026-07-03T17:57:18,tier1-run1,lucario,alakazam,alakazam,-1,1,14,2,5,3,6,OTHER,
tier1,2026-07-03T17:57:18,tier1-run1,lucario,alakazam,alakazam,-1,1,18,2,4,3,10,OTHER,
tier1,2026-07-03T17:57:18,tier1-run1,lucario,alakazam,alakazam,-1,1,8,0,1,3,6,NO_POKEMON_IN_PLAY,
tier1,2026-07-03T17:57:18,tier1-run1,lucario,alakazam,alakazam,-1,1,24,0,5,5,18,OTHER,
tier1,2026-07-03T17:57:18,tier1-run1,lucario,alakazam,alakazam,-1,1,12,2,3,5,6,DECK_OUT,
tier1,2026-07-03T17:57:18,tier1-run1,lucario,alakazam,alakazam,-1,1,12,3,5,5,6,OTHER,
tier1,2026-07-03T17:57:18,tier1-run1,lucario,alakazam,alakazam,-1,1,12,0,4,,4,OTHER,
tier1,2026-07-03T17:57:18,tier1-run1,lucario,alakazam,alakazam,-1,1,14,3,5,3,6,OTHER,
tier1,2026-07-03T17:57:18,tier1-run1,lucario,alakazam,alakazam,-1,1,20,1,5,9,10,OTHER,
tier1,2026-07-03T17:57:18,tier1-run1,lucario,alakazam,alakazam,-1,1,12,1,5,3,4,OTHER,
tier1,2026-07-03T17:57:18,tier1-run1,lucario,alakazam,alakazam,-1,1,18,0,5,3,8,OTHER,
tier1,2026-07-03T17:57:18,tier1-run1,lucario,alakazam,alakazam,-1,1,14,4,5,3,6,DECK_OUT,
tier1,2026-07-03T17:57:18,tier1-run1,lucario,alakazam,alakazam,-1,1,14,2,4,3,4,DECK_OUT,
tier1,2026-07-03T17:57:18,tier1-run1,lucario,alakazam,alakazam,-1,1,14,4,5,3,6,OTHER,
tier1,2026-07-03T17:57:18,tier1-run1,lucario,alakazam,alakazam,-1,1,12,2,5,5,6,DECK_OUT,
tier1,2026-07-03T17:57:18,tier1-run1,lucario,alakazam,alakazam,-1,1,10,2,4,3,4,OTHER,
tier1,2026-07-03T17:57:18,tier1-run1,lucario,alakazam,alakazam,-1,1,14,4,3,3,4,OTHER,
tier1,2026-07-03T17:57:18,tier1-run1,lucario,alakazam,alakazam,-1,1,10,0,2,3,6,NO_POKEMON_IN_PLAY,
tier1,2026-07-03T17:57:18,tier1-run1,lucario,alakazam,alakazam,-1,1,12,4,3,3,6,OTHER,
tier1,2026-07-03T17:57:35,tier1-run1,alakazam,abomasnow,alakazam,1,-1,11,1,1,9,2,OTHER,
tier1,2026-07-03T17:57:35,tier1-run1,alakazam,abomasnow,alakazam,1,-1,7,1,0,5,4,OTHER,
tier1,2026-07-03T17:57:35,tier1-run1,alakazam,abomasnow,alakazam,1,-1,7,1,0,5,2,OTHER,
tier1,2026-07-03T17:57:35,tier1-run1,alakazam,abomasnow,alakazam,1,-1,7,0,1,5,2,OTHER,
tier1,2026-07-03T17:57:35,tier1-run1,alakazam,abomasnow,alakazam,1,-1,11,4,0,3,10,OTHER,
tier1,2026-07-03T17:57:35,tier1-run1,alakazam,abomasnow,alakazam,1,-1,9,3,2,5,2,OTHER,
tier1,2026-07-03T17:57:35,tier1-run1,alakazam,abomasnow,alakazam,1,-1,9,1,0,5,2,OTHER,
tier1,2026-07-03T17:57:35,tier1-run1,alakazam,abomasnow,alakazam,1,-1,13,3,1,5,2,OTHER,
tier1,2026-07-03T17:57:35,tier1-run1,alakazam,abomasnow,alakazam,1,-1,9,3,0,3,8,OTHER,
tier1,2026-07-03T17:57:35,tier1-run1,alakazam,abomasnow,alakazam,1,-1,7,2,0,3,2,OTHER,
tier1,2026-07-03T17:57:35,tier1-run1,alakazam,abomasnow,alakazam,1,-1,7,1,1,5,4,OTHER,
tier1,2026-07-03T17:57:35,tier1-run1,alakazam,abomasnow,alakazam,1,-1,13,5,3,5,2,OTHER,
tier1,2026-07-03T17:57:35,tier1-run1,alakazam,abomasnow,alakazam,1,-1,11,5,2,5,2,OTHER,
tier1,2026-07-03T17:57:35,tier1-run1,alakazam,abomasnow,alakazam,1,-1,7,1,2,5,2,OTHER,
tier1,2026-07-03T17:57:35,tier1-run1,alakazam,abomasnow,alakazam,1,-1,13,2,2,5,2,OTHER,
tier1,2026-07-03T17:57:35,tier1-run1,alakazam,abomasnow,alakazam,1,-1,5,0,0,5,2,OTHER,
tier1,2026-07-03T17:57:35,tier1-run1,alakazam,abomasnow,alakazam,1,-1,11,2,2,3,6,OTHER,
tier1,2026-07-03T17:57:35,tier1-run1,alakazam,abomasnow,alakazam,1,-1,5,1,0,3,4,OTHER,
tier1,2026-07-03T17:57:35,tier1-run1,alakazam,abomasnow,alakazam,1,-1,13,5,1,5,4,OTHER,
tier1,2026-07-03T17:57:35,tier1-run1,alakazam,abomasnow,alakazam,1,-1,13,5,4,3,2,OTHER,
tier1,2026-07-03T17:57:35,tier1-run1,alakazam,abomasnow,alakazam,1,-1,19,4,2,13,6,OTHER,
tier1,2026-07-03T17:57:35,tier1-run1,alakazam,abomasnow,alakazam,1,-1,5,1,0,3,2,OTHER,
tier1,2026-07-03T17:57:35,tier1-run1,alakazam,abomasnow,alakazam,1,-1,7,1,0,5,4,OTHER,
tier1,2026-07-03T17:57:35,tier1-run1,alakazam,abomasnow,alakazam,1,-1,7,1,0,5,2,OTHER,
tier1,2026-07-03T17:57:35,tier1-run1,alakazam,abomasnow,alakazam,1,-1,19,3,1,11,2,OTHER,
tier1,2026-07-03T17:57:35,tier1-run1,alakazam,abomasnow,alakazam,1,-1,7,1,0,5,4,OTHER,
tier1,2026-07-03T17:57:35,tier1-run1,alakazam,abomasnow,alakazam,1,-1,11,5,1,3,2,OTHER,
tier1,2026-07-03T17:57:35,tier1-run1,alakazam,abomasnow,alakazam,1,-1,9,1,2,5,2,OTHER,
tier1,2026-07-03T17:57:35,tier1-run1,alakazam,abomasnow,alakazam,1,-1,17,3,2,7,2,OTHER,
tier1,2026-07-03T17:57:35,tier1-run1,alakazam,abomasnow,alakazam,1,-1,13,3,1,7,4,OTHER,
tier1,2026-07-03T17:57:35,tier1-run1,alakazam,abomasnow,alakazam,1,-1,13,3,2,7,2,OTHER,
tier1,2026-07-03T17:57:35,tier1-run1,alakazam,abomasnow,alakazam,1,-1,3,0,0,3,2,OTHER,
tier1,2026-07-03T17:57:35,tier1-run1,alakazam,abomasnow,alakazam,1,-1,21,4,2,13,2,OTHER,
tier1,2026-07-03T17:57:35,tier1-run1,alakazam,abomasnow,alakazam,1,-1,13,3,2,5,2,OTHER,
tier1,2026-07-03T17:57:35,tier1-run1,alakazam,abomasnow,alakazam,1,-1,15,4,2,7,4,OTHER,
tier1,2026-07-03T17:57:35,tier1-run1,alakazam,abomasnow,alakazam,1,-1,27,5,1,21,4,OTHER,
tier1,2026-07-03T17:57:35,tier1-run1,alakazam,abomasnow,alakazam,1,-1,19,3,1,11,4,OTHER,
tier1,2026-07-03T17:57:35,tier1-run1,alakazam,abomasnow,alakazam,1,-1,15,3,2,5,2,OTHER,
tier1,2026-07-03T17:57:35,tier1-run1,alakazam,abomasnow,alakazam,1,-1,3,0,0,3,2,OTHER,
tier1,2026-07-03T17:57:35,tier1-run1,alakazam,abomasnow,alakazam,1,-1,13,3,0,5,2,OTHER,
tier1,2026-07-03T17:57:35,tier1-run1,alakazam,abomasnow,alakazam,1,-1,11,2,1,3,2,OTHER,
tier1,2026-07-03T17:57:35,tier1-run1,alakazam,abomasnow,alakazam,1,-1,13,3,1,7,2,OTHER,
tier1,2026-07-03T17:57:35,tier1-run1,alakazam,abomasnow,alakazam,1,-1,31,5,2,25,4,OTHER,
tier1,2026-07-03T17:57:35,tier1-run1,alakazam,abomasnow,alakazam,1,-1,11,3,0,3,2,OTHER,
tier1,2026-07-03T17:57:35,tier1-run1,alakazam,abomasnow,alakazam,1,-1,11,4,1,5,6,OTHER,
tier1,2026-07-03T17:57:35,tier1-run1,alakazam,abomasnow,alakazam,1,-1,11,4,1,5,2,OTHER,
tier1,2026-07-03T17:57:35,tier1-run1,alakazam,abomasnow,alakazam,1,-1,7,1,1,5,2,OTHER,
tier1,2026-07-03T17:57:35,tier1-run1,alakazam,abomasnow,alakazam,1,-1,13,5,2,7,2,OTHER,
tier1,2026-07-03T17:57:35,tier1-run1,alakazam,abomasnow,alakazam,1,-1,17,4,4,9,2,DECK_OUT,
tier1,2026-07-03T17:57:35,tier1-run1,alakazam,abomasnow,alakazam,1,-1,15,5,2,9,6,OTHER,
tier1,2026-07-03T17:57:35,tier1-run1,alakazam,abomasnow,alakazam,1,-1,9,3,0,3,2,OTHER,
tier1,2026-07-03T17:57:35,tier1-run1,alakazam,abomasnow,alakazam,1,-1,9,4,1,3,2,OTHER,
tier1,2026-07-03T17:57:35,tier1-run1,alakazam,abomasnow,alakazam,1,-1,13,5,1,5,6,OTHER,
tier1,2026-07-03T17:57:35,tier1-run1,alakazam,abomasnow,alakazam,1,-1,9,2,0,3,6,OTHER,
tier1,2026-07-03T17:57:35,tier1-run1,alakazam,abomasnow,alakazam,1,-1,17,2,0,11,2,DECK_OUT,
tier1,2026-07-03T17:57:35,tier1-run1,alakazam,abomasnow,alakazam,1,-1,17,5,3,7,2,DECK_OUT,
tier1,2026-07-03T17:57:35,tier1-run1,alakazam,abomasnow,alakazam,1,-1,13,4,0,5,4,OTHER,
tier1,2026-07-03T17:57:35,tier1-run1,alakazam,abomasnow,alakazam,1,-1,5,1,0,3,2,OTHER,
tier1,2026-07-03T17:57:35,tier1-run1,alakazam,abomasnow,alakazam,1,-1,7,1,0,5,2,OTHER,
tier1,2026-07-03T17:57:35,tier1-run1,alakazam,abomasnow,alakazam,1,-1,3,0,0,3,2,OTHER,
tier1,2026-07-03T17:57:35,tier1-run1,alakazam,abomasnow,alakazam,1,-1,11,5,1,3,2,OTHER,
tier1,2026-07-03T17:57:35,tier1-run1,alakazam,abomasnow,alakazam,1,-1,9,4,2,5,2,OTHER,
tier1,2026-07-03T17:57:35,tier1-run1,alakazam,abomasnow,alakazam,1,-1,5,0,0,5,2,OTHER,
tier1,2026-07-03T17:57:35,tier1-run1,alakazam,abomasnow,alakazam,1,-1,5,1,0,3,2,OTHER,
tier1,2026-07-03T17:57:35,tier1-run1,alakazam,abomasnow,alakazam,1,-1,13,4,0,5,4,OTHER,
tier1,2026-07-03T17:57:35,tier1-run1,alakazam,abomasnow,alakazam,1,-1,11,4,1,3,2,OTHER,
tier1,2026-07-03T17:57:35,tier1-run1,alakazam,abomasnow,alakazam,1,-1,11,3,0,5,2,OTHER,
tier1,2026-07-03T17:57:35,tier1-run1,alakazam,abomasnow,alakazam,1,-1,3,0,0,3,2,OTHER,
tier1,2026-07-03T17:57:35,tier1-run1,alakazam,abomasnow,alakazam,1,-1,11,4,2,5,6,OTHER,
tier1,2026-07-03T17:57:35,tier1-run1,alakazam,abomasnow,alakazam,1,-1,9,3,2,5,2,OTHER,
tier1,2026-07-03T17:57:35,tier1-run1,alakazam,abomasnow,alakazam,1,-1,3,0,0,3,2,OTHER,
tier1,2026-07-03T17:57:35,tier1-run1,alakazam,abomasnow,abomasnow,-1,1,2,0,0,,2,NO_POKEMON_IN_PLAY,
tier1,2026-07-03T17:57:35,tier1-run1,alakazam,abomasnow,alakazam,1,-1,13,3,0,5,2,OTHER,
tier1,2026-07-03T17:57:35,tier1-run1,alakazam,abomasnow,alakazam,1,-1,9,2,1,3,6,OTHER,
tier1,2026-07-03T17:57:35,tier1-run1,alakazam,abomasnow,alakazam,1,-1,7,1,0,5,2,OTHER,
tier1,2026-07-03T17:57:35,tier1-run1,alakazam,abomasnow,alakazam,1,-1,11,4,0,3,10,OTHER,
tier1,2026-07-03T17:57:35,tier1-run1,alakazam,abomasnow,alakazam,1,-1,3,0,0,3,2,OTHER,
tier1,2026-07-03T17:57:35,tier1-run1,alakazam,abomasnow,alakazam,1,-1,11,4,0,5,2,OTHER,
tier1,2026-07-03T17:57:35,tier1-run1,alakazam,abomasnow,abomasnow,-1,1,16,3,5,5,2,DECK_OUT,
tier1,2026-07-03T17:57:35,tier1-run1,alakazam,abomasnow,alakazam,1,-1,5,1,0,3,4,OTHER,
tier1,2026-07-03T17:57:35,tier1-run1,alakazam,abomasnow,abomasnow,-1,1,12,0,2,,2,NO_POKEMON_IN_PLAY,
tier1,2026-07-03T17:57:35,tier1-run1,alakazam,abomasnow,abomasnow,-1,1,26,5,5,5,6,DECK_OUT,
tier1,2026-07-03T17:57:35,tier1-run1,alakazam,abomasnow,abomasnow,-1,1,18,2,5,5,2,OTHER,
tier1,2026-07-03T17:57:35,tier1-run1,alakazam,abomasnow,alakazam,1,-1,17,3,3,5,2,OTHER,
tier1,2026-07-03T17:57:35,tier1-run1,alakazam,abomasnow,alakazam,1,-1,9,1,0,5,2,OTHER,
tier1,2026-07-03T17:57:35,tier1-run1,alakazam,abomasnow,alakazam,1,-1,9,4,1,3,2,OTHER,
tier1,2026-07-03T17:57:35,tier1-run1,alakazam,abomasnow,alakazam,1,-1,9,2,1,3,4,OTHER,
tier1,2026-07-03T17:57:35,tier1-run1,alakazam,abomasnow,alakazam,1,-1,9,3,0,3,8,OTHER,
tier1,2026-07-03T17:57:35,tier1-run1,alakazam,abomasnow,alakazam,1,-1,9,1,0,7,2,OTHER,
tier1,2026-07-03T17:57:35,tier1-run1,alakazam,abomasnow,alakazam,1,-1,5,0,0,5,2,OTHER,
tier1,2026-07-03T17:57:35,tier1-run1,alakazam,abomasnow,alakazam,1,-1,7,1,1,3,2,OTHER,
tier1,2026-07-03T17:57:35,tier1-run1,alakazam,abomasnow,alakazam,1,-1,11,4,3,5,2,OTHER,
tier1,2026-07-03T17:57:35,tier1-run1,alakazam,abomasnow,alakazam,1,-1,11,0,0,11,2,OTHER,
tier1,2026-07-03T17:57:35,tier1-run1,alakazam,abomasnow,alakazam,1,-1,5,0,0,5,2,OTHER,
tier1,2026-07-03T17:57:35,tier1-run1,alakazam,abomasnow,alakazam,1,-1,7,2,0,3,2,OTHER,
tier1,2026-07-03T17:57:35,tier1-run1,alakazam,abomasnow,alakazam,1,-1,11,4,2,5,2,OTHER,
tier1,2026-07-03T17:57:35,tier1-run1,alakazam,abomasnow,alakazam,1,-1,9,1,0,5,2,OTHER,
tier1,2026-07-03T17:57:35,tier1-run1,alakazam,abomasnow,alakazam,1,-1,9,2,1,3,4,OTHER,
tier1,2026-07-03T17:57:35,tier1-run1,alakazam,abomasnow,alakazam,1,-1,13,3,0,7,2,OTHER,
tier1,2026-07-03T17:57:35,tier1-run1,alakazam,abomasnow,alakazam,1,-1,5,1,0,3,4,OTHER,
tier1,2026-07-03T17:57:35,tier1-run1,abomasnow,alakazam,alakazam,-1,1,14,4,4,3,6,OTHER,
tier1,2026-07-03T17:57:35,tier1-run1,abomasnow,alakazam,alakazam,-1,1,14,2,3,5,4,OTHER,
tier1,2026-07-03T17:57:35,tier1-run1,abomasnow,alakazam,alakazam,-1,1,4,0,0,3,4,NO_POKEMON_IN_PLAY,
tier1,2026-07-03T17:57:35,tier1-run1,abomasnow,alakazam,alakazam,-1,1,16,5,0,3,6,DECK_OUT,
tier1,2026-07-03T17:57:35,tier1-run1,abomasnow,alakazam,abomasnow,1,-1,17,5,2,3,8,DECK_OUT,
tier1,2026-07-03T17:57:35,tier1-run1,abomasnow,alakazam,alakazam,-1,1,12,3,4,3,6,OTHER,
tier1,2026-07-03T17:57:35,tier1-run1,abomasnow,alakazam,alakazam,-1,1,12,2,4,3,6,OTHER,
tier1,2026-07-03T17:57:35,tier1-run1,abomasnow,alakazam,alakazam,-1,1,14,4,2,3,6,NO_POKEMON_IN_PLAY,
tier1,2026-07-03T17:57:35,tier1-run1,abomasnow,alakazam,alakazam,-1,1,14,2,5,5,6,NO_POKEMON_IN_PLAY,
tier1,2026-07-03T17:57:35,tier1-run1,abomasnow,alakazam,alakazam,-1,1,10,2,3,5,6,NO_POKEMON_IN_PLAY,
tier1,2026-07-03T17:57:35,tier1-run1,abomasnow,alakazam,alakazam,-1,1,16,5,2,3,6,DECK_OUT,
tier1,2026-07-03T17:57:35,tier1-run1,abomasnow,alakazam,alakazam,-1,1,10,2,0,5,4,DECK_OUT,
tier1,2026-07-03T17:57:35,tier1-run1,abomasnow,alakazam,alakazam,-1,1,26,1,5,3,20,OTHER,
tier1,2026-07-03T17:57:35,tier1-run1,abomasnow,alakazam,alakazam,-1,1,12,1,3,5,6,NO_POKEMON_IN_PLAY,
tier1,2026-07-03T17:57:35,tier1-run1,abomasnow,alakazam,alakazam,-1,1,10,2,2,3,6,NO_POKEMON_IN_PLAY,
tier1,2026-07-03T17:57:35,tier1-run1,abomasnow,alakazam,alakazam,-1,1,10,3,3,3,6,OTHER,
tier1,2026-07-03T17:57:35,tier1-run1,abomasnow,alakazam,alakazam,-1,1,14,3,5,7,4,NO_POKEMON_IN_PLAY,
tier1,2026-07-03T17:57:35,tier1-run1,abomasnow,alakazam,abomasnow,1,-1,21,5,5,3,10,OTHER,
tier1,2026-07-03T17:57:35,tier1-run1,abomasnow,alakazam,abomasnow,1,-1,13,4,0,5,6,OTHER,
tier1,2026-07-03T17:57:35,tier1-run1,abomasnow,alakazam,alakazam,-1,1,18,4,4,3,10,DECK_OUT,
tier1,2026-07-03T17:57:35,tier1-run1,abomasnow,alakazam,alakazam,-1,1,14,3,5,3,8,NO_POKEMON_IN_PLAY,
tier1,2026-07-03T17:57:35,tier1-run1,abomasnow,alakazam,alakazam,-1,1,16,3,1,7,12,DECK_OUT,
tier1,2026-07-03T17:57:35,tier1-run1,abomasnow,alakazam,alakazam,-1,1,6,0,1,3,4,NO_POKEMON_IN_PLAY,
tier1,2026-07-03T17:57:35,tier1-run1,abomasnow,alakazam,alakazam,-1,1,8,0,1,3,6,NO_POKEMON_IN_PLAY,
tier1,2026-07-03T17:57:35,tier1-run1,abomasnow,alakazam,alakazam,-1,1,12,2,3,3,4,OTHER,
tier1,2026-07-03T17:57:35,tier1-run1,abomasnow,alakazam,alakazam,-1,1,20,2,1,3,18,NO_POKEMON_IN_PLAY,
tier1,2026-07-03T17:57:35,tier1-run1,abomasnow,alakazam,alakazam,-1,1,14,1,3,5,6,OTHER,
tier1,2026-07-03T17:57:35,tier1-run1,abomasnow,alakazam,alakazam,-1,1,16,2,0,3,,DECK_OUT,
tier1,2026-07-03T17:57:35,tier1-run1,abomasnow,alakazam,alakazam,-1,1,8,0,1,3,6,NO_POKEMON_IN_PLAY,
tier1,2026-07-03T17:57:35,tier1-run1,abomasnow,alakazam,alakazam,-1,1,20,4,4,5,12,OTHER,
tier1,2026-07-03T17:57:35,tier1-run1,abomasnow,alakazam,alakazam,-1,1,12,1,3,5,6,NO_POKEMON_IN_PLAY,
tier1,2026-07-03T17:57:35,tier1-run1,abomasnow,alakazam,alakazam,-1,1,16,2,4,5,6,NO_POKEMON_IN_PLAY,
tier1,2026-07-03T17:57:35,tier1-run1,abomasnow,alakazam,alakazam,-1,1,8,1,1,3,4,NO_POKEMON_IN_PLAY,
tier1,2026-07-03T17:57:35,tier1-run1,abomasnow,alakazam,alakazam,-1,1,12,3,2,5,4,DECK_OUT,
tier1,2026-07-03T17:57:35,tier1-run1,abomasnow,alakazam,alakazam,-1,1,10,0,3,3,4,NO_POKEMON_IN_PLAY,
tier1,2026-07-03T17:57:35,tier1-run1,abomasnow,alakazam,alakazam,-1,1,12,4,4,3,8,NO_POKEMON_IN_PLAY,
tier1,2026-07-03T17:57:35,tier1-run1,abomasnow,alakazam,alakazam,-1,1,14,2,5,5,6,OTHER,
tier1,2026-07-03T17:57:35,tier1-run1,abomasnow,alakazam,alakazam,-1,1,14,1,3,3,8,NO_POKEMON_IN_PLAY,
tier1,2026-07-03T17:57:35,tier1-run1,abomasnow,alakazam,alakazam,-1,1,16,3,5,5,6,OTHER,
tier1,2026-07-03T17:57:35,tier1-run1,abomasnow,alakazam,alakazam,-1,1,10,4,0,3,6,NO_POKEMON_IN_PLAY,
tier1,2026-07-03T17:57:35,tier1-run1,abomasnow,alakazam,alakazam,-1,1,8,1,3,5,6,OTHER,
tier1,2026-07-03T17:57:35,tier1-run1,abomasnow,alakazam,alakazam,-1,1,14,5,1,3,12,DECK_OUT,
tier1,2026-07-03T17:57:35,tier1-run1,abomasnow,alakazam,alakazam,-1,1,10,1,3,9,4,NO_POKEMON_IN_PLAY,
tier1,2026-07-03T17:57:35,tier1-run1,abomasnow,alakazam,alakazam,-1,1,18,5,5,3,4,DECK_OUT,
tier1,2026-07-03T17:57:35,tier1-run1,abomasnow,alakazam,alakazam,-1,1,10,3,3,3,4,OTHER,
tier1,2026-07-03T17:57:35,tier1-run1,abomasnow,alakazam,alakazam,-1,1,10,3,1,3,6,NO_POKEMON_IN_PLAY,
tier1,2026-07-03T17:57:35,tier1-run1,abomasnow,alakazam,alakazam,-1,1,8,0,1,5,6,NO_POKEMON_IN_PLAY,
tier1,2026-07-03T17:57:35,tier1-run1,abomasnow,alakazam,abomasnow,1,-1,15,5,2,3,8,OTHER,
tier1,2026-07-03T17:57:35,tier1-run1,abomasnow,alakazam,alakazam,-1,1,12,1,3,3,4,OTHER,
tier1,2026-07-03T17:57:35,tier1-run1,abomasnow,alakazam,alakazam,-1,1,6,1,0,3,4,NO_POKEMON_IN_PLAY,
tier1,2026-07-03T17:57:35,tier1-run1,abomasnow,alakazam,alakazam,-1,1,6,0,1,3,4,NO_POKEMON_IN_PLAY,
tier1,2026-07-03T17:57:35,tier1-run1,abomasnow,alakazam,alakazam,-1,1,12,0,5,3,6,OTHER,
tier1,2026-07-03T17:57:35,tier1-run1,abomasnow,alakazam,alakazam,-1,1,8,0,2,3,4,NO_POKEMON_IN_PLAY,
tier1,2026-07-03T17:57:35,tier1-run1,abomasnow,alakazam,alakazam,-1,1,8,2,0,3,6,NO_POKEMON_IN_PLAY,
tier1,2026-07-03T17:57:35,tier1-run1,abomasnow,alakazam,alakazam,-1,1,14,1,3,3,8,OTHER,
tier1,2026-07-03T17:57:35,tier1-run1,abomasnow,alakazam,alakazam,-1,1,14,5,1,3,8,DECK_OUT,
tier1,2026-07-03T17:57:35,tier1-run1,abomasnow,alakazam,alakazam,-1,1,14,3,5,3,6,NO_POKEMON_IN_PLAY,
tier1,2026-07-03T17:57:35,tier1-run1,abomasnow,alakazam,alakazam,-1,1,8,0,2,3,4,NO_POKEMON_IN_PLAY,
tier1,2026-07-03T17:57:35,tier1-run1,abomasnow,alakazam,alakazam,-1,1,16,2,5,3,6,NO_POKEMON_IN_PLAY,
tier1,2026-07-03T17:57:35,tier1-run1,abomasnow,alakazam,alakazam,-1,1,10,3,3,3,6,NO_POKEMON_IN_PLAY,
tier1,2026-07-03T17:57:35,tier1-run1,abomasnow,alakazam,alakazam,-1,1,10,1,2,3,4,NO_POKEMON_IN_PLAY,
tier1,2026-07-03T17:57:35,tier1-run1,abomasnow,alakazam,alakazam,-1,1,14,1,5,3,6,OTHER,
tier1,2026-07-03T17:57:35,tier1-run1,abomasnow,alakazam,alakazam,-1,1,12,5,3,3,4,OTHER,
tier1,2026-07-03T17:57:35,tier1-run1,abomasnow,alakazam,alakazam,-1,1,14,5,5,3,4,NO_POKEMON_IN_PLAY,
tier1,2026-07-03T17:57:35,tier1-run1,abomasnow,alakazam,alakazam,-1,1,12,2,0,3,10,NO_POKEMON_IN_PLAY,
tier1,2026-07-03T17:57:35,tier1-run1,abomasnow,alakazam,alakazam,-1,1,16,0,4,,4,OTHER,
tier1,2026-07-03T17:57:35,tier1-run1,abomasnow,alakazam,alakazam,-1,1,16,3,5,5,6,OTHER,
tier1,2026-07-03T17:57:35,tier1-run1,abomasnow,alakazam,alakazam,-1,1,14,2,4,7,4,NO_POKEMON_IN_PLAY,
tier1,2026-07-03T17:57:35,tier1-run1,abomasnow,alakazam,alakazam,-1,1,10,3,0,3,6,DECK_OUT,
tier1,2026-07-03T17:57:35,tier1-run1,abomasnow,alakazam,alakazam,-1,1,8,0,2,3,4,NO_POKEMON_IN_PLAY,
tier1,2026-07-03T17:57:35,tier1-run1,abomasnow,alakazam,alakazam,-1,1,6,0,0,3,4,NO_POKEMON_IN_PLAY,
tier1,2026-07-03T17:57:35,tier1-run1,abomasnow,alakazam,abomasnow,1,-1,23,5,4,5,6,DECK_OUT,
tier1,2026-07-03T17:57:35,tier1-run1,abomasnow,alakazam,alakazam,-1,1,22,2,5,3,14,OTHER,
tier1,2026-07-03T17:57:35,tier1-run1,abomasnow,alakazam,alakazam,-1,1,12,2,2,3,6,NO_POKEMON_IN_PLAY,
tier1,2026-07-03T17:57:35,tier1-run1,abomasnow,alakazam,alakazam,-1,1,12,4,4,3,6,OTHER,
tier1,2026-07-03T17:57:35,tier1-run1,abomasnow,alakazam,alakazam,-1,1,12,2,5,3,4,OTHER,
tier1,2026-07-03T17:57:35,tier1-run1,abomasnow,alakazam,alakazam,-1,1,6,2,0,3,6,NO_POKEMON_IN_PLAY,
tier1,2026-07-03T17:57:35,tier1-run1,abomasnow,alakazam,abomasnow,1,-1,9,1,1,3,6,OTHER,
tier1,2026-07-03T17:57:35,tier1-run1,abomasnow,alakazam,alakazam,-1,1,24,3,4,3,14,NO_POKEMON_IN_PLAY,
tier1,2026-07-03T17:57:35,tier1-run1,abomasnow,alakazam,alakazam,-1,1,14,1,3,5,6,OTHER,
tier1,2026-07-03T17:57:35,tier1-run1,abomasnow,alakazam,alakazam,-1,1,14,4,1,3,6,DECK_OUT,
tier1,2026-07-03T17:57:35,tier1-run1,abomasnow,alakazam,alakazam,-1,1,12,3,2,5,4,NO_POKEMON_IN_PLAY,
tier1,2026-07-03T17:57:35,tier1-run1,abomasnow,alakazam,alakazam,-1,1,14,2,5,3,6,OTHER,
tier1,2026-07-03T17:57:35,tier1-run1,abomasnow,alakazam,alakazam,-1,1,12,2,3,3,4,NO_POKEMON_IN_PLAY,
tier1,2026-07-03T17:57:35,tier1-run1,abomasnow,alakazam,alakazam,-1,1,14,1,5,9,6,OTHER,
tier1,2026-07-03T17:57:35,tier1-run1,abomasnow,alakazam,abomasnow,1,-1,15,5,0,3,4,OTHER,
tier1,2026-07-03T17:57:35,tier1-run1,abomasnow,alakazam,alakazam,-1,1,26,2,4,3,22,NO_POKEMON_IN_PLAY,
tier1,2026-07-03T17:57:35,tier1-run1,abomasnow,alakazam,alakazam,-1,1,12,2,3,9,4,NO_POKEMON_IN_PLAY,
tier1,2026-07-03T17:57:35,tier1-run1,abomasnow,alakazam,alakazam,-1,1,8,2,0,5,6,NO_POKEMON_IN_PLAY,
tier1,2026-07-03T17:57:35,tier1-run1,abomasnow,alakazam,alakazam,-1,1,14,3,4,5,8,NO_POKEMON_IN_PLAY,
tier1,2026-07-03T17:57:35,tier1-run1,abomasnow,alakazam,alakazam,-1,1,14,4,1,5,8,DECK_OUT,
tier1,2026-07-03T17:57:35,tier1-run1,abomasnow,alakazam,alakazam,-1,1,14,4,4,3,4,DECK_OUT,
tier1,2026-07-03T17:57:35,tier1-run1,abomasnow,alakazam,abomasnow,1,-1,5,1,0,3,,OTHER,
tier1,2026-07-03T17:57:35,tier1-run1,abomasnow,alakazam,abomasnow,1,-1,19,4,3,5,10,DECK_OUT,
tier1,2026-07-03T17:57:35,tier1-run1,abomasnow,alakazam,alakazam,-1,1,8,0,0,3,8,NO_POKEMON_IN_PLAY,
tier1,2026-07-03T17:57:35,tier1-run1,abomasnow,alakazam,alakazam,-1,1,14,3,3,3,6,NO_POKEMON_IN_PLAY,
tier1,2026-07-03T17:57:35,tier1-run1,abomasnow,alakazam,alakazam,-1,1,14,1,5,3,8,OTHER,
tier1,2026-07-03T17:57:35,tier1-run1,abomasnow,alakazam,alakazam,-1,1,4,0,0,3,4,NO_POKEMON_IN_PLAY,
tier1,2026-07-03T17:57:35,tier1-run1,abomasnow,alakazam,alakazam,-1,1,14,2,5,3,6,OTHER,
tier1,2026-07-03T17:57:35,tier1-run1,abomasnow,alakazam,alakazam,-1,1,12,0,4,3,4,OTHER,
tier1,2026-07-03T17:57:43,tier1-run1,alakazam,starmie,alakazam,1,-1,3,0,0,3,2,OTHER,
tier1,2026-07-03T17:57:43,tier1-run1,alakazam,starmie,alakazam,1,-1,5,0,0,5,2,OTHER,
tier1,2026-07-03T17:57:43,tier1-run1,alakazam,starmie,alakazam,1,-1,9,1,2,5,2,OTHER,
tier1,2026-07-03T17:57:43,tier1-run1,alakazam,starmie,alakazam,1,-1,7,1,0,5,2,OTHER,
tier1,2026-07-03T17:57:43,tier1-run1,alakazam,starmie,alakazam,1,-1,3,0,0,3,2,OTHER,
tier1,2026-07-03T17:57:43,tier1-run1,alakazam,starmie,alakazam,1,-1,5,0,0,5,2,OTHER,
tier1,2026-07-03T17:57:43,tier1-run1,alakazam,starmie,alakazam,1,-1,11,3,2,7,2,OTHER,
tier1,2026-07-03T17:57:43,tier1-run1,alakazam,starmie,alakazam,1,-1,3,0,0,3,2,OTHER,
tier1,2026-07-03T17:57:43,tier1-run1,alakazam,starmie,alakazam,1,-1,3,0,0,3,2,OTHER,
tier1,2026-07-03T17:57:43,tier1-run1,alakazam,starmie,alakazam,1,-1,5,0,0,5,2,OTHER,
tier1,2026-07-03T17:57:43,tier1-run1,alakazam,starmie,alakazam,1,-1,5,0,0,5,2,OTHER,
tier1,2026-07-03T17:57:43,tier1-run1,alakazam,starmie,alakazam,1,-1,9,0,0,9,2,OTHER,
tier1,2026-07-03T17:57:43,tier1-run1,alakazam,starmie,alakazam,1,-1,3,0,0,3,2,OTHER,
tier1,2026-07-03T17:57:43,tier1-run1,alakazam,starmie,alakazam,1,-1,5,0,0,5,2,OTHER,
tier1,2026-07-03T17:57:43,tier1-run1,alakazam,starmie,alakazam,1,-1,3,0,0,3,2,OTHER,
tier1,2026-07-03T17:57:43,tier1-run1,alakazam,starmie,alakazam,1,-1,3,0,0,3,2,OTHER,
tier1,2026-07-03T17:57:43,tier1-run1,alakazam,starmie,alakazam,1,-1,3,0,0,3,2,OTHER,
tier1,2026-07-03T17:57:43,tier1-run1,alakazam,starmie,alakazam,1,-1,5,0,0,5,2,OTHER,
tier1,2026-07-03T17:57:43,tier1-run1,alakazam,starmie,alakazam,1,-1,5,0,0,5,2,OTHER,
tier1,2026-07-03T17:57:43,tier1-run1,alakazam,starmie,alakazam,1,-1,5,0,0,5,2,OTHER,
tier1,2026-07-03T17:57:43,tier1-run1,alakazam,starmie,alakazam,1,-1,5,0,0,5,2,OTHER,
tier1,2026-07-03T17:57:43,tier1-run1,alakazam,starmie,alakazam,1,-1,5,0,0,5,2,OTHER,
tier1,2026-07-03T17:57:43,tier1-run1,alakazam,starmie,alakazam,1,-1,7,1,0,5,2,OTHER,
tier1,2026-07-03T17:57:43,tier1-run1,alakazam,starmie,alakazam,1,-1,9,0,0,9,2,OTHER,
tier1,2026-07-03T17:57:43,tier1-run1,alakazam,starmie,alakazam,1,-1,5,1,0,3,2,OTHER,
tier1,2026-07-03T17:57:43,tier1-run1,alakazam,starmie,alakazam,1,-1,5,0,0,5,2,OTHER,
tier1,2026-07-03T17:57:43,tier1-run1,alakazam,starmie,alakazam,1,-1,15,3,3,9,2,OTHER,
tier1,2026-07-03T17:57:43,tier1-run1,alakazam,starmie,alakazam,1,-1,9,1,0,7,2,OTHER,
tier1,2026-07-03T17:57:43,tier1-run1,alakazam,starmie,alakazam,1,-1,5,0,0,5,2,OTHER,
tier1,2026-07-03T17:57:43,tier1-run1,alakazam,starmie,alakazam,1,-1,5,0,0,5,2,OTHER,
tier1,2026-07-03T17:57:43,tier1-run1,alakazam,starmie,alakazam,1,-1,5,0,0,5,2,OTHER,
tier1,2026-07-03T17:57:43,tier1-run1,alakazam,starmie,alakazam,1,-1,3,0,0,3,2,OTHER,
tier1,2026-07-03T17:57:43,tier1-run1,alakazam,starmie,alakazam,1,-1,3,0,0,3,2,OTHER,
tier1,2026-07-03T17:57:43,tier1-run1,alakazam,starmie,alakazam,1,-1,5,1,0,3,2,OTHER,
tier1,2026-07-03T17:57:43,tier1-run1,alakazam,starmie,alakazam,1,-1,5,1,0,3,2,OTHER,
tier1,2026-07-03T17:57:43,tier1-run1,alakazam,starmie,alakazam,1,-1,9,0,0,9,2,OTHER,
tier1,2026-07-03T17:57:43,tier1-run1,alakazam,starmie,alakazam,1,-1,5,0,0,5,2,OTHER,
tier1,2026-07-03T17:57:43,tier1-run1,alakazam,starmie,alakazam,1,-1,3,0,0,3,2,OTHER,
tier1,2026-07-03T17:57:43,tier1-run1,alakazam,starmie,alakazam,1,-1,3,0,0,3,2,OTHER,
tier1,2026-07-03T17:57:43,tier1-run1,alakazam,starmie,alakazam,1,-1,3,0,0,3,2,OTHER,
tier1,2026-07-03T17:57:43,tier1-run1,alakazam,starmie,alakazam,1,-1,3,0,0,3,2,OTHER,
tier1,2026-07-03T17:57:43,tier1-run1,alakazam,starmie,alakazam,1,-1,5,0,0,5,2,OTHER,
tier1,2026-07-03T17:57:43,tier1-run1,alakazam,starmie,alakazam,1,-1,11,0,1,11,2,OTHER,
tier1,2026-07-03T17:57:43,tier1-run1,alakazam,starmie,alakazam,1,-1,7,0,0,7,2,OTHER,
tier1,2026-07-03T17:57:43,tier1-run1,alakazam,starmie,alakazam,1,-1,5,0,0,5,2,OTHER,
tier1,2026-07-03T17:57:43,tier1-run1,alakazam,starmie,alakazam,1,-1,9,0,0,9,2,OTHER,
tier1,2026-07-03T17:57:43,tier1-run1,alakazam,starmie,alakazam,1,-1,3,0,0,3,2,OTHER,
tier1,2026-07-03T17:57:43,tier1-run1,alakazam,starmie,alakazam,1,-1,3,0,0,3,2,OTHER,
tier1,2026-07-03T17:57:43,tier1-run1,alakazam,starmie,alakazam,1,-1,11,1,1,9,2,OTHER,
tier1,2026-07-03T17:57:43,tier1-run1,alakazam,starmie,alakazam,1,-1,3,0,0,3,2,OTHER,
tier1,2026-07-03T17:57:43,tier1-run1,alakazam,starmie,alakazam,1,-1,3,0,0,3,2,OTHER,
tier1,2026-07-03T17:57:43,tier1-run1,alakazam,starmie,alakazam,1,-1,9,1,3,3,2,OTHER,
tier1,2026-07-03T17:57:43,tier1-run1,alakazam,starmie,alakazam,1,-1,5,1,0,3,2,OTHER,
tier1,2026-07-03T17:57:43,tier1-run1,alakazam,starmie,alakazam,1,-1,3,0,0,3,2,OTHER,
tier1,2026-07-03T17:57:43,tier1-run1,alakazam,starmie,alakazam,1,,4,0,0,,2,OTHER,
tier1,2026-07-03T17:57:43,tier1-run1,alakazam,starmie,alakazam,1,-1,5,0,0,5,2,OTHER,
tier1,2026-07-03T17:57:43,tier1-run1,alakazam,starmie,alakazam,1,-1,5,0,0,5,2,OTHER,
tier1,2026-07-03T17:57:43,tier1-run1,alakazam,starmie,alakazam,1,-1,5,0,0,5,2,OTHER,
tier1,2026-07-03T17:57:43,tier1-run1,alakazam,starmie,alakazam,1,-1,5,0,0,5,2,OTHER,
tier1,2026-07-03T17:57:43,tier1-run1,alakazam,starmie,alakazam,1,-1,3,0,0,3,2,OTHER,
tier1,2026-07-03T17:57:43,tier1-run1,alakazam,starmie,alakazam,1,-1,5,0,0,5,2,OTHER,
tier1,2026-07-03T17:57:43,tier1-run1,alakazam,starmie,alakazam,1,-1,3,0,0,3,2,OTHER,
tier1,2026-07-03T17:57:43,tier1-run1,alakazam,starmie,alakazam,1,-1,7,1,0,5,2,OTHER,
tier1,2026-07-03T17:57:43,tier1-run1,alakazam,starmie,alakazam,1,-1,3,0,0,3,2,OTHER,
tier1,2026-07-03T17:57:43,tier1-run1,alakazam,starmie,alakazam,1,-1,7,0,0,7,2,OTHER,
tier1,2026-07-03T17:57:43,tier1-run1,alakazam,starmie,alakazam,1,-1,7,0,0,7,2,OTHER,
tier1,2026-07-03T17:57:43,tier1-run1,alakazam,starmie,alakazam,1,-1,5,0,0,5,2,OTHER,
tier1,2026-07-03T17:57:43,tier1-run1,alakazam,starmie,alakazam,1,-1,5,0,0,5,2,OTHER,
tier1,2026-07-03T17:57:43,tier1-run1,alakazam,starmie,alakazam,1,-1,11,3,2,7,2,OTHER,
tier1,2026-07-03T17:57:43,tier1-run1,alakazam,starmie,alakazam,1,-1,3,0,0,3,2,OTHER,
tier1,2026-07-03T17:57:43,tier1-run1,alakazam,starmie,alakazam,1,-1,5,0,0,5,2,OTHER,
tier1,2026-07-03T17:57:43,tier1-run1,alakazam,starmie,alakazam,1,-1,5,1,0,3,2,OTHER,
tier1,2026-07-03T17:57:43,tier1-run1,alakazam,starmie,alakazam,1,-1,7,1,0,5,2,OTHER,
tier1,2026-07-03T17:57:43,tier1-run1,alakazam,starmie,alakazam,1,-1,3,0,0,3,2,OTHER,
tier1,2026-07-03T17:57:43,tier1-run1,alakazam,starmie,alakazam,1,-1,3,0,0,3,2,OTHER,
tier1,2026-07-03T17:57:43,tier1-run1,alakazam,starmie,alakazam,1,-1,3,0,0,3,2,OTHER,
tier1,2026-07-03T17:57:43,tier1-run1,alakazam,starmie,alakazam,1,-1,9,0,0,9,2,OTHER,
tier1,2026-07-03T17:57:43,tier1-run1,alakazam,starmie,alakazam,1,-1,3,0,0,3,2,OTHER,
tier1,2026-07-03T17:57:43,tier1-run1,alakazam,starmie,alakazam,1,-1,5,1,0,3,2,OTHER,
tier1,2026-07-03T17:57:43,tier1-run1,alakazam,starmie,alakazam,1,-1,3,0,0,3,2,OTHER,
tier1,2026-07-03T17:57:43,tier1-run1,alakazam,starmie,alakazam,1,-1,5,0,0,5,2,OTHER,
tier1,2026-07-03T17:57:43,tier1-run1,alakazam,starmie,alakazam,1,-1,5,0,0,5,2,OTHER,
tier1,2026-07-03T17:57:43,tier1-run1,alakazam,starmie,alakazam,1,-1,3,0,0,3,2,OTHER,
tier1,2026-07-03T17:57:43,tier1-run1,alakazam,starmie,alakazam,1,-1,5,0,0,5,2,OTHER,
tier1,2026-07-03T17:57:43,tier1-run1,alakazam,starmie,alakazam,1,-1,3,0,0,3,2,OTHER,
tier1,2026-07-03T17:57:43,tier1-run1,alakazam,starmie,alakazam,1,-1,5,0,0,5,2,OTHER,
tier1,2026-07-03T17:57:43,tier1-run1,alakazam,starmie,alakazam,1,-1,7,0,0,7,2,OTHER,
tier1,2026-07-03T17:57:43,tier1-run1,alakazam,starmie,alakazam,1,-1,11,1,4,3,2,OTHER,
tier1,2026-07-03T17:57:43,tier1-run1,alakazam,starmie,alakazam,1,-1,3,0,0,3,2,OTHER,
tier1,2026-07-03T17:57:43,tier1-run1,alakazam,starmie,alakazam,1,-1,5,0,0,5,2,OTHER,
tier1,2026-07-03T17:57:43,tier1-run1,alakazam,starmie,alakazam,1,-1,5,0,0,5,2,OTHER,
tier1,2026-07-03T17:57:43,tier1-run1,alakazam,starmie,alakazam,1,-1,5,0,0,5,2,OTHER,
tier1,2026-07-03T17:57:43,tier1-run1,alakazam,starmie,alakazam,1,-1,5,0,0,5,2,OTHER,
tier1,2026-07-03T17:57:43,tier1-run1,alakazam,starmie,alakazam,1,-1,5,0,0,5,2,OTHER,
tier1,2026-07-03T17:57:43,tier1-run1,alakazam,starmie,alakazam,1,-1,11,1,1,9,2,OTHER,
tier1,2026-07-03T17:57:43,tier1-run1,alakazam,starmie,alakazam,1,-1,3,0,0,3,2,OTHER,
tier1,2026-07-03T17:57:43,tier1-run1,alakazam,starmie,alakazam,1,-1,3,0,0,3,2,OTHER,
tier1,2026-07-03T17:57:43,tier1-run1,alakazam,starmie,alakazam,1,-1,9,0,0,9,2,OTHER,
tier1,2026-07-03T17:57:43,tier1-run1,alakazam,starmie,alakazam,1,-1,5,0,0,5,2,OTHER,
tier1,2026-07-03T17:57:43,tier1-run1,alakazam,starmie,alakazam,1,-1,3,0,0,3,2,OTHER,
tier1,2026-07-03T17:57:43,tier1-run1,starmie,alakazam,alakazam,,1,1,6,6,,,PRIZED_OUT,
tier1,2026-07-03T17:57:43,tier1-run1,starmie,alakazam,alakazam,,1,1,0,0,,,OTHER,
tier1,2026-07-03T17:57:43,tier1-run1,starmie,alakazam,alakazam,,1,1,0,0,,,OTHER,
tier1,2026-07-03T17:57:43,tier1-run1,starmie,alakazam,alakazam,,1,5,1,0,3,,OTHER,
tier1,2026-07-03T17:57:43,tier1-run1,starmie,alakazam,alakazam,,1,1,0,0,,,OTHER,
tier1,2026-07-03T17:57:43,tier1-run1,starmie,alakazam,alakazam,-1,1,8,3,1,3,4,NO_POKEMON_IN_PLAY,
tier1,2026-07-03T17:57:43,tier1-run1,starmie,alakazam,alakazam,,1,1,0,0,,,OTHER,
tier1,2026-07-03T17:57:43,tier1-run1,starmie,alakazam,alakazam,,1,1,6,6,,,PRIZED_OUT,
tier1,2026-07-03T17:57:43,tier1-run1,starmie,alakazam,alakazam,-1,1,10,0,2,3,6,NO_POKEMON_IN_PLAY,
tier1,2026-07-03T17:57:43,tier1-run1,starmie,alakazam,alakazam,-1,1,4,0,0,3,4,NO_POKEMON_IN_PLAY,
tier1,2026-07-03T17:57:43,tier1-run1,starmie,alakazam,alakazam,-1,1,4,0,0,3,4,NO_POKEMON_IN_PLAY,
tier1,2026-07-03T17:57:43,tier1-run1,starmie,alakazam,alakazam,-1,1,8,1,1,3,6,NO_POKEMON_IN_PLAY,
tier1,2026-07-03T17:57:43,tier1-run1,starmie,alakazam,alakazam,-1,1,4,0,0,3,4,NO_POKEMON_IN_PLAY,
tier1,2026-07-03T17:57:43,tier1-run1,starmie,alakazam,alakazam,,1,1,0,0,,,OTHER,
tier1,2026-07-03T17:57:43,tier1-run1,starmie,alakazam,alakazam,,1,1,0,0,,,OTHER,
tier1,2026-07-03T17:57:43,tier1-run1,starmie,alakazam,alakazam,,1,1,0,6,,,PRIZED_OUT,
tier1,2026-07-03T17:57:43,tier1-run1,starmie,alakazam,alakazam,-1,1,6,0,0,3,6,NO_POKEMON_IN_PLAY,
tier1,2026-07-03T17:57:43,tier1-run1,starmie,alakazam,alakazam,,1,1,0,0,,,OTHER,
tier1,2026-07-03T17:57:43,tier1-run1,starmie,alakazam,alakazam,,1,1,0,0,,,OTHER,
tier1,2026-07-03T17:57:43,tier1-run1,starmie,alakazam,alakazam,-1,1,10,1,0,3,10,NO_POKEMON_IN_PLAY,
tier1,2026-07-03T17:57:43,tier1-run1,starmie,alakazam,alakazam,,1,1,0,0,,,OTHER,
tier1,2026-07-03T17:57:43,tier1-run1,starmie,alakazam,alakazam,-1,1,6,0,0,3,6,NO_POKEMON_IN_PLAY,
tier1,2026-07-03T17:57:43,tier1-run1,starmie,alakazam,alakazam,,1,1,0,0,,,OTHER,
tier1,2026-07-03T17:57:43,tier1-run1,starmie,alakazam,alakazam,,1,1,0,0,,,OTHER,
tier1,2026-07-03T17:57:43,tier1-run1,starmie,alakazam,alakazam,,1,1,0,0,,,OTHER,
tier1,2026-07-03T17:57:43,tier1-run1,starmie,alakazam,alakazam,-1,1,6,0,0,3,6,NO_POKEMON_IN_PLAY,
tier1,2026-07-03T17:57:43,tier1-run1,starmie,alakazam,alakazam,-1,1,4,0,0,3,4,NO_POKEMON_IN_PLAY,
tier1,2026-07-03T17:57:43,tier1-run1,starmie,alakazam,alakazam,-1,1,8,2,1,3,6,NO_POKEMON_IN_PLAY,
tier1,2026-07-03T17:57:43,tier1-run1,starmie,alakazam,alakazam,-1,1,10,0,2,3,6,NO_POKEMON_IN_PLAY,
tier1,2026-07-03T17:57:43,tier1-run1,starmie,alakazam,alakazam,-1,1,6,0,0,3,6,NO_POKEMON_IN_PLAY,
tier1,2026-07-03T17:57:43,tier1-run1,starmie,alakazam,alakazam,-1,1,8,0,1,3,6,NO_POKEMON_IN_PLAY,
tier1,2026-07-03T17:57:43,tier1-run1,starmie,alakazam,alakazam,,1,1,0,0,,,OTHER,
tier1,2026-07-03T17:57:43,tier1-run1,starmie,alakazam,alakazam,-1,1,4,0,0,3,4,NO_POKEMON_IN_PLAY,
tier1,2026-07-03T17:57:43,tier1-run1,starmie,alakazam,alakazam,,1,1,0,0,,,OTHER,
tier1,2026-07-03T17:57:43,tier1-run1,starmie,alakazam,alakazam,,1,1,0,0,,,OTHER,
tier1,2026-07-03T17:57:43,tier1-run1,starmie,alakazam,alakazam,,1,1,0,0,,,OTHER,
tier1,2026-07-03T17:57:43,tier1-run1,starmie,alakazam,alakazam,,1,1,0,0,,,OTHER,
tier1,2026-07-03T17:57:43,tier1-run1,starmie,alakazam,alakazam,-1,1,6,0,1,3,4,NO_POKEMON_IN_PLAY,
tier1,2026-07-03T17:57:43,tier1-run1,starmie,alakazam,alakazam,-1,1,14,0,2,3,10,NO_POKEMON_IN_PLAY,
tier1,2026-07-03T17:57:43,tier1-run1,starmie,alakazam,alakazam,-1,1,8,0,0,3,8,NO_POKEMON_IN_PLAY,
tier1,2026-07-03T17:57:43,tier1-run1,starmie,alakazam,alakazam,-1,1,10,3,1,3,4,NO_POKEMON_IN_PLAY,
tier1,2026-07-03T17:57:43,tier1-run1,starmie,alakazam,alakazam,-1,1,16,4,4,3,6,NO_POKEMON_IN_PLAY,
tier1,2026-07-03T17:57:43,tier1-run1,starmie,alakazam,alakazam,-1,1,12,5,3,3,6,NO_POKEMON_IN_PLAY,
tier1,2026-07-03T17:57:43,tier1-run1,starmie,alakazam,alakazam,-1,1,8,0,1,3,6,NO_POKEMON_IN_PLAY,
tier1,2026-07-03T17:57:43,tier1-run1,starmie,alakazam,alakazam,,1,1,0,0,,,OTHER,
tier1,2026-07-03T17:57:43,tier1-run1,starmie,alakazam,alakazam,-1,1,4,0,0,3,4,NO_POKEMON_IN_PLAY,
tier1,2026-07-03T17:57:43,tier1-run1,starmie,alakazam,alakazam,-1,1,8,2,1,3,6,NO_POKEMON_IN_PLAY,
tier1,2026-07-03T17:57:43,tier1-run1,starmie,alakazam,alakazam,-1,1,8,0,1,3,6,NO_POKEMON_IN_PLAY,
tier1,2026-07-03T17:57:43,tier1-run1,starmie,alakazam,alakazam,,1,1,0,0,,,OTHER,
tier1,2026-07-03T17:57:43,tier1-run1,starmie,alakazam,alakazam,-1,1,8,1,1,3,6,NO_POKEMON_IN_PLAY,
tier1,2026-07-03T17:57:43,tier1-run1,starmie,alakazam,alakazam,,1,1,6,6,,,PRIZED_OUT,
tier1,2026-07-03T17:57:43,tier1-run1,starmie,alakazam,alakazam,,1,1,0,0,,,OTHER,
tier1,2026-07-03T17:57:43,tier1-run1,starmie,alakazam,alakazam,,1,1,0,0,,,OTHER,
tier1,2026-07-03T17:57:43,tier1-run1,starmie,alakazam,alakazam,-1,1,10,1,0,3,10,NO_POKEMON_IN_PLAY,
tier1,2026-07-03T17:57:43,tier1-run1,starmie,alakazam,alakazam,-1,1,10,2,2,3,6,NO_POKEMON_IN_PLAY,
tier1,2026-07-03T17:57:43,tier1-run1,starmie,alakazam,alakazam,-1,1,20,1,2,3,16,NO_POKEMON_IN_PLAY,
tier1,2026-07-03T17:57:43,tier1-run1,starmie,alakazam,alakazam,-1,1,4,0,0,3,4,NO_POKEMON_IN_PLAY,
tier1,2026-07-03T17:57:43,tier1-run1,starmie,alakazam,alakazam,,1,1,6,6,,,PRIZED_OUT,
tier1,2026-07-03T17:57:43,tier1-run1,starmie,alakazam,alakazam,,1,1,6,6,,,PRIZED_OUT,
tier1,2026-07-03T17:57:43,tier1-run1,starmie,alakazam,alakazam,-1,1,10,1,1,3,6,NO_POKEMON_IN_PLAY,
tier1,2026-07-03T17:57:43,tier1-run1,starmie,alakazam,alakazam,-1,1,10,2,3,3,6,NO_POKEMON_IN_PLAY,
tier1,2026-07-03T17:57:43,tier1-run1,starmie,alakazam,alakazam,-1,1,16,4,4,3,10,NO_POKEMON_IN_PLAY,
tier1,2026-07-03T17:57:43,tier1-run1,starmie,alakazam,alakazam,,1,1,0,6,,,PRIZED_OUT,
tier1,2026-07-03T17:57:43,tier1-run1,starmie,alakazam,alakazam,-1,1,8,0,2,3,4,NO_POKEMON_IN_PLAY,
tier1,2026-07-03T17:57:43,tier1-run1,starmie,alakazam,alakazam,,1,1,0,0,,,OTHER,
tier1,2026-07-03T17:57:43,tier1-run1,starmie,alakazam,alakazam,-1,1,8,0,2,3,4,NO_POKEMON_IN_PLAY,
tier1,2026-07-03T17:57:43,tier1-run1,starmie,alakazam,alakazam,-1,1,10,4,3,3,8,NO_POKEMON_IN_PLAY,
tier1,2026-07-03T17:57:43,tier1-run1,starmie,alakazam,alakazam,-1,1,10,1,0,3,10,NO_POKEMON_IN_PLAY,
tier1,2026-07-03T17:57:43,tier1-run1,starmie,alakazam,alakazam,-1,1,18,2,0,3,18,NO_POKEMON_IN_PLAY,
tier1,2026-07-03T17:57:43,tier1-run1,starmie,alakazam,starmie,1,-1,9,5,0,3,,OTHER,
tier1,2026-07-03T17:57:43,tier1-run1,starmie,alakazam,alakazam,-1,1,4,0,0,3,4,NO_POKEMON_IN_PLAY,
tier1,2026-07-03T17:57:43,tier1-run1,starmie,alakazam,alakazam,,1,1,0,0,,,OTHER,
tier1,2026-07-03T17:57:43,tier1-run1,starmie,alakazam,alakazam,-1,1,6,0,1,3,4,NO_POKEMON_IN_PLAY,
tier1,2026-07-03T17:57:43,tier1-run1,starmie,alakazam,alakazam,-1,1,6,0,0,3,6,NO_POKEMON_IN_PLAY,
tier1,2026-07-03T17:57:43,tier1-run1,starmie,alakazam,alakazam,-1,1,10,1,0,3,10,NO_POKEMON_IN_PLAY,
tier1,2026-07-03T17:57:43,tier1-run1,starmie,alakazam,alakazam,,1,1,0,0,,,OTHER,
tier1,2026-07-03T17:57:43,tier1-run1,starmie,alakazam,alakazam,-1,1,6,0,0,3,6,NO_POKEMON_IN_PLAY,
tier1,2026-07-03T17:57:43,tier1-run1,starmie,alakazam,alakazam,-1,1,4,0,0,3,4,NO_POKEMON_IN_PLAY,
tier1,2026-07-03T17:57:43,tier1-run1,starmie,alakazam,starmie,1,-1,9,4,0,3,6,OTHER,
tier1,2026-07-03T17:57:43,tier1-run1,starmie,alakazam,alakazam,,1,1,6,6,,,PRIZED_OUT,
tier1,2026-07-03T17:57:43,tier1-run1,starmie,alakazam,alakazam,-1,1,10,4,1,3,6,NO_POKEMON_IN_PLAY,
tier1,2026-07-03T17:57:43,tier1-run1,starmie,alakazam,alakazam,,1,1,0,0,,,OTHER,
tier1,2026-07-03T17:57:43,tier1-run1,starmie,alakazam,alakazam,,1,1,0,0,,,OTHER,
tier1,2026-07-03T17:57:43,tier1-run1,starmie,alakazam,alakazam,-1,1,4,0,0,3,4,NO_POKEMON_IN_PLAY,
tier1,2026-07-03T17:57:43,tier1-run1,starmie,alakazam,alakazam,,1,1,0,0,,,OTHER,
tier1,2026-07-03T17:57:43,tier1-run1,starmie,alakazam,alakazam,-1,1,20,4,4,3,14,NO_POKEMON_IN_PLAY,
tier1,2026-07-03T17:57:43,tier1-run1,starmie,alakazam,alakazam,,1,1,0,0,,,OTHER,
tier1,2026-07-03T17:57:43,tier1-run1,starmie,alakazam,starmie,1,-1,7,1,0,3,,OTHER,
tier1,2026-07-03T17:57:43,tier1-run1,starmie,alakazam,starmie,1,-1,9,4,1,3,4,OTHER,
tier1,2026-07-03T17:57:43,tier1-run1,starmie,alakazam,alakazam,-1,1,12,3,1,3,6,NO_POKEMON_IN_PLAY,
tier1,2026-07-03T17:57:43,tier1-run1,starmie,alakazam,alakazam,-1,1,8,0,0,3,8,NO_POKEMON_IN_PLAY,
tier1,2026-07-03T17:57:43,tier1-run1,starmie,alakazam,alakazam,-1,1,8,0,2,3,4,NO_POKEMON_IN_PLAY,
tier1,2026-07-03T17:57:43,tier1-run1,starmie,alakazam,alakazam,-1,1,6,0,0,3,6,NO_POKEMON_IN_PLAY,
tier1,2026-07-03T17:57:43,tier1-run1,starmie,alakazam,alakazam,-1,1,6,0,1,3,4,NO_POKEMON_IN_PLAY,
tier1,2026-07-03T17:57:43,tier1-run1,starmie,alakazam,alakazam,-1,1,6,0,0,3,6,NO_POKEMON_IN_PLAY,
tier1,2026-07-03T17:57:43,tier1-run1,starmie,alakazam,alakazam,-1,1,6,0,0,3,6,NO_POKEMON_IN_PLAY,
tier1,2026-07-03T17:57:43,tier1-run1,starmie,alakazam,starmie,1,-1,5,1,0,3,,OTHER,
tier1,2026-07-03T17:57:43,tier1-run1,starmie,alakazam,alakazam,,1,1,0,0,,,OTHER,
tier1,2026-07-03T17:57:43,tier1-run1,starmie,alakazam,alakazam,,1,1,0,0,,,OTHER,
tier1,2026-07-03T17:57:43,tier1-run1,starmie,alakazam,alakazam,-1,1,8,1,3,5,4,OTHER,
tier1,2026-07-03T17:58:10,tier1-run1,alakazam,dragapult,alakazam,1,-1,13,5,1,7,8,OTHER,
tier1,2026-07-03T17:58:10,tier1-run1,alakazam,dragapult,alakazam,1,-1,17,4,2,11,8,OTHER,
tier1,2026-07-03T17:58:10,tier1-run1,alakazam,dragapult,alakazam,1,-1,15,5,0,3,8,OTHER,
tier1,2026-07-03T17:58:10,tier1-run1,alakazam,dragapult,alakazam,1,-1,15,5,0,7,6,OTHER,
tier1,2026-07-03T17:58:10,tier1-run1,alakazam,dragapult,alakazam,1,-1,6,2,0,5,6,OTHER,
tier1,2026-07-03T17:58:10,tier1-run1,alakazam,dragapult,alakazam,1,-1,15,5,1,9,4,OTHER,
tier1,2026-07-03T17:58:10,tier1-run1,alakazam,dragapult,alakazam,1,-1,15,5,0,5,2,OTHER,
tier1,2026-07-03T17:58:10,tier1-run1,alakazam,dragapult,alakazam,1,-1,13,4,0,5,4,OTHER,
tier1,2026-07-03T17:58:10,tier1-run1,alakazam,dragapult,alakazam,1,-1,13,4,1,5,2,OTHER,
tier1,2026-07-03T17:58:10,tier1-run1,alakazam,dragapult,alakazam,1,-1,5,0,0,5,2,OTHER,
tier1,2026-07-03T17:58:10,tier1-run1,alakazam,dragapult,alakazam,1,-1,7,1,0,5,2,OTHER,
tier1,2026-07-03T17:58:10,tier1-run1,alakazam,dragapult,alakazam,1,-1,21,4,1,5,14,OTHER,
tier1,2026-07-03T17:58:10,tier1-run1,alakazam,dragapult,alakazam,1,-1,27,2,2,7,2,DECK_OUT,
tier1,2026-07-03T17:58:10,tier1-run1,alakazam,dragapult,alakazam,1,-1,9,3,0,3,2,OTHER,
tier1,2026-07-03T17:58:10,tier1-run1,alakazam,dragapult,alakazam,1,-1,13,5,1,3,4,OTHER,
tier1,2026-07-03T17:58:10,tier1-run1,alakazam,dragapult,alakazam,1,-1,13,5,0,5,6,OTHER,
tier1,2026-07-03T17:58:10,tier1-run1,alakazam,dragapult,alakazam,1,-1,15,5,1,5,2,OTHER,
tier1,2026-07-03T17:58:10,tier1-run1,alakazam,dragapult,alakazam,1,-1,15,4,1,5,2,OTHER,
tier1,2026-07-03T17:58:10,tier1-run1,alakazam,dragapult,alakazam,1,-1,21,5,1,5,2,OTHER,
tier1,2026-07-03T17:58:10,tier1-run1,alakazam,dragapult,alakazam,1,-1,19,5,1,5,4,OTHER,
tier1,2026-07-03T17:58:10,tier1-run1,alakazam,dragapult,alakazam,1,-1,13,5,0,5,2,OTHER,
tier1,2026-07-03T17:58:10,tier1-run1,alakazam,dragapult,alakazam,1,-1,13,5,0,5,2,OTHER,
tier1,2026-07-03T17:58:10,tier1-run1,alakazam,dragapult,alakazam,1,-1,15,5,0,7,2,DECK_OUT,
tier1,2026-07-03T17:58:10,tier1-run1,alakazam,dragapult,alakazam,1,-1,11,2,0,7,2,OTHER,
tier1,2026-07-03T17:58:10,tier1-run1,alakazam,dragapult,alakazam,1,-1,15,5,2,5,2,OTHER,
tier1,2026-07-03T17:58:10,tier1-run1,alakazam,dragapult,alakazam,1,-1,19,5,1,5,2,OTHER,
tier1,2026-07-03T17:58:10,tier1-run1,alakazam,dragapult,alakazam,1,-1,13,4,1,5,4,OTHER,
tier1,2026-07-03T17:58:10,tier1-run1,alakazam,dragapult,alakazam,1,-1,13,4,0,3,2,OTHER,
tier1,2026-07-03T17:58:10,tier1-run1,alakazam,dragapult,alakazam,1,-1,17,4,0,5,6,DECK_OUT,
tier1,2026-07-03T17:58:10,tier1-run1,alakazam,dragapult,alakazam,1,-1,19,5,2,7,2,DECK_OUT,
tier1,2026-07-03T17:58:10,tier1-run1,alakazam,dragapult,alakazam,1,-1,19,4,1,5,14,OTHER,
tier1,2026-07-03T17:58:10,tier1-run1,alakazam,dragapult,dragapult,-1,1,22,3,5,7,2,OTHER,
tier1,2026-07-03T17:58:10,tier1-run1,alakazam,dragapult,alakazam,1,-1,21,5,1,13,10,OTHER,
tier1,2026-07-03T17:58:10,tier1-run1,alakazam,dragapult,alakazam,1,-1,17,3,1,5,2,DECK_OUT,
tier1,2026-07-03T17:58:10,tier1-run1,alakazam,dragapult,alakazam,1,-1,23,3,0,21,4,DECK_OUT,
tier1,2026-07-03T17:58:10,tier1-run1,alakazam,dragapult,alakazam,1,-1,9,1,0,7,4,OTHER,
tier1,2026-07-03T17:58:10,tier1-run1,alakazam,dragapult,alakazam,1,-1,21,4,0,11,2,OTHER,
tier1,2026-07-03T17:58:10,tier1-run1,alakazam,dragapult,alakazam,1,-1,17,5,0,3,6,OTHER,
tier1,2026-07-03T17:58:10,tier1-run1,alakazam,dragapult,alakazam,1,-1,19,4,2,3,8,OTHER,
tier1,2026-07-03T17:58:10,tier1-run1,alakazam,dragapult,alakazam,1,-1,13,5,1,7,2,OTHER,
tier1,2026-07-03T17:58:10,tier1-run1,alakazam,dragapult,alakazam,1,-1,17,5,1,11,10,OTHER,
tier1,2026-07-03T17:58:10,tier1-run1,alakazam,dragapult,alakazam,1,-1,29,0,0,,2,DECK_OUT,
tier1,2026-07-03T17:58:10,tier1-run1,alakazam,dragapult,alakazam,1,-1,23,2,0,5,2,DECK_OUT,
tier1,2026-07-03T17:58:10,tier1-run1,alakazam,dragapult,alakazam,1,-1,13,5,1,3,4,OTHER,
tier1,2026-07-03T17:58:10,tier1-run1,alakazam,dragapult,alakazam,1,-1,11,4,0,5,,OTHER,
tier1,2026-07-03T17:58:10,tier1-run1,alakazam,dragapult,alakazam,1,-1,11,4,0,3,6,OTHER,
tier1,2026-07-03T17:58:10,tier1-run1,alakazam,dragapult,alakazam,1,-1,7,1,0,5,2,OTHER,
tier1,2026-07-03T17:58:10,tier1-run1,alakazam,dragapult,alakazam,1,-1,15,5,0,5,2,OTHER,
tier1,2026-07-03T17:58:10,tier1-run1,alakazam,dragapult,alakazam,1,-1,13,5,0,3,4,OTHER,
tier1,2026-07-03T17:58:10,tier1-run1,alakazam,dragapult,alakazam,1,-1,11,3,0,5,8,OTHER,
tier1,2026-07-03T17:58:10,tier1-run1,alakazam,dragapult,alakazam,1,-1,25,2,0,11,2,DECK_OUT,
tier1,2026-07-03T17:58:10,tier1-run1,alakazam,dragapult,alakazam,1,-1,9,4,1,3,6,OTHER,
tier1,2026-07-03T17:58:10,tier1-run1,alakazam,dragapult,alakazam,1,-1,19,5,0,5,2,DECK_OUT,
tier1,2026-07-03T17:58:10,tier1-run1,alakazam,dragapult,alakazam,1,-1,13,4,0,5,2,OTHER,
tier1,2026-07-03T17:58:10,tier1-run1,alakazam,dragapult,alakazam,1,-1,13,5,0,3,4,OTHER,
tier1,2026-07-03T17:58:10,tier1-run1,alakazam,dragapult,alakazam,1,-1,19,5,0,11,6,OTHER,
tier1,2026-07-03T17:58:10,tier1-run1,alakazam,dragapult,alakazam,1,-1,19,4,1,13,2,OTHER,
tier1,2026-07-03T17:58:10,tier1-run1,alakazam,dragapult,alakazam,1,-1,15,4,0,7,2,DECK_OUT,
tier1,2026-07-03T17:58:10,tier1-run1,alakazam,dragapult,alakazam,1,-1,13,4,0,5,6,OTHER,
tier1,2026-07-03T17:58:10,tier1-run1,alakazam,dragapult,alakazam,1,-1,11,4,0,5,8,OTHER,
tier1,2026-07-03T17:58:10,tier1-run1,alakazam,dragapult,alakazam,1,-1,13,5,2,7,6,OTHER,
tier1,2026-07-03T17:58:10,tier1-run1,alakazam,dragapult,alakazam,1,-1,21,3,1,5,2,DECK_OUT,
tier1,2026-07-03T17:58:10,tier1-run1,alakazam,dragapult,alakazam,1,-1,25,4,3,17,4,OTHER,
tier1,2026-07-03T17:58:10,tier1-run1,alakazam,dragapult,alakazam,1,-1,19,5,0,7,2,OTHER,
tier1,2026-07-03T17:58:10,tier1-run1,alakazam,dragapult,alakazam,1,-1,9,3,0,3,4,OTHER,
tier1,2026-07-03T17:58:10,tier1-run1,alakazam,dragapult,alakazam,1,-1,15,4,0,5,6,OTHER,
tier1,2026-07-03T17:58:10,tier1-run1,alakazam,dragapult,alakazam,1,-1,13,4,1,5,2,OTHER,
tier1,2026-07-03T17:58:10,tier1-run1,alakazam,dragapult,alakazam,1,-1,13,5,1,5,4,OTHER,
tier1,2026-07-03T17:58:10,tier1-run1,alakazam,dragapult,alakazam,1,-1,11,4,0,5,8,OTHER,
tier1,2026-07-03T17:58:10,tier1-run1,alakazam,dragapult,alakazam,1,-1,13,4,1,5,8,OTHER,
tier1,2026-07-03T17:58:10,tier1-run1,alakazam,dragapult,alakazam,1,-1,17,5,0,11,2,OTHER,
tier1,2026-07-03T17:58:10,tier1-run1,alakazam,dragapult,alakazam,1,-1,25,0,0,,2,DECK_OUT,
tier1,2026-07-03T17:58:10,tier1-run1,alakazam,dragapult,alakazam,1,-1,13,4,1,3,2,OTHER,
tier1,2026-07-03T17:58:10,tier1-run1,alakazam,dragapult,alakazam,1,-1,13,5,0,5,2,OTHER,
tier1,2026-07-03T17:58:10,tier1-run1,alakazam,dragapult,alakazam,1,-1,23,5,3,15,2,OTHER,
tier1,2026-07-03T17:58:10,tier1-run1,alakazam,dragapult,alakazam,1,-1,7,0,0,7,2,OTHER,
tier1,2026-07-03T17:58:10,tier1-run1,alakazam,dragapult,alakazam,1,-1,21,5,1,3,2,OTHER,
tier1,2026-07-03T17:58:10,tier1-run1,alakazam,dragapult,alakazam,1,-1,21,4,3,5,2,OTHER,
tier1,2026-07-03T17:58:10,tier1-run1,alakazam,dragapult,alakazam,1,-1,9,3,0,3,,OTHER,
tier1,2026-07-03T17:58:10,tier1-run1,alakazam,dragapult,alakazam,1,-1,13,5,0,5,2,OTHER,
tier1,2026-07-03T17:58:10,tier1-run1,alakazam,dragapult,alakazam,1,-1,21,5,2,7,2,OTHER,
tier1,2026-07-03T17:58:10,tier1-run1,alakazam,dragapult,alakazam,1,-1,13,5,0,5,2,OTHER,
tier1,2026-07-03T17:58:10,tier1-run1,alakazam,dragapult,alakazam,1,-1,15,5,1,5,4,OTHER,
tier1,2026-07-03T17:58:10,tier1-run1,alakazam,dragapult,alakazam,1,-1,19,5,3,5,2,OTHER,
tier1,2026-07-03T17:58:10,tier1-run1,alakazam,dragapult,alakazam,1,-1,17,5,0,5,2,OTHER,
tier1,2026-07-03T17:58:10,tier1-run1,alakazam,dragapult,alakazam,1,-1,21,3,2,5,2,DECK_OUT,
tier1,2026-07-03T17:58:10,tier1-run1,alakazam,dragapult,alakazam,1,-1,19,5,3,9,6,OTHER,
tier1,2026-07-03T17:58:10,tier1-run1,alakazam,dragapult,alakazam,1,-1,25,5,0,7,2,DECK_OUT,
tier1,2026-07-03T17:58:10,tier1-run1,alakazam,dragapult,alakazam,1,-1,21,4,2,5,2,OTHER,
tier1,2026-07-03T17:58:10,tier1-run1,alakazam,dragapult,alakazam,1,-1,11,5,0,5,2,OTHER,
tier1,2026-07-03T17:58:10,tier1-run1,alakazam,dragapult,alakazam,1,-1,13,4,1,5,2,OTHER,
tier1,2026-07-03T17:58:10,tier1-run1,alakazam,dragapult,alakazam,1,-1,19,5,2,3,4,DECK_OUT,
tier1,2026-07-03T17:58:10,tier1-run1,alakazam,dragapult,alakazam,1,-1,11,4,0,3,2,OTHER,
tier1,2026-07-03T17:58:10,tier1-run1,alakazam,dragapult,alakazam,1,-1,15,5,1,7,4,OTHER,
tier1,2026-07-03T17:58:10,tier1-run1,alakazam,dragapult,alakazam,1,-1,17,2,0,13,2,DECK_OUT,
tier1,2026-07-03T17:58:10,tier1-run1,alakazam,dragapult,alakazam,1,-1,21,4,2,15,2,DECK_OUT,
tier1,2026-07-03T17:58:10,tier1-run1,alakazam,dragapult,alakazam,1,-1,13,5,0,5,10,OTHER,
tier1,2026-07-03T17:58:10,tier1-run1,alakazam,dragapult,alakazam,1,-1,19,5,3,7,4,OTHER,
tier1,2026-07-03T17:58:10,tier1-run1,alakazam,dragapult,alakazam,1,-1,17,3,1,5,2,DECK_OUT,
tier1,2026-07-03T17:58:10,tier1-run1,alakazam,dragapult,alakazam,1,-1,9,3,0,3,2,OTHER,
tier1,2026-07-03T17:58:10,tier1-run1,dragapult,alakazam,alakazam,-1,1,20,1,4,3,14,DECK_OUT,
tier1,2026-07-03T17:58:10,tier1-run1,dragapult,alakazam,alakazam,-1,1,12,1,4,3,6,OTHER,
tier1,2026-07-03T17:58:10,tier1-run1,dragapult,alakazam,alakazam,-1,1,14,1,5,9,6,OTHER,
tier1,2026-07-03T17:58:10,tier1-run1,dragapult,alakazam,alakazam,-1,1,14,1,4,5,4,OTHER,
tier1,2026-07-03T17:58:10,tier1-run1,dragapult,alakazam,alakazam,-1,1,18,2,4,3,4,OTHER,
tier1,2026-07-03T17:58:10,tier1-run1,dragapult,alakazam,alakazam,-1,1,14,1,5,5,6,OTHER,
tier1,2026-07-03T17:58:10,tier1-run1,dragapult,alakazam,alakazam,-1,1,30,3,2,11,6,DECK_OUT,
tier1,2026-07-03T17:58:10,tier1-run1,dragapult,alakazam,alakazam,-1,1,20,2,5,3,6,OTHER,
tier1,2026-07-03T17:58:10,tier1-run1,dragapult,alakazam,alakazam,-1,1,20,2,5,3,8,OTHER,
tier1,2026-07-03T17:58:10,tier1-run1,dragapult,alakazam,alakazam,-1,1,14,1,4,3,6,OTHER,
tier1,2026-07-03T17:58:10,tier1-run1,dragapult,alakazam,alakazam,-1,1,22,4,5,3,6,DECK_OUT,
tier1,2026-07-03T17:58:10,tier1-run1,dragapult,alakazam,alakazam,-1,1,8,1,2,3,4,NO_POKEMON_IN_PLAY,
tier1,2026-07-03T17:58:10,tier1-run1,dragapult,alakazam,alakazam,-1,1,16,3,4,3,6,OTHER,
tier1,2026-07-03T17:58:10,tier1-run1,dragapult,alakazam,alakazam,-1,1,18,0,5,7,4,OTHER,
tier1,2026-07-03T17:58:10,tier1-run1,dragapult,alakazam,alakazam,-1,1,22,1,5,5,4,OTHER,
tier1,2026-07-03T17:58:10,tier1-run1,dragapult,alakazam,alakazam,-1,1,14,0,4,5,6,NO_POKEMON_IN_PLAY,
tier1,2026-07-03T17:58:10,tier1-run1,dragapult,alakazam,alakazam,-1,1,14,0,3,5,4,DECK_OUT,
tier1,2026-07-03T17:58:10,tier1-run1,dragapult,alakazam,alakazam,-1,1,12,1,5,7,6,OTHER,
tier1,2026-07-03T17:58:10,tier1-run1,dragapult,alakazam,alakazam,-1,1,18,0,3,3,6,DECK_OUT,
tier1,2026-07-03T17:58:10,tier1-run1,dragapult,alakazam,alakazam,-1,1,16,1,5,5,6,OTHER,
tier1,2026-07-03T17:58:10,tier1-run1,dragapult,alakazam,alakazam,-1,1,34,2,1,3,32,DECK_OUT,
tier1,2026-07-03T17:58:10,tier1-run1,dragapult,alakazam,alakazam,-1,1,18,2,5,3,6,OTHER,
tier1,2026-07-03T17:58:10,tier1-run1,dragapult,alakazam,alakazam,-1,1,14,2,5,3,8,OTHER,
tier1,2026-07-03T17:58:10,tier1-run1,dragapult,alakazam,alakazam,-1,1,16,0,5,3,8,OTHER,
tier1,2026-07-03T17:58:10,tier1-run1,dragapult,alakazam,alakazam,-1,1,24,0,5,9,6,DECK_OUT,
tier1,2026-07-03T17:58:10,tier1-run1,dragapult,alakazam,alakazam,-1,1,18,1,1,3,14,DECK_OUT,
tier1,2026-07-03T17:58:10,tier1-run1,dragapult,alakazam,alakazam,-1,1,24,0,4,,18,DECK_OUT,
tier1,2026-07-03T17:58:10,tier1-run1,dragapult,alakazam,alakazam,-1,1,18,1,5,5,4,OTHER,
tier1,2026-07-03T17:58:10,tier1-run1,dragapult,alakazam,alakazam,-1,1,10,0,2,5,6,NO_POKEMON_IN_PLAY,
tier1,2026-07-03T17:58:10,tier1-run1,dragapult,alakazam,alakazam,-1,1,16,2,5,7,10,OTHER,
tier1,2026-07-03T17:58:10,tier1-run1,dragapult,alakazam,alakazam,-1,1,14,0,5,5,4,NO_POKEMON_IN_PLAY,
tier1,2026-07-03T17:58:10,tier1-run1,dragapult,alakazam,alakazam,-1,1,14,1,4,5,8,OTHER,
tier1,2026-07-03T17:58:10,tier1-run1,dragapult,alakazam,alakazam,-1,1,16,2,5,5,4,OTHER,
tier1,2026-07-03T17:58:10,tier1-run1,dragapult,alakazam,alakazam,-1,1,16,1,5,3,8,OTHER,
tier1,2026-07-03T17:58:10,tier1-run1,dragapult,alakazam,alakazam,-1,1,20,1,5,7,6,OTHER,
tier1,2026-07-03T17:58:10,tier1-run1,dragapult,alakazam,alakazam,-1,1,16,3,5,3,8,OTHER,
tier1,2026-07-03T17:58:10,tier1-run1,dragapult,alakazam,alakazam,-1,1,18,2,5,3,6,OTHER,
tier1,2026-07-03T17:58:10,tier1-run1,dragapult,alakazam,alakazam,-1,1,16,1,5,5,6,OTHER,
tier1,2026-07-03T17:58:10,tier1-run1,dragapult,alakazam,alakazam,-1,1,12,1,4,3,6,OTHER,
tier1,2026-07-03T17:58:10,tier1-run1,dragapult,alakazam,alakazam,-1,1,24,1,2,3,16,DECK_OUT,
tier1,2026-07-03T17:58:10,tier1-run1,dragapult,alakazam,alakazam,-1,1,22,1,3,3,18,DECK_OUT,
tier1,2026-07-03T17:58:10,tier1-run1,dragapult,alakazam,alakazam,-1,1,16,3,5,5,6,DECK_OUT,
tier1,2026-07-03T17:58:10,tier1-run1,dragapult,alakazam,alakazam,-1,1,16,1,4,3,10,OTHER,
tier1,2026-07-03T17:58:10,tier1-run1,dragapult,alakazam,alakazam,-1,1,12,1,5,5,6,OTHER,
tier1,2026-07-03T17:58:10,tier1-run1,dragapult,alakazam,alakazam,-1,1,22,0,4,,16,OTHER,
tier1,2026-07-03T17:58:10,tier1-run1,dragapult,alakazam,alakazam,-1,1,22,1,1,3,20,DECK_OUT,
tier1,2026-07-03T17:58:10,tier1-run1,dragapult,alakazam,alakazam,-1,1,12,2,5,3,6,OTHER,
tier1,2026-07-03T17:58:10,tier1-run1,dragapult,alakazam,alakazam,-1,1,18,2,4,5,8,OTHER,
tier1,2026-07-03T17:58:10,tier1-run1,dragapult,alakazam,alakazam,-1,1,20,2,4,3,10,OTHER,
tier1,2026-07-03T17:58:10,tier1-run1,dragapult,alakazam,alakazam,-1,1,14,0,5,7,6,OTHER,
tier1,2026-07-03T17:58:10,tier1-run1,dragapult,alakazam,alakazam,-1,1,10,0,2,7,6,NO_POKEMON_IN_PLAY,
tier1,2026-07-03T17:58:10,tier1-run1,dragapult,alakazam,alakazam,-1,1,18,3,5,3,6,DECK_OUT,
tier1,2026-07-03T17:58:10,tier1-run1,dragapult,alakazam,dragapult,1,-1,3,0,0,3,,OTHER,
tier1,2026-07-03T17:58:10,tier1-run1,dragapult,alakazam,alakazam,-1,1,20,1,3,5,16,DECK_OUT,
tier1,2026-07-03T17:58:10,tier1-run1,dragapult,alakazam,alakazam,-1,1,14,2,4,3,6,DECK_OUT,
tier1,2026-07-03T17:58:10,tier1-run1,dragapult,alakazam,alakazam,-1,1,16,0,5,9,6,OTHER,
tier1,2026-07-03T17:58:10,tier1-run1,dragapult,alakazam,alakazam,-1,1,28,0,0,19,,DECK_OUT,
tier1,2026-07-03T17:58:10,tier1-run1,dragapult,alakazam,alakazam,-1,1,20,1,5,3,4,DECK_OUT,
tier1,2026-07-03T17:58:10,tier1-run1,dragapult,alakazam,alakazam,-1,1,14,1,5,3,6,OTHER,
tier1,2026-07-03T17:58:10,tier1-run1,dragapult,alakazam,alakazam,-1,1,14,1,5,5,6,OTHER,
tier1,2026-07-03T17:58:10,tier1-run1,dragapult,alakazam,alakazam,-1,1,20,1,2,9,12,DECK_OUT,
tier1,2026-07-03T17:58:10,tier1-run1,dragapult,alakazam,alakazam,-1,1,18,1,5,5,6,OTHER,
tier1,2026-07-03T17:58:10,tier1-run1,dragapult,alakazam,alakazam,-1,1,12,1,5,5,6,OTHER,
tier1,2026-07-03T17:58:10,tier1-run1,dragapult,alakazam,alakazam,-1,1,28,1,5,3,8,DECK_OUT,
tier1,2026-07-03T17:58:10,tier1-run1,dragapult,alakazam,alakazam,-1,1,20,1,4,11,6,OTHER,
tier1,2026-07-03T17:58:10,tier1-run1,dragapult,alakazam,alakazam,-1,1,14,0,5,3,6,OTHER,
tier1,2026-07-03T17:58:10,tier1-run1,dragapult,alakazam,alakazam,-1,1,12,0,5,7,6,OTHER,
tier1,2026-07-03T17:58:10,tier1-run1,dragapult,alakazam,alakazam,-1,1,36,1,4,5,6,DECK_OUT,
tier1,2026-07-03T17:58:10,tier1-run1,dragapult,alakazam,alakazam,-1,1,12,1,5,3,6,OTHER,
tier1,2026-07-03T17:58:10,tier1-run1,dragapult,alakazam,alakazam,-1,1,14,1,4,9,4,OTHER,
tier1,2026-07-03T17:58:10,tier1-run1,dragapult,alakazam,alakazam,-1,1,12,1,5,9,6,NO_POKEMON_IN_PLAY,
tier1,2026-07-03T17:58:10,tier1-run1,dragapult,alakazam,alakazam,-1,1,14,0,4,7,4,OTHER,
tier1,2026-07-03T17:58:10,tier1-run1,dragapult,alakazam,alakazam,-1,1,14,0,4,3,6,NO_POKEMON_IN_PLAY,
tier1,2026-07-03T17:58:10,tier1-run1,dragapult,alakazam,alakazam,-1,1,16,2,5,7,10,OTHER,
tier1,2026-07-03T17:58:10,tier1-run1,dragapult,alakazam,alakazam,-1,1,16,0,5,3,8,OTHER,
tier1,2026-07-03T17:58:10,tier1-run1,dragapult,alakazam,alakazam,-1,1,12,1,4,7,6,OTHER,
tier1,2026-07-03T17:58:10,tier1-run1,dragapult,alakazam,alakazam,-1,1,24,4,4,5,6,DECK_OUT,
tier1,2026-07-03T17:58:10,tier1-run1,dragapult,alakazam,alakazam,-1,1,14,2,4,5,6,OTHER,
tier1,2026-07-03T17:58:10,tier1-run1,dragapult,alakazam,alakazam,-1,1,16,1,5,3,6,DECK_OUT,
tier1,2026-07-03T17:58:10,tier1-run1,dragapult,alakazam,alakazam,-1,1,32,2,2,3,30,DECK_OUT,
tier1,2026-07-03T17:58:10,tier1-run1,dragapult,alakazam,alakazam,-1,1,5,0,0,5,4,OTHER,
tier1,2026-07-03T17:58:10,tier1-run1,dragapult,alakazam,alakazam,-1,1,22,1,5,3,6,OTHER,
tier1,2026-07-03T17:58:10,tier1-run1,dragapult,alakazam,alakazam,-1,1,18,1,4,11,8,DECK_OUT,
tier1,2026-07-03T17:58:10,tier1-run1,dragapult,alakazam,alakazam,-1,1,24,4,4,3,8,DECK_OUT,
tier1,2026-07-03T17:58:10,tier1-run1,dragapult,alakazam,alakazam,-1,1,18,1,5,3,8,OTHER,
tier1,2026-07-03T17:58:10,tier1-run1,dragapult,alakazam,alakazam,-1,1,22,3,4,3,6,OTHER,
tier1,2026-07-03T17:58:10,tier1-run1,dragapult,alakazam,alakazam,-1,1,16,2,4,13,6,OTHER,
tier1,2026-07-03T17:58:10,tier1-run1,dragapult,alakazam,alakazam,-1,1,8,0,1,5,4,NO_POKEMON_IN_PLAY,
tier1,2026-07-03T17:58:10,tier1-run1,dragapult,alakazam,alakazam,-1,1,12,0,4,7,6,OTHER,
tier1,2026-07-03T17:58:10,tier1-run1,dragapult,alakazam,alakazam,-1,1,24,1,5,3,12,DECK_OUT,
tier1,2026-07-03T17:58:10,tier1-run1,dragapult,alakazam,alakazam,-1,1,16,2,5,3,6,OTHER,
tier1,2026-07-03T17:58:10,tier1-run1,dragapult,alakazam,alakazam,-1,1,12,1,5,3,6,OTHER,
tier1,2026-07-03T17:58:10,tier1-run1,dragapult,alakazam,alakazam,-1,1,14,0,5,5,4,NO_POKEMON_IN_PLAY,
tier1,2026-07-03T17:58:10,tier1-run1,dragapult,alakazam,alakazam,-1,1,18,1,4,3,8,OTHER,
tier1,2026-07-03T17:58:10,tier1-run1,dragapult,alakazam,alakazam,-1,1,14,1,4,11,4,OTHER,
tier1,2026-07-03T17:58:10,tier1-run1,dragapult,alakazam,alakazam,-1,1,22,3,5,3,10,OTHER,
tier1,2026-07-03T17:58:10,tier1-run1,dragapult,alakazam,alakazam,-1,1,14,0,5,3,6,OTHER,
tier1,2026-07-03T17:58:10,tier1-run1,dragapult,alakazam,alakazam,-1,1,6,0,1,3,4,NO_POKEMON_IN_PLAY,
tier1,2026-07-03T17:58:10,tier1-run1,dragapult,alakazam,alakazam,-1,1,14,0,5,9,6,OTHER,
tier1,2026-07-03T17:58:10,tier1-run1,dragapult,alakazam,alakazam,-1,1,18,1,5,3,10,OTHER,
tier1,2026-07-03T17:58:37,tier1-run1,lucario,abomasnow,abomasnow,-1,1,12,0,1,7,2,DECK_OUT,
tier1,2026-07-03T17:58:37,tier1-run1,lucario,abomasnow,lucario,1,-1,21,0,3,3,2,DECK_OUT,
tier1,2026-07-03T17:58:37,tier1-run1,lucario,abomasnow,lucario,1,-1,19,2,0,3,2,OTHER,
tier1,2026-07-03T17:58:37,tier1-run1,lucario,abomasnow,lucario,1,-1,5,0,1,5,2,OTHER,
tier1,2026-07-03T17:58:37,tier1-run1,lucario,abomasnow,abomasnow,-1,1,18,5,3,3,4,DECK_OUT,
tier1,2026-07-03T17:58:37,tier1-run1,lucario,abomasnow,abomasnow,-1,1,12,3,0,3,2,DECK_OUT,
tier1,2026-07-03T17:58:37,tier1-run1,lucario,abomasnow,abomasnow,-1,1,18,4,5,3,6,DECK_OUT,
tier1,2026-07-03T17:58:37,tier1-run1,lucario,abomasnow,lucario,1,-1,3,0,0,3,2,OTHER,
tier1,2026-07-03T17:58:37,tier1-run1,lucario,abomasnow,abomasnow,-1,1,14,0,4,7,4,NO_POKEMON_IN_PLAY,
tier1,2026-07-03T17:58:37,tier1-run1,lucario,abomasnow,lucario,1,-1,3,0,0,3,2,OTHER,
tier1,2026-07-03T17:58:37,tier1-run1,lucario,abomasnow,abomasnow,-1,1,22,2,2,3,2,DECK_OUT,
tier1,2026-07-03T17:58:37,tier1-run1,lucario,abomasnow,abomasnow,-1,1,16,4,2,7,2,DECK_OUT,
tier1,2026-07-03T17:58:37,tier1-run1,lucario,abomasnow,abomasnow,-1,1,12,2,3,3,2,DECK_OUT,
tier1,2026-07-03T17:58:37,tier1-run1,lucario,abomasnow,abomasnow,-1,1,10,0,2,3,2,NO_POKEMON_IN_PLAY,
tier1,2026-07-03T17:58:37,tier1-run1,lucario,abomasnow,lucario,1,-1,15,0,4,7,4,OTHER,
tier1,2026-07-03T17:58:37,tier1-run1,lucario,abomasnow,lucario,1,-1,5,0,0,3,2,OTHER,
tier1,2026-07-03T17:58:37,tier1-run1,lucario,abomasnow,abomasnow,-1,1,12,0,3,5,2,OTHER,
tier1,2026-07-03T17:58:37,tier1-run1,lucario,abomasnow,lucario,1,-1,9,1,0,3,2,OTHER,
tier1,2026-07-03T17:58:37,tier1-run1,lucario,abomasnow,lucario,1,-1,23,5,5,5,2,OTHER,
tier1,2026-07-03T17:58:37,tier1-run1,lucario,abomasnow,abomasnow,-1,1,16,5,0,3,10,DECK_OUT,
tier1,2026-07-03T17:58:37,tier1-run1,lucario,abomasnow,abomasnow,-1,1,16,2,1,3,2,DECK_OUT,
tier1,2026-07-03T17:58:37,tier1-run1,lucario,abomasnow,lucario,1,-1,3,0,0,3,2,OTHER,
tier1,2026-07-03T17:58:37,tier1-run1,lucario,abomasnow,abomasnow,-1,1,12,0,3,3,2,DECK_OUT,
tier1,2026-07-03T17:58:37,tier1-run1,lucario,abomasnow,lucario,1,-1,19,0,2,15,2,OTHER,
tier1,2026-07-03T17:58:37,tier1-run1,lucario,abomasnow,lucario,1,-1,13,1,3,3,4,DECK_OUT,
tier1,2026-07-03T17:58:37,tier1-run1,lucario,abomasnow,abomasnow,-1,1,20,1,5,3,4,DECK_OUT,
tier1,2026-07-03T17:58:37,tier1-run1,lucario,abomasnow,abomasnow,-1,1,12,2,1,3,2,DECK_OUT,
tier1,2026-07-03T17:58:37,tier1-run1,lucario,abomasnow,lucario,1,-1,21,3,1,5,2,OTHER,
tier1,2026-07-03T17:58:37,tier1-run1,lucario,abomasnow,abomasnow,-1,1,14,1,3,5,2,OTHER,
tier1,2026-07-03T17:58:37,tier1-run1,lucario,abomasnow,lucario,1,-1,19,3,5,3,2,DECK_OUT,
tier1,2026-07-03T17:58:37,tier1-run1,lucario,abomasnow,lucario,1,-1,3,0,0,3,2,OTHER,
tier1,2026-07-03T17:58:37,tier1-run1,lucario,abomasnow,lucario,1,-1,7,0,0,3,2,OTHER,
tier1,2026-07-03T17:58:37,tier1-run1,lucario,abomasnow,abomasnow,-1,1,14,2,0,3,2,DECK_OUT,
tier1,2026-07-03T17:58:37,tier1-run1,lucario,abomasnow,lucario,1,-1,3,0,0,3,2,OTHER,
tier1,2026-07-03T17:58:37,tier1-run1,lucario,abomasnow,lucario,1,-1,11,1,0,5,2,OTHER,
tier1,2026-07-03T17:58:37,tier1-run1,lucario,abomasnow,lucario,1,-1,13,0,2,3,2,DECK_OUT,
tier1,2026-07-03T17:58:37,tier1-run1,lucario,abomasnow,lucario,1,-1,5,0,0,3,2,OTHER,
tier1,2026-07-03T17:58:37,tier1-run1,lucario,abomasnow,abomasnow,-1,1,22,2,4,3,2,OTHER,
tier1,2026-07-03T17:58:37,tier1-run1,lucario,abomasnow,abomasnow,-1,1,16,0,3,7,2,DECK_OUT,
tier1,2026-07-03T17:58:37,tier1-run1,lucario,abomasnow,abomasnow,-1,1,16,1,2,3,2,DECK_OUT,
tier1,2026-07-03T17:58:37,tier1-run1,lucario,abomasnow,abomasnow,-1,1,12,0,3,3,2,DECK_OUT,
tier1,2026-07-03T17:58:37,tier1-run1,lucario,abomasnow,lucario,1,-1,15,3,2,3,2,OTHER,
tier1,2026-07-03T17:58:37,tier1-run1,lucario,abomasnow,abomasnow,-1,1,16,1,5,3,4,OTHER,
tier1,2026-07-03T17:58:37,tier1-run1,lucario,abomasnow,abomasnow,-1,1,24,2,2,5,2,DECK_OUT,
tier1,2026-07-03T17:58:37,tier1-run1,lucario,abomasnow,abomasnow,-1,1,16,1,5,3,6,DECK_OUT,
tier1,2026-07-03T17:58:37,tier1-run1,lucario,abomasnow,lucario,1,-1,23,1,3,5,2,OTHER,
tier1,2026-07-03T17:58:37,tier1-run1,lucario,abomasnow,abomasnow,-1,1,12,0,3,7,6,OTHER,
tier1,2026-07-03T17:58:37,tier1-run1,lucario,abomasnow,abomasnow,-1,1,12,0,1,9,2,DECK_OUT,
tier1,2026-07-03T17:58:37,tier1-run1,lucario,abomasnow,abomasnow,-1,1,14,3,1,3,2,DECK_OUT,
tier1,2026-07-03T17:58:37,tier1-run1,lucario,abomasnow,lucario,1,-1,33,2,3,9,2,DECK_OUT,
tier1,2026-07-03T17:58:37,tier1-run1,lucario,abomasnow,lucario,1,-1,5,0,0,3,2,OTHER,
tier1,2026-07-03T17:58:37,tier1-run1,lucario,abomasnow,abomasnow,-1,1,22,1,5,3,2,DECK_OUT,
tier1,2026-07-03T17:58:37,tier1-run1,lucario,abomasnow,abomasnow,-1,1,16,2,1,5,2,DECK_OUT,
tier1,2026-07-03T17:58:37,tier1-run1,lucario,abomasnow,lucario,1,-1,17,2,4,3,2,OTHER,
tier1,2026-07-03T17:58:37,tier1-run1,lucario,abomasnow,abomasnow,-1,1,16,3,5,3,2,OTHER,
tier1,2026-07-03T17:58:37,tier1-run1,lucario,abomasnow,lucario,1,-1,9,3,0,3,2,OTHER,
tier1,2026-07-03T17:58:37,tier1-run1,lucario,abomasnow,lucario,1,-1,13,2,0,3,6,OTHER,
tier1,2026-07-03T17:58:37,tier1-run1,lucario,abomasnow,lucario,1,-1,27,2,2,3,2,DECK_OUT,
tier1,2026-07-03T17:58:37,tier1-run1,lucario,abomasnow,abomasnow,-1,1,10,1,4,5,2,OTHER,
tier1,2026-07-03T17:58:37,tier1-run1,lucario,abomasnow,abomasnow,-1,1,14,1,4,5,6,DECK_OUT,
tier1,2026-07-03T17:58:37,tier1-run1,lucario,abomasnow,abomasnow,-1,1,10,0,1,7,2,NO_POKEMON_IN_PLAY,
tier1,2026-07-03T17:58:37,tier1-run1,lucario,abomasnow,abomasnow,-1,1,10,0,1,5,8,NO_POKEMON_IN_PLAY,
tier1,2026-07-03T17:58:37,tier1-run1,lucario,abomasnow,lucario,1,-1,15,0,5,7,8,DECK_OUT,
tier1,2026-07-03T17:58:37,tier1-run1,lucario,abomasnow,abomasnow,-1,1,22,2,5,3,6,OTHER,
tier1,2026-07-03T17:58:37,tier1-run1,lucario,abomasnow,abomasnow,-1,1,16,2,0,5,2,DECK_OUT,
tier1,2026-07-03T17:58:37,tier1-run1,lucario,abomasnow,lucario,1,-1,27,1,2,5,2,DECK_OUT,
tier1,2026-07-03T17:58:37,tier1-run1,lucario,abomasnow,lucario,1,-1,3,0,0,3,2,OTHER,
tier1,2026-07-03T17:58:37,tier1-run1,lucario,abomasnow,abomasnow,-1,1,14,0,5,7,2,DECK_OUT,
tier1,2026-07-03T17:58:37,tier1-run1,lucario,abomasnow,abomasnow,-1,1,16,4,5,3,6,DECK_OUT,
tier1,2026-07-03T17:58:37,tier1-run1,lucario,abomasnow,lucario,1,-1,3,0,0,3,2,OTHER,
tier1,2026-07-03T17:58:37,tier1-run1,lucario,abomasnow,abomasnow,-1,1,14,3,4,9,8,DECK_OUT,
tier1,2026-07-03T17:58:37,tier1-run1,lucario,abomasnow,abomasnow,-1,1,14,4,1,3,2,DECK_OUT,
tier1,2026-07-03T17:58:37,tier1-run1,lucario,abomasnow,abomasnow,-1,1,16,1,0,5,2,DECK_OUT,
tier1,2026-07-03T17:58:37,tier1-run1,lucario,abomasnow,abomasnow,-1,1,12,0,5,,6,OTHER,
tier1,2026-07-03T17:58:37,tier1-run1,lucario,abomasnow,abomasnow,-1,1,18,1,5,3,2,OTHER,
tier1,2026-07-03T17:58:37,tier1-run1,lucario,abomasnow,abomasnow,-1,1,14,4,4,5,2,DECK_OUT,
tier1,2026-07-03T17:58:37,tier1-run1,lucario,abomasnow,lucario,1,-1,7,0,0,5,2,OTHER,
tier1,2026-07-03T17:58:37,tier1-run1,lucario,abomasnow,abomasnow,-1,1,22,1,4,3,2,DECK_OUT,
tier1,2026-07-03T17:58:37,tier1-run1,lucario,abomasnow,abomasnow,-1,1,14,1,4,3,2,DECK_OUT,
tier1,2026-07-03T17:58:37,tier1-run1,lucario,abomasnow,lucario,1,-1,3,0,0,3,2,OTHER,
tier1,2026-07-03T17:58:37,tier1-run1,lucario,abomasnow,abomasnow,-1,1,12,0,1,5,2,DECK_OUT,
tier1,2026-07-03T17:58:37,tier1-run1,lucario,abomasnow,abomasnow,-1,1,10,0,5,3,2,NO_POKEMON_IN_PLAY,
tier1,2026-07-03T17:58:37,tier1-run1,lucario,abomasnow,abomasnow,-1,1,20,1,5,5,10,OTHER,
tier1,2026-07-03T17:58:37,tier1-run1,lucario,abomasnow,abomasnow,-1,1,22,1,5,5,2,OTHER,
tier1,2026-07-03T17:58:37,tier1-run1,lucario,abomasnow,abomasnow,-1,1,10,0,3,,2,OTHER,
tier1,2026-07-03T17:58:37,tier1-run1,lucario,abomasnow,lucario,1,-1,5,1,0,3,2,OTHER,
tier1,2026-07-03T17:58:37,tier1-run1,lucario,abomasnow,lucario,1,-1,11,1,0,5,4,OTHER,
tier1,2026-07-03T17:58:37,tier1-run1,lucario,abomasnow,abomasnow,-1,1,14,3,1,5,2,DECK_OUT,
tier1,2026-07-03T17:58:37,tier1-run1,lucario,abomasnow,lucario,1,-1,17,4,3,3,8,DECK_OUT,
tier1,2026-07-03T17:58:37,tier1-run1,lucario,abomasnow,lucario,1,-1,5,0,0,3,2,OTHER,
tier1,2026-07-03T17:58:37,tier1-run1,lucario,abomasnow,lucario,1,-1,7,0,0,5,2,OTHER,
tier1,2026-07-03T17:58:37,tier1-run1,lucario,abomasnow,lucario,1,-1,27,2,0,3,2,OTHER,
tier1,2026-07-03T17:58:37,tier1-run1,lucario,abomasnow,abomasnow,-1,1,14,1,2,3,2,DECK_OUT,
tier1,2026-07-03T17:58:37,tier1-run1,lucario,abomasnow,abomasnow,-1,1,12,0,4,5,2,OTHER,
tier1,2026-07-03T17:58:37,tier1-run1,lucario,abomasnow,abomasnow,-1,1,18,2,1,3,4,DECK_OUT,
tier1,2026-07-03T17:58:37,tier1-run1,lucario,abomasnow,abomasnow,-1,1,22,1,5,9,2,DECK_OUT,
tier1,2026-07-03T17:58:37,tier1-run1,lucario,abomasnow,lucario,1,-1,5,1,0,3,2,OTHER,
tier1,2026-07-03T17:58:37,tier1-run1,lucario,abomasnow,lucario,1,-1,13,1,0,5,2,OTHER,
tier1,2026-07-03T17:58:37,tier1-run1,lucario,abomasnow,abomasnow,-1,1,12,1,4,5,2,OTHER,
tier1,2026-07-03T17:58:37,tier1-run1,lucario,abomasnow,abomasnow,-1,1,34,1,2,13,2,DECK_OUT,
tier1,2026-07-03T17:58:37,tier1-run1,abomasnow,lucario,lucario,-1,1,6,0,0,3,2,NO_POKEMON_IN_PLAY,
tier1,2026-07-03T17:58:37,tier1-run1,abomasnow,lucario,lucario,-1,1,10,0,0,3,10,NO_POKEMON_IN_PLAY,
tier1,2026-07-03T17:58:37,tier1-run1,abomasnow,lucario,abomasnow,1,-1,21,5,1,5,16,OTHER,
tier1,2026-07-03T17:58:37,tier1-run1,abomasnow,lucario,lucario,-1,1,8,0,1,3,2,NO_POKEMON_IN_PLAY,
tier1,2026-07-03T17:58:37,tier1-run1,abomasnow,lucario,abomasnow,1,-1,13,0,1,3,2,DECK_OUT,
tier1,2026-07-03T17:58:37,tier1-run1,abomasnow,lucario,abomasnow,1,-1,15,4,0,3,6,DECK_OUT,
tier1,2026-07-03T17:58:37,tier1-run1,abomasnow,lucario,abomasnow,1,-1,15,4,3,5,4,DECK_OUT,
tier1,2026-07-03T17:58:37,tier1-run1,abomasnow,lucario,lucario,-1,1,8,0,0,3,6,NO_POKEMON_IN_PLAY,
tier1,2026-07-03T17:58:37,tier1-run1,abomasnow,lucario,lucario,-1,1,18,5,2,3,2,DECK_OUT,
tier1,2026-07-03T17:58:37,tier1-run1,abomasnow,lucario,abomasnow,1,-1,15,5,2,3,2,OTHER,
tier1,2026-07-03T17:58:37,tier1-run1,abomasnow,lucario,lucario,-1,1,12,3,0,7,2,DECK_OUT,
tier1,2026-07-03T17:58:37,tier1-run1,abomasnow,lucario,abomasnow,1,-1,19,5,4,5,2,DECK_OUT,
tier1,2026-07-03T17:58:37,tier1-run1,abomasnow,lucario,abomasnow,1,-1,13,5,0,3,10,OTHER,
tier1,2026-07-03T17:58:37,tier1-run1,abomasnow,lucario,abomasnow,1,-1,15,5,3,5,2,OTHER,
tier1,2026-07-03T17:58:37,tier1-run1,abomasnow,lucario,abomasnow,1,-1,29,5,2,5,2,OTHER,
tier1,2026-07-03T17:58:37,tier1-run1,abomasnow,lucario,lucario,-1,1,16,5,0,3,4,DECK_OUT,
tier1,2026-07-03T17:58:37,tier1-run1,abomasnow,lucario,lucario,-1,1,6,0,0,3,4,NO_POKEMON_IN_PLAY,
tier1,2026-07-03T17:58:37,tier1-run1,abomasnow,lucario,abomasnow,1,-1,17,5,0,3,8,DECK_OUT,
tier1,2026-07-03T17:58:37,tier1-run1,abomasnow,lucario,abomasnow,1,-1,19,1,1,3,2,DECK_OUT,
tier1,2026-07-03T17:58:37,tier1-run1,abomasnow,lucario,abomasnow,1,-1,13,3,1,3,2,DECK_OUT,
tier1,2026-07-03T17:58:37,tier1-run1,abomasnow,lucario,lucario,-1,1,14,5,0,3,4,DECK_OUT,
tier1,2026-07-03T17:58:37,tier1-run1,abomasnow,lucario,lucario,-1,1,14,0,2,3,4,NO_POKEMON_IN_PLAY,
tier1,2026-07-03T17:58:37,tier1-run1,abomasnow,lucario,lucario,-1,1,12,0,1,3,2,NO_POKEMON_IN_PLAY,
tier1,2026-07-03T17:58:37,tier1-run1,abomasnow,lucario,abomasnow,1,-1,13,5,1,5,2,OTHER,
tier1,2026-07-03T17:58:37,tier1-run1,abomasnow,lucario,lucario,-1,1,12,4,0,3,2,DECK_OUT,
tier1,2026-07-03T17:58:37,tier1-run1,abomasnow,lucario,abomasnow,1,-1,17,4,0,5,2,OTHER,
tier1,2026-07-03T17:58:37,tier1-run1,abomasnow,lucario,abomasnow,1,-1,23,3,5,7,2,DECK_OUT,
tier1,2026-07-03T17:58:37,tier1-run1,abomasnow,lucario,abomasnow,1,-1,23,5,2,3,2,OTHER,
tier1,2026-07-03T17:58:37,tier1-run1,abomasnow,lucario,lucario,-1,1,24,4,2,3,2,DECK_OUT,
tier1,2026-07-03T17:58:37,tier1-run1,abomasnow,lucario,abomasnow,1,-1,7,1,0,3,4,OTHER,
tier1,2026-07-03T17:58:37,tier1-run1,abomasnow,lucario,abomasnow,1,-1,27,3,2,3,2,OTHER,
tier1,2026-07-03T17:58:37,tier1-run1,abomasnow,lucario,lucario,-1,1,22,2,0,3,2,DECK_OUT,
tier1,2026-07-03T17:58:37,tier1-run1,abomasnow,lucario,abomasnow,1,-1,15,5,0,3,2,OTHER,
tier1,2026-07-03T17:58:37,tier1-run1,abomasnow,lucario,abomasnow,1,-1,21,1,4,3,2,DECK_OUT,
tier1,2026-07-03T17:58:37,tier1-run1,abomasnow,lucario,lucario,-1,1,14,0,3,3,2,NO_POKEMON_IN_PLAY,
tier1,2026-07-03T17:58:37,tier1-run1,abomasnow,lucario,abomasnow,1,-1,13,3,2,3,6,DECK_OUT,
tier1,2026-07-03T17:58:37,tier1-run1,abomasnow,lucario,abomasnow,1,-1,15,5,0,7,2,DECK_OUT,
tier1,2026-07-03T17:58:37,tier1-run1,abomasnow,lucario,abomasnow,1,-1,11,3,0,3,2,OTHER,
tier1,2026-07-03T17:58:37,tier1-run1,abomasnow,lucario,abomasnow,1,-1,13,1,1,3,4,DECK_OUT,
tier1,2026-07-03T17:58:37,tier1-run1,abomasnow,lucario,lucario,-1,1,12,3,1,3,2,DECK_OUT,
tier1,2026-07-03T17:58:37,tier1-run1,abomasnow,lucario,lucario,-1,1,22,5,0,3,18,DECK_OUT,
tier1,2026-07-03T17:58:37,tier1-run1,abomasnow,lucario,abomasnow,1,-1,5,1,0,3,2,OTHER,
tier1,2026-07-03T17:58:37,tier1-run1,abomasnow,lucario,abomasnow,1,-1,11,4,0,3,2,OTHER,
tier1,2026-07-03T17:58:37,tier1-run1,abomasnow,lucario,abomasnow,1,-1,3,0,0,3,2,OTHER,
tier1,2026-07-03T17:58:37,tier1-run1,abomasnow,lucario,abomasnow,1,-1,3,0,0,3,2,OTHER,
tier1,2026-07-03T17:58:37,tier1-run1,abomasnow,lucario,abomasnow,1,-1,19,3,3,5,2,DECK_OUT,
tier1,2026-07-03T17:58:37,tier1-run1,abomasnow,lucario,abomasnow,1,-1,11,1,1,3,4,DECK_OUT,
tier1,2026-07-03T17:58:37,tier1-run1,abomasnow,lucario,abomasnow,1,-1,23,5,5,7,2,DECK_OUT,
tier1,2026-07-03T17:58:37,tier1-run1,abomasnow,lucario,abomasnow,1,-1,17,3,2,3,2,DECK_OUT,
tier1,2026-07-03T17:58:37,tier1-run1,abomasnow,lucario,abomasnow,1,-1,13,5,2,3,2,OTHER,
tier1,2026-07-03T17:58:37,tier1-run1,abomasnow,lucario,lucario,-1,1,16,3,0,3,2,DECK_OUT,
tier1,2026-07-03T17:58:37,tier1-run1,abomasnow,lucario,abomasnow,1,-1,13,0,0,3,2,DECK_OUT,
tier1,2026-07-03T17:58:37,tier1-run1,abomasnow,lucario,lucario,-1,1,10,1,1,3,4,NO_POKEMON_IN_PLAY,
tier1,2026-07-03T17:58:37,tier1-run1,abomasnow,lucario,lucario,-1,1,22,5,1,5,12,DECK_OUT,
tier1,2026-07-03T17:58:37,tier1-run1,abomasnow,lucario,abomasnow,1,-1,23,5,5,9,2,DECK_OUT,
tier1,2026-07-03T17:58:37,tier1-run1,abomasnow,lucario,lucario,-1,1,8,0,0,3,4,NO_POKEMON_IN_PLAY,
tier1,2026-07-03T17:58:37,tier1-run1,abomasnow,lucario,abomasnow,1,-1,17,3,0,3,6,OTHER,
tier1,2026-07-03T17:58:37,tier1-run1,abomasnow,lucario,lucario,-1,1,10,0,2,7,4,NO_POKEMON_IN_PLAY,
tier1,2026-07-03T17:58:37,tier1-run1,abomasnow,lucario,abomasnow,1,-1,19,3,1,3,2,DECK_OUT,
tier1,2026-07-03T17:58:37,tier1-run1,abomasnow,lucario,abomasnow,1,-1,43,2,1,3,2,DECK_OUT,
tier1,2026-07-03T17:58:37,tier1-run1,abomasnow,lucario,abomasnow,1,-1,15,2,0,3,2,DECK_OUT,
tier1,2026-07-03T17:58:37,tier1-run1,abomasnow,lucario,abomasnow,1,-1,9,3,0,3,2,OTHER,
tier1,2026-07-03T17:58:37,tier1-run1,abomasnow,lucario,lucario,-1,1,2,0,0,,2,NO_POKEMON_IN_PLAY,
tier1,2026-07-03T17:58:37,tier1-run1,abomasnow,lucario,lucario,-1,1,16,4,3,9,2,OTHER,
tier1,2026-07-03T17:58:37,tier1-run1,abomasnow,lucario,abomasnow,1,-1,13,1,0,9,4,DECK_OUT,
tier1,2026-07-03T17:58:37,tier1-run1,abomasnow,lucario,abomasnow,1,-1,13,3,0,7,2,DECK_OUT,
tier1,2026-07-03T17:58:37,tier1-run1,abomasnow,lucario,abomasnow,1,-1,13,5,1,3,2,DECK_OUT,
tier1,2026-07-03T17:58:37,tier1-run1,abomasnow,lucario,lucario,-1,1,4,0,0,3,2,NO_POKEMON_IN_PLAY,
tier1,2026-07-03T17:58:37,tier1-run1,abomasnow,lucario,abomasnow,1,-1,11,5,0,3,,OTHER,
tier1,2026-07-03T17:58:37,tier1-run1,abomasnow,lucario,lucario,-1,1,12,4,1,3,2,DECK_OUT,
tier1,2026-07-03T17:58:37,tier1-run1,abomasnow,lucario,abomasnow,1,-1,13,1,2,3,4,DECK_OUT,
tier1,2026-07-03T17:58:37,tier1-run1,abomasnow,lucario,abomasnow,1,-1,15,1,4,3,2,DECK_OUT,
tier1,2026-07-03T17:58:37,tier1-run1,abomasnow,lucario,abomasnow,1,-1,13,1,0,3,4,DECK_OUT,
tier1,2026-07-03T17:58:37,tier1-run1,abomasnow,lucario,abomasnow,1,-1,9,1,0,3,2,OTHER,
tier1,2026-07-03T17:58:37,tier1-run1,abomasnow,lucario,abomasnow,1,-1,15,4,0,3,10,DECK_OUT,
tier1,2026-07-03T17:58:37,tier1-run1,abomasnow,lucario,abomasnow,1,-1,25,2,2,5,2,DECK_OUT,
tier1,2026-07-03T17:58:37,tier1-run1,abomasnow,lucario,lucario,-1,1,8,0,0,3,4,NO_POKEMON_IN_PLAY,
tier1,2026-07-03T17:58:37,tier1-run1,abomasnow,lucario,abomasnow,1,-1,15,5,2,7,2,OTHER,
tier1,2026-07-03T17:58:37,tier1-run1,abomasnow,lucario,abomasnow,1,-1,23,5,3,3,2,OTHER,
tier1,2026-07-03T17:58:37,tier1-run1,abomasnow,lucario,abomasnow,1,-1,11,2,0,3,4,OTHER,
tier1,2026-07-03T17:58:37,tier1-run1,abomasnow,lucario,lucario,-1,1,10,5,0,3,6,NO_POKEMON_IN_PLAY,
tier1,2026-07-03T17:58:37,tier1-run1,abomasnow,lucario,abomasnow,1,-1,3,0,0,3,2,OTHER,
tier1,2026-07-03T17:58:37,tier1-run1,abomasnow,lucario,abomasnow,1,-1,13,4,1,3,2,OTHER,
tier1,2026-07-03T17:58:37,tier1-run1,abomasnow,lucario,abomasnow,1,-1,23,4,5,3,2,DECK_OUT,
tier1,2026-07-03T17:58:37,tier1-run1,abomasnow,lucario,abomasnow,1,-1,3,0,0,3,2,OTHER,
tier1,2026-07-03T17:58:37,tier1-run1,abomasnow,lucario,lucario,-1,1,20,5,1,3,4,DECK_OUT,
tier1,2026-07-03T17:58:37,tier1-run1,abomasnow,lucario,abomasnow,1,-1,13,4,3,3,2,DECK_OUT,
tier1,2026-07-03T17:58:37,tier1-run1,abomasnow,lucario,abomasnow,1,-1,19,5,4,3,2,OTHER,
tier1,2026-07-03T17:58:37,tier1-run1,abomasnow,lucario,abomasnow,1,-1,13,5,0,3,6,OTHER,
tier1,2026-07-03T17:58:37,tier1-run1,abomasnow,lucario,lucario,-1,1,4,0,0,3,2,NO_POKEMON_IN_PLAY,
tier1,2026-07-03T17:58:37,tier1-run1,abomasnow,lucario,lucario,-1,1,12,5,0,3,10,DECK_OUT,
tier1,2026-07-03T17:58:37,tier1-run1,abomasnow,lucario,abomasnow,1,-1,29,3,4,7,20,DECK_OUT,
tier1,2026-07-03T17:58:37,tier1-run1,abomasnow,lucario,lucario,-1,1,14,3,3,11,2,OTHER,
tier1,2026-07-03T17:58:37,tier1-run1,abomasnow,lucario,abomasnow,1,-1,17,3,1,9,2,DECK_OUT,
tier1,2026-07-03T17:58:37,tier1-run1,abomasnow,lucario,lucario,-1,1,6,0,1,3,2,NO_POKEMON_IN_PLAY,
tier1,2026-07-03T17:58:37,tier1-run1,abomasnow,lucario,abomasnow,1,-1,15,5,1,3,2,OTHER,
tier1,2026-07-03T17:58:37,tier1-run1,abomasnow,lucario,abomasnow,1,-1,7,2,0,3,2,OTHER,
tier1,2026-07-03T17:58:37,tier1-run1,abomasnow,lucario,lucario,-1,1,18,3,0,3,12,DECK_OUT,
tier1,2026-07-03T17:58:37,tier1-run1,abomasnow,lucario,lucario,-1,1,14,3,1,7,2,DECK_OUT,
tier1,2026-07-03T17:58:37,tier1-run1,abomasnow,lucario,abomasnow,1,-1,13,5,0,3,,DECK_OUT,
tier1,2026-07-03T17:58:51,tier1-run1,lucario,starmie,lucario,1,-1,15,3,4,9,2,OTHER,
tier1,2026-07-03T17:58:51,tier1-run1,lucario,starmie,lucario,1,-1,7,0,0,7,2,OTHER,
tier1,2026-07-03T17:58:51,tier1-run1,lucario,starmie,lucario,1,-1,13,0,0,3,2,OTHER,
tier1,2026-07-03T17:58:51,tier1-run1,lucario,starmie,lucario,1,-1,3,0,0,3,2,OTHER,
tier1,2026-07-03T17:58:51,tier1-run1,lucario,starmie,lucario,1,-1,15,0,0,15,2,OTHER,
tier1,2026-07-03T17:58:51,tier1-run1,lucario,starmie,lucario,1,-1,13,0,0,3,2,OTHER,
tier1,2026-07-03T17:58:51,tier1-run1,lucario,starmie,lucario,1,-1,11,0,0,11,2,OTHER,
tier1,2026-07-03T17:58:51,tier1-run1,lucario,starmie,lucario,1,-1,7,0,0,7,2,OTHER,
tier1,2026-07-03T17:58:51,tier1-run1,lucario,starmie,lucario,1,-1,5,0,0,3,2,OTHER,
tier1,2026-07-03T17:58:51,tier1-run1,lucario,starmie,starmie,-1,1,6,1,0,3,2,NO_POKEMON_IN_PLAY,
tier1,2026-07-03T17:58:51,tier1-run1,lucario,starmie,starmie,-1,1,12,1,2,11,2,DECK_OUT,
tier1,2026-07-03T17:58:51,tier1-run1,lucario,starmie,lucario,1,-1,11,0,0,5,2,OTHER,
tier1,2026-07-03T17:58:51,tier1-run1,lucario,starmie,lucario,1,-1,5,0,0,5,2,OTHER,
tier1,2026-07-03T17:58:51,tier1-run1,lucario,starmie,lucario,1,-1,13,0,0,13,2,OTHER,
tier1,2026-07-03T17:58:51,tier1-run1,lucario,starmie,lucario,1,-1,9,0,0,9,2,OTHER,
tier1,2026-07-03T17:58:51,tier1-run1,lucario,starmie,lucario,1,-1,3,0,0,3,2,OTHER,
tier1,2026-07-03T17:58:51,tier1-run1,lucario,starmie,lucario,1,-1,7,0,0,3,2,OTHER,
tier1,2026-07-03T17:58:51,tier1-run1,lucario,starmie,lucario,1,-1,3,0,0,3,2,OTHER,
tier1,2026-07-03T17:58:51,tier1-run1,lucario,starmie,lucario,1,-1,13,0,0,13,2,NO_POKEMON_IN_PLAY,
tier1,2026-07-03T17:58:51,tier1-run1,lucario,starmie,lucario,1,-1,5,0,0,5,2,OTHER,
tier1,2026-07-03T17:58:51,tier1-run1,lucario,starmie,lucario,1,-1,15,0,0,5,2,OTHER,
tier1,2026-07-03T17:58:51,tier1-run1,lucario,starmie,lucario,1,-1,7,0,0,3,2,OTHER,
tier1,2026-07-03T17:58:51,tier1-run1,lucario,starmie,lucario,1,-1,7,0,0,5,2,OTHER,
tier1,2026-07-03T17:58:51,tier1-run1,lucario,starmie,lucario,1,-1,3,0,0,3,2,OTHER,
tier1,2026-07-03T17:58:51,tier1-run1,lucario,starmie,lucario,1,-1,7,0,0,7,2,OTHER,
tier1,2026-07-03T17:58:51,tier1-run1,lucario,starmie,starmie,-1,1,24,0,5,11,2,DECK_OUT,
tier1,2026-07-03T17:58:51,tier1-run1,lucario,starmie,lucario,1,-1,7,0,0,7,2,OTHER,
tier1,2026-07-03T17:58:51,tier1-run1,lucario,starmie,lucario,1,-1,3,0,0,3,2,OTHER,
tier1,2026-07-03T17:58:51,tier1-run1,lucario,starmie,lucario,1,-1,3,0,0,3,2,OTHER,
tier1,2026-07-03T17:58:51,tier1-run1,lucario,starmie,lucario,1,-1,11,0,0,11,2,NO_POKEMON_IN_PLAY,
tier1,2026-07-03T17:58:51,tier1-run1,lucario,starmie,lucario,1,-1,3,0,0,3,2,OTHER,
tier1,2026-07-03T17:58:51,tier1-run1,lucario,starmie,lucario,1,-1,5,0,0,5,2,OTHER,
tier1,2026-07-03T17:58:51,tier1-run1,lucario,starmie,lucario,1,-1,3,0,0,3,2,OTHER,
tier1,2026-07-03T17:58:51,tier1-run1,lucario,starmie,lucario,1,-1,3,0,0,3,2,OTHER,
tier1,2026-07-03T17:58:51,tier1-run1,lucario,starmie,lucario,1,-1,5,0,0,5,2,OTHER,
tier1,2026-07-03T17:58:51,tier1-run1,lucario,starmie,lucario,1,-1,13,0,0,3,2,OTHER,
tier1,2026-07-03T17:58:51,tier1-run1,lucario,starmie,starmie,-1,1,20,0,1,5,2,DECK_OUT,
tier1,2026-07-03T17:58:51,tier1-run1,lucario,starmie,lucario,1,-1,5,0,0,5,2,OTHER,
tier1,2026-07-03T17:58:51,tier1-run1,lucario,starmie,lucario,1,-1,3,0,0,3,2,OTHER,
tier1,2026-07-03T17:58:51,tier1-run1,lucario,starmie,lucario,1,-1,3,0,0,3,2,OTHER,
tier1,2026-07-03T17:58:51,tier1-run1,lucario,starmie,lucario,1,-1,3,0,0,3,2,OTHER,
tier1,2026-07-03T17:58:51,tier1-run1,lucario,starmie,lucario,1,-1,11,1,1,7,2,OTHER,
tier1,2026-07-03T17:58:51,tier1-run1,lucario,starmie,lucario,1,-1,3,0,0,3,2,OTHER,
tier1,2026-07-03T17:58:51,tier1-run1,lucario,starmie,lucario,1,-1,5,0,0,5,2,OTHER,
tier1,2026-07-03T17:58:51,tier1-run1,lucario,starmie,lucario,1,-1,9,1,0,5,2,OTHER,
tier1,2026-07-03T17:58:51,tier1-run1,lucario,starmie,lucario,1,-1,7,0,0,7,2,OTHER,
tier1,2026-07-03T17:58:51,tier1-run1,lucario,starmie,lucario,1,-1,3,0,0,3,2,OTHER,
tier1,2026-07-03T17:58:51,tier1-run1,lucario,starmie,lucario,1,-1,31,0,1,5,2,OTHER,
tier1,2026-07-03T17:58:51,tier1-run1,lucario,starmie,lucario,1,-1,3,0,0,3,2,OTHER,
tier1,2026-07-03T17:58:51,tier1-run1,lucario,starmie,lucario,1,-1,5,0,0,3,2,OTHER,
tier1,2026-07-03T17:58:51,tier1-run1,lucario,starmie,lucario,1,-1,5,0,0,5,2,OTHER,
tier1,2026-07-03T17:58:51,tier1-run1,lucario,starmie,lucario,1,-1,5,0,0,5,2,OTHER,
tier1,2026-07-03T17:58:51,tier1-run1,lucario,starmie,lucario,1,-1,3,0,0,3,2,OTHER,
tier1,2026-07-03T17:58:51,tier1-run1,lucario,starmie,lucario,1,-1,3,0,0,3,2,OTHER,
tier1,2026-07-03T17:58:51,tier1-run1,lucario,starmie,lucario,1,-1,9,0,0,3,2,OTHER,
tier1,2026-07-03T17:58:51,tier1-run1,lucario,starmie,lucario,1,-1,5,0,0,3,2,OTHER,
tier1,2026-07-03T17:58:51,tier1-run1,lucario,starmie,lucario,1,-1,11,1,0,9,2,OTHER,
tier1,2026-07-03T17:58:51,tier1-run1,lucario,starmie,lucario,1,-1,11,0,0,11,2,OTHER,
tier1,2026-07-03T17:58:51,tier1-run1,lucario,starmie,lucario,1,-1,3,0,0,3,2,OTHER,
tier1,2026-07-03T17:58:51,tier1-run1,lucario,starmie,lucario,1,-1,3,0,0,3,2,OTHER,
tier1,2026-07-03T17:58:51,tier1-run1,lucario,starmie,starmie,-1,1,12,0,0,3,2,DECK_OUT,
tier1,2026-07-03T17:58:51,tier1-run1,lucario,starmie,lucario,1,-1,15,0,0,9,2,OTHER,
tier1,2026-07-03T17:58:51,tier1-run1,lucario,starmie,lucario,1,-1,11,0,0,5,2,OTHER,
tier1,2026-07-03T17:58:51,tier1-run1,lucario,starmie,lucario,1,-1,15,0,0,3,2,OTHER,
tier1,2026-07-03T17:58:51,tier1-run1,lucario,starmie,lucario,1,-1,5,0,0,3,2,OTHER,
tier1,2026-07-03T17:58:51,tier1-run1,lucario,starmie,lucario,1,-1,3,0,0,3,2,OTHER,
tier1,2026-07-03T17:58:51,tier1-run1,lucario,starmie,lucario,1,-1,9,0,0,9,2,OTHER,
tier1,2026-07-03T17:58:51,tier1-run1,lucario,starmie,lucario,1,-1,5,0,0,5,2,OTHER,
tier1,2026-07-03T17:58:51,tier1-run1,lucario,starmie,lucario,1,-1,11,0,0,7,2,OTHER,
tier1,2026-07-03T17:58:51,tier1-run1,lucario,starmie,lucario,1,-1,3,0,0,3,2,OTHER,
tier1,2026-07-03T17:58:51,tier1-run1,lucario,starmie,lucario,1,-1,11,1,1,5,2,OTHER,
tier1,2026-07-03T17:58:51,tier1-run1,lucario,starmie,lucario,1,-1,11,0,0,5,2,NO_POKEMON_IN_PLAY,
tier1,2026-07-03T17:58:51,tier1-run1,lucario,starmie,lucario,1,-1,21,1,1,3,2,OTHER,
tier1,2026-07-03T17:58:51,tier1-run1,lucario,starmie,lucario,1,-1,5,0,0,5,2,OTHER,
tier1,2026-07-03T17:58:51,tier1-run1,lucario,starmie,lucario,1,-1,3,0,0,3,2,OTHER,
tier1,2026-07-03T17:58:51,tier1-run1,lucario,starmie,lucario,1,-1,5,0,0,5,2,OTHER,
tier1,2026-07-03T17:58:51,tier1-run1,lucario,starmie,lucario,1,-1,3,0,0,3,2,OTHER,
tier1,2026-07-03T17:58:51,tier1-run1,lucario,starmie,lucario,1,-1,29,0,2,5,2,OTHER,
tier1,2026-07-03T17:58:51,tier1-run1,lucario,starmie,lucario,1,-1,7,0,0,7,2,OTHER,
tier1,2026-07-03T17:58:51,tier1-run1,lucario,starmie,lucario,1,-1,3,0,0,3,2,OTHER,
tier1,2026-07-03T17:58:51,tier1-run1,lucario,starmie,lucario,1,-1,19,0,1,3,2,OTHER,
tier1,2026-07-03T17:58:51,tier1-run1,lucario,starmie,lucario,1,-1,21,0,0,3,2,OTHER,
tier1,2026-07-03T17:58:51,tier1-run1,lucario,starmie,lucario,1,-1,3,0,0,3,2,OTHER,
tier1,2026-07-03T17:58:51,tier1-run1,lucario,starmie,lucario,1,-1,17,0,0,17,2,OTHER,
tier1,2026-07-03T17:58:51,tier1-run1,lucario,starmie,lucario,1,-1,7,0,0,7,2,OTHER,
tier1,2026-07-03T17:58:51,tier1-run1,lucario,starmie,lucario,1,-1,5,0,0,5,2,OTHER,
tier1,2026-07-03T17:58:51,tier1-run1,lucario,starmie,lucario,1,-1,3,0,0,3,2,OTHER,
tier1,2026-07-03T17:58:51,tier1-run1,lucario,starmie,lucario,1,-1,13,2,1,3,2,OTHER,
tier1,2026-07-03T17:58:51,tier1-run1,lucario,starmie,lucario,1,,14,0,3,3,2,OTHER,
tier1,2026-07-03T17:58:51,tier1-run1,lucario,starmie,lucario,1,-1,5,0,0,3,2,OTHER,
tier1,2026-07-03T17:58:51,tier1-run1,lucario,starmie,lucario,1,-1,21,0,1,3,2,OTHER,
tier1,2026-07-03T17:58:51,tier1-run1,lucario,starmie,lucario,1,-1,3,0,0,3,2,OTHER,
tier1,2026-07-03T17:58:51,tier1-run1,lucario,starmie,starmie,-1,1,30,1,1,29,2,DECK_OUT,
tier1,2026-07-03T17:58:51,tier1-run1,lucario,starmie,lucario,1,-1,11,3,1,3,2,OTHER,
tier1,2026-07-03T17:58:51,tier1-run1,lucario,starmie,lucario,1,-1,9,0,0,3,2,OTHER,
tier1,2026-07-03T17:58:51,tier1-run1,lucario,starmie,lucario,1,-1,3,0,0,3,2,OTHER,
tier1,2026-07-03T17:58:51,tier1-run1,lucario,starmie,lucario,1,-1,5,0,0,5,2,OTHER,
tier1,2026-07-03T17:58:51,tier1-run1,lucario,starmie,lucario,1,-1,27,0,1,3,2,OTHER,
tier1,2026-07-03T17:58:51,tier1-run1,lucario,starmie,lucario,1,-1,3,0,0,3,2,OTHER,
tier1,2026-07-03T17:58:51,tier1-run1,lucario,starmie,lucario,1,-1,3,0,0,3,2,OTHER,
tier1,2026-07-03T17:58:51,tier1-run1,starmie,lucario,starmie,1,-1,21,1,0,3,,DECK_OUT,
tier1,2026-07-03T17:58:51,tier1-run1,starmie,lucario,lucario,,1,1,0,6,,,PRIZED_OUT,
tier1,2026-07-03T17:58:51,tier1-run1,starmie,lucario,lucario,-1,1,12,0,0,3,2,NO_POKEMON_IN_PLAY,
tier1,2026-07-03T17:58:51,tier1-run1,starmie,lucario,lucario,,1,1,0,0,,,OTHER,
tier1,2026-07-03T17:58:51,tier1-run1,starmie,lucario,lucario,,1,1,0,0,,,OTHER,
tier1,2026-07-03T17:58:51,tier1-run1,starmie,lucario,lucario,-1,1,14,3,2,3,2,NO_POKEMON_IN_PLAY,
tier1,2026-07-03T17:58:51,tier1-run1,starmie,lucario,lucario,-1,1,4,0,0,3,2,NO_POKEMON_IN_PLAY,
tier1,2026-07-03T17:58:51,tier1-run1,starmie,lucario,lucario,,1,1,0,0,,,OTHER,
tier1,2026-07-03T17:58:51,tier1-run1,starmie,lucario,lucario,,1,1,0,0,,,OTHER,
tier1,2026-07-03T17:58:51,tier1-run1,starmie,lucario,starmie,1,-1,11,3,0,3,,OTHER,
tier1,2026-07-03T17:58:51,tier1-run1,starmie,lucario,lucario,,1,1,6,6,,,PRIZED_OUT,
tier1,2026-07-03T17:58:51,tier1-run1,starmie,lucario,lucario,,1,1,0,0,,,OTHER,
tier1,2026-07-03T17:58:51,tier1-run1,starmie,lucario,lucario,,1,1,0,0,,,OTHER,
tier1,2026-07-03T17:58:51,tier1-run1,starmie,lucario,lucario,-1,1,6,0,0,3,2,NO_POKEMON_IN_PLAY,
tier1,2026-07-03T17:58:51,tier1-run1,starmie,lucario,lucario,-1,1,12,0,1,3,2,NO_POKEMON_IN_PLAY,
tier1,2026-07-03T17:58:51,tier1-run1,starmie,lucario,lucario,,1,1,6,6,,,PRIZED_OUT,
tier1,2026-07-03T17:58:51,tier1-run1,starmie,lucario,lucario,,1,1,0,0,,,OTHER,
tier1,2026-07-03T17:58:51,tier1-run1,starmie,lucario,lucario,,1,1,0,0,,,OTHER,
tier1,2026-07-03T17:58:51,tier1-run1,starmie,lucario,starmie,1,-1,13,3,2,3,2,DECK_OUT,
tier1,2026-07-03T17:58:51,tier1-run1,starmie,lucario,lucario,,1,1,6,6,,,PRIZED_OUT,
tier1,2026-07-03T17:58:51,tier1-run1,starmie,lucario,lucario,,1,1,0,0,,,OTHER,
tier1,2026-07-03T17:58:51,tier1-run1,starmie,lucario,lucario,,1,1,0,0,,,OTHER,
tier1,2026-07-03T17:58:51,tier1-run1,starmie,lucario,lucario,-1,1,14,0,0,3,2,NO_POKEMON_IN_PLAY,
tier1,2026-07-03T17:58:51,tier1-run1,starmie,lucario,lucario,-1,1,4,0,0,3,2,NO_POKEMON_IN_PLAY,
tier1,2026-07-03T17:58:51,tier1-run1,starmie,lucario,lucario,,1,1,0,0,,,OTHER,
tier1,2026-07-03T17:58:51,tier1-run1,starmie,lucario,lucario,-1,1,10,0,3,3,2,NO_POKEMON_IN_PLAY,
tier1,2026-07-03T17:58:51,tier1-run1,starmie,lucario,lucario,-1,1,10,0,0,3,2,NO_POKEMON_IN_PLAY,
tier1,2026-07-03T17:58:51,tier1-run1,starmie,lucario,starmie,1,-1,15,5,0,3,2,OTHER,
tier1,2026-07-03T17:58:51,tier1-run1,starmie,lucario,lucario,-1,1,2,0,0,,2,NO_POKEMON_IN_PLAY,
tier1,2026-07-03T17:58:51,tier1-run1,starmie,lucario,lucario,,1,1,0,0,,,OTHER,
tier1,2026-07-03T17:58:51,tier1-run1,starmie,lucario,lucario,,1,1,0,0,,,OTHER,
tier1,2026-07-03T17:58:51,tier1-run1,starmie,lucario,lucario,-1,1,14,0,1,3,2,NO_POKEMON_IN_PLAY,
tier1,2026-07-03T17:58:51,tier1-run1,starmie,lucario,lucario,-1,1,10,0,0,3,4,NO_POKEMON_IN_PLAY,
tier1,2026-07-03T17:58:51,tier1-run1,starmie,lucario,lucario,-1,1,6,0,1,3,4,NO_POKEMON_IN_PLAY,
tier1,2026-07-03T17:58:51,tier1-run1,starmie,lucario,lucario,-1,1,8,0,0,3,4,NO_POKEMON_IN_PLAY,
tier1,2026-07-03T17:58:51,tier1-run1,starmie,lucario,lucario,-1,1,8,0,1,3,4,NO_POKEMON_IN_PLAY,
tier1,2026-07-03T17:58:51,tier1-run1,starmie,lucario,lucario,,1,1,0,0,,,OTHER,
tier1,2026-07-03T17:58:51,tier1-run1,starmie,lucario,lucario,,1,1,0,0,,,OTHER,
tier1,2026-07-03T17:58:51,tier1-run1,starmie,lucario,lucario,,1,1,6,6,,,PRIZED_OUT,
tier1,2026-07-03T17:58:51,tier1-run1,starmie,lucario,lucario,-1,1,6,0,0,3,2,NO_POKEMON_IN_PLAY,
tier1,2026-07-03T17:58:51,tier1-run1,starmie,lucario,lucario,-1,1,4,0,1,3,2,NO_POKEMON_IN_PLAY,
tier1,2026-07-03T17:58:51,tier1-run1,starmie,lucario,lucario,,1,1,6,6,,,PRIZED_OUT,
tier1,2026-07-03T17:58:51,tier1-run1,starmie,lucario,lucario,,1,1,0,0,,,OTHER,
tier1,2026-07-03T17:58:51,tier1-run1,starmie,lucario,lucario,-1,1,4,0,0,3,4,NO_POKEMON_IN_PLAY,
tier1,2026-07-03T17:58:51,tier1-run1,starmie,lucario,starmie,1,-1,15,3,0,3,2,OTHER,
tier1,2026-07-03T17:58:51,tier1-run1,starmie,lucario,lucario,-1,1,10,0,1,3,2,NO_POKEMON_IN_PLAY,
tier1,2026-07-03T17:58:51,tier1-run1,starmie,lucario,lucario,,1,1,0,0,,,OTHER,
tier1,2026-07-03T17:58:51,tier1-run1,starmie,lucario,lucario,,1,1,0,0,,,OTHER,
tier1,2026-07-03T17:58:51,tier1-run1,starmie,lucario,lucario,,1,1,0,0,,,OTHER,
tier1,2026-07-03T17:58:51,tier1-run1,starmie,lucario,lucario,,1,1,6,6,,,PRIZED_OUT,
tier1,2026-07-03T17:58:51,tier1-run1,starmie,lucario,lucario,,1,1,0,6,,,PRIZED_OUT,
tier1,2026-07-03T17:58:51,tier1-run1,starmie,lucario,starmie,1,-1,21,1,1,3,2,DECK_OUT,
tier1,2026-07-03T17:58:51,tier1-run1,starmie,lucario,lucario,-1,1,4,0,0,3,4,NO_POKEMON_IN_PLAY,
tier1,2026-07-03T17:58:51,tier1-run1,starmie,lucario,lucario,-1,1,18,1,2,3,4,NO_POKEMON_IN_PLAY,
tier1,2026-07-03T17:58:51,tier1-run1,starmie,lucario,lucario,,1,1,6,6,,,PRIZED_OUT,
tier1,2026-07-03T17:58:51,tier1-run1,starmie,lucario,lucario,-1,1,6,0,1,3,2,NO_POKEMON_IN_PLAY,
tier1,2026-07-03T17:58:51,tier1-run1,starmie,lucario,lucario,,1,1,0,0,,,OTHER,
tier1,2026-07-03T17:58:51,tier1-run1,starmie,lucario,lucario,,1,1,6,6,,,PRIZED_OUT,
tier1,2026-07-03T17:58:51,tier1-run1,starmie,lucario,starmie,1,-1,31,2,1,3,4,DECK_OUT,
tier1,2026-07-03T17:58:51,tier1-run1,starmie,lucario,lucario,,1,1,0,0,,,OTHER,
tier1,2026-07-03T17:58:51,tier1-run1,starmie,lucario,lucario,,1,1,0,0,,,OTHER,
tier1,2026-07-03T17:58:51,tier1-run1,starmie,lucario,lucario,,1,1,0,0,,,OTHER,
tier1,2026-07-03T17:58:51,tier1-run1,starmie,lucario,lucario,,1,1,6,6,,,PRIZED_OUT,
tier1,2026-07-03T17:58:51,tier1-run1,starmie,lucario,lucario,,1,1,0,0,,,OTHER,
tier1,2026-07-03T17:58:51,tier1-run1,starmie,lucario,lucario,-1,1,8,0,0,3,4,NO_POKEMON_IN_PLAY,
tier1,2026-07-03T17:58:51,tier1-run1,starmie,lucario,lucario,,1,1,0,0,,,OTHER,
tier1,2026-07-03T17:58:51,tier1-run1,starmie,lucario,lucario,-1,1,14,1,1,3,2,NO_POKEMON_IN_PLAY,
tier1,2026-07-03T17:58:51,tier1-run1,starmie,lucario,lucario,,1,1,0,0,,,OTHER,
tier1,2026-07-03T17:58:51,tier1-run1,starmie,lucario,lucario,,1,1,0,0,,,OTHER,
tier1,2026-07-03T17:58:51,tier1-run1,starmie,lucario,lucario,-1,1,24,0,0,3,2,NO_POKEMON_IN_PLAY,
tier1,2026-07-03T17:58:51,tier1-run1,starmie,lucario,lucario,-1,1,4,0,1,3,2,NO_POKEMON_IN_PLAY,
tier1,2026-07-03T17:58:51,tier1-run1,starmie,lucario,lucario,,1,1,0,0,,,OTHER,
tier1,2026-07-03T17:58:51,tier1-run1,starmie,lucario,lucario,,1,1,0,0,,,OTHER,
tier1,2026-07-03T17:58:51,tier1-run1,starmie,lucario,lucario,,1,1,0,0,,,OTHER,
tier1,2026-07-03T17:58:51,tier1-run1,starmie,lucario,lucario,-1,1,14,1,0,3,2,NO_POKEMON_IN_PLAY,
tier1,2026-07-03T17:58:51,tier1-run1,starmie,lucario,lucario,-1,1,4,0,0,3,2,NO_POKEMON_IN_PLAY,
tier1,2026-07-03T17:58:51,tier1-run1,starmie,lucario,lucario,,1,1,0,0,,,OTHER,
tier1,2026-07-03T17:58:51,tier1-run1,starmie,lucario,lucario,,1,1,0,0,,,OTHER,
tier1,2026-07-03T17:58:51,tier1-run1,starmie,lucario,lucario,,1,1,0,6,,,PRIZED_OUT,
tier1,2026-07-03T17:58:51,tier1-run1,starmie,lucario,lucario,,1,1,0,0,,,OTHER,
tier1,2026-07-03T17:58:51,tier1-run1,starmie,lucario,lucario,-1,1,4,0,0,3,4,NO_POKEMON_IN_PLAY,
tier1,2026-07-03T17:58:51,tier1-run1,starmie,lucario,lucario,,1,1,0,0,,,OTHER,
tier1,2026-07-03T17:58:51,tier1-run1,starmie,lucario,lucario,,1,1,0,0,,,OTHER,
tier1,2026-07-03T17:58:51,tier1-run1,starmie,lucario,lucario,-1,1,10,0,2,3,2,NO_POKEMON_IN_PLAY,
tier1,2026-07-03T17:58:51,tier1-run1,starmie,lucario,starmie,1,-1,15,0,0,3,2,DECK_OUT,
tier1,2026-07-03T17:58:51,tier1-run1,starmie,lucario,lucario,,1,1,0,0,,,OTHER,
tier1,2026-07-03T17:58:51,tier1-run1,starmie,lucario,lucario,,1,1,0,0,,,OTHER,
tier1,2026-07-03T17:58:51,tier1-run1,starmie,lucario,lucario,-1,1,10,0,0,3,10,NO_POKEMON_IN_PLAY,
tier1,2026-07-03T17:58:51,tier1-run1,starmie,lucario,lucario,,1,1,0,0,,,OTHER,
tier1,2026-07-03T17:58:51,tier1-run1,starmie,lucario,lucario,,1,1,0,0,,,OTHER,
tier1,2026-07-03T17:58:51,tier1-run1,starmie,lucario,lucario,,1,1,0,0,,,OTHER,
tier1,2026-07-03T17:58:51,tier1-run1,starmie,lucario,lucario,,1,1,0,0,,,OTHER,
tier1,2026-07-03T17:58:51,tier1-run1,starmie,lucario,lucario,,1,1,0,0,,,OTHER,
tier1,2026-07-03T17:58:51,tier1-run1,starmie,lucario,lucario,-1,1,8,0,1,3,4,NO_POKEMON_IN_PLAY,
tier1,2026-07-03T17:58:51,tier1-run1,starmie,lucario,lucario,,1,1,0,6,,,PRIZED_OUT,
tier1,2026-07-03T17:58:51,tier1-run1,starmie,lucario,lucario,,1,9,1,1,3,2,OTHER,
tier1,2026-07-03T17:58:51,tier1-run1,starmie,lucario,lucario,-1,1,18,2,3,3,2,NO_POKEMON_IN_PLAY,
tier1,2026-07-03T17:58:51,tier1-run1,starmie,lucario,lucario,-1,1,4,0,0,3,4,NO_POKEMON_IN_PLAY,
tier1,2026-07-03T17:58:51,tier1-run1,starmie,lucario,lucario,,1,1,6,6,,,PRIZED_OUT,
tier1,2026-07-03T17:58:51,tier1-run1,starmie,lucario,lucario,,1,13,3,1,3,2,OTHER,
tier1,2026-07-03T17:59:33,tier1-run1,lucario,dragapult,lucario,1,-1,23,1,2,3,2,DECK_OUT,
tier1,2026-07-03T17:59:33,tier1-run1,lucario,dragapult,lucario,1,-1,15,5,0,3,2,OTHER,
tier1,2026-07-03T17:59:33,tier1-run1,lucario,dragapult,dragapult,-1,1,12,1,1,5,4,DECK_OUT,
tier1,2026-07-03T17:59:33,tier1-run1,lucario,dragapult,lucario,1,-1,21,2,2,15,6,DECK_OUT,
tier1,2026-07-03T17:59:33,tier1-run1,lucario,dragapult,lucario,1,-1,13,5,0,5,10,OTHER,
tier1,2026-07-03T17:59:33,tier1-run1,lucario,dragapult,lucario,1,-1,15,4,0,5,6,DECK_OUT,
tier1,2026-07-03T17:59:33,tier1-run1,lucario,dragapult,dragapult,-1,1,16,4,1,3,4,DECK_OUT,
tier1,2026-07-03T17:59:33,tier1-run1,lucario,dragapult,dragapult,-1,1,16,3,0,7,2,DECK_OUT,
tier1,2026-07-03T17:59:33,tier1-run1,lucario,dragapult,dragapult,-1,1,20,5,1,3,6,DECK_OUT,
tier1,2026-07-03T17:59:33,tier1-run1,lucario,dragapult,lucario,1,-1,19,1,2,5,4,DECK_OUT,
tier1,2026-07-03T17:59:33,tier1-run1,lucario,dragapult,dragapult,-1,1,16,0,1,5,8,DECK_OUT,
tier1,2026-07-03T17:59:33,tier1-run1,lucario,dragapult,dragapult,-1,1,30,0,3,3,2,DECK_OUT,
tier1,2026-07-03T17:59:33,tier1-run1,lucario,dragapult,dragapult,-1,1,16,1,0,5,2,DECK_OUT,
tier1,2026-07-03T17:59:33,tier1-run1,lucario,dragapult,lucario,1,-1,17,5,3,3,8,OTHER,
tier1,2026-07-03T17:59:33,tier1-run1,lucario,dragapult,lucario,1,-1,25,5,4,3,2,OTHER,
tier1,2026-07-03T17:59:33,tier1-run1,lucario,dragapult,lucario,1,-1,15,3,1,3,2,DECK_OUT,
tier1,2026-07-03T17:59:33,tier1-run1,lucario,dragapult,lucario,1,-1,11,5,0,3,8,OTHER,
tier1,2026-07-03T17:59:33,tier1-run1,lucario,dragapult,lucario,1,-1,21,2,0,7,4,DECK_OUT,
tier1,2026-07-03T17:59:33,tier1-run1,lucario,dragapult,lucario,1,-1,19,4,1,3,10,DECK_OUT,
tier1,2026-07-03T17:59:33,tier1-run1,lucario,dragapult,dragapult,-1,1,12,1,1,3,2,DECK_OUT,
tier1,2026-07-03T17:59:33,tier1-run1,lucario,dragapult,dragapult,-1,1,30,5,1,3,2,DECK_OUT,
tier1,2026-07-03T17:59:33,tier1-run1,lucario,dragapult,dragapult,-1,1,20,5,3,3,2,DECK_OUT,
tier1,2026-07-03T17:59:33,tier1-run1,lucario,dragapult,lucario,1,-1,23,5,0,3,14,DECK_OUT,
tier1,2026-07-03T17:59:33,tier1-run1,lucario,dragapult,lucario,1,-1,17,4,0,3,2,OTHER,
tier1,2026-07-03T17:59:33,tier1-run1,lucario,dragapult,lucario,1,-1,23,5,4,3,2,OTHER,
tier1,2026-07-03T17:59:33,tier1-run1,lucario,dragapult,lucario,1,-1,23,4,0,5,2,OTHER,
tier1,2026-07-03T17:59:33,tier1-run1,lucario,dragapult,lucario,1,-1,15,5,0,3,2,DECK_OUT,
tier1,2026-07-03T17:59:33,tier1-run1,lucario,dragapult,lucario,1,-1,3,0,0,3,2,OTHER,
tier1,2026-07-03T17:59:33,tier1-run1,lucario,dragapult,lucario,1,-1,15,5,0,3,2,OTHER,
tier1,2026-07-03T17:59:33,tier1-run1,lucario,dragapult,dragapult,-1,1,10,0,0,,6,DECK_OUT,
tier1,2026-07-03T17:59:33,tier1-run1,lucario,dragapult,dragapult,-1,1,16,3,2,5,2,DECK_OUT,
tier1,2026-07-03T17:59:33,tier1-run1,lucario,dragapult,dragapult,-1,1,20,5,1,5,4,DECK_OUT,
tier1,2026-07-03T17:59:33,tier1-run1,lucario,dragapult,lucario,1,-1,13,5,0,3,2,OTHER,
tier1,2026-07-03T17:59:33,tier1-run1,lucario,dragapult,lucario,1,-1,15,4,1,3,2,DECK_OUT,
tier1,2026-07-03T17:59:33,tier1-run1,lucario,dragapult,lucario,1,-1,17,4,4,3,2,OTHER,
tier1,2026-07-03T17:59:33,tier1-run1,lucario,dragapult,dragapult,-1,1,14,2,0,3,2,DECK_OUT,
tier1,2026-07-03T17:59:33,tier1-run1,lucario,dragapult,dragapult,-1,1,12,2,0,3,8,DECK_OUT,
tier1,2026-07-03T17:59:33,tier1-run1,lucario,dragapult,lucario,1,-1,11,4,0,3,10,OTHER,
tier1,2026-07-03T17:59:33,tier1-run1,lucario,dragapult,lucario,1,-1,25,5,1,3,2,DECK_OUT,
tier1,2026-07-03T17:59:33,tier1-run1,lucario,dragapult,lucario,1,-1,19,5,0,5,2,OTHER,
tier1,2026-07-03T17:59:33,tier1-run1,lucario,dragapult,lucario,1,-1,19,4,0,3,2,DECK_OUT,
tier1,2026-07-03T17:59:33,tier1-run1,lucario,dragapult,dragapult,-1,1,14,4,1,3,2,DECK_OUT,
tier1,2026-07-03T17:59:33,tier1-run1,lucario,dragapult,lucario,1,-1,15,5,0,3,2,OTHER,
tier1,2026-07-03T17:59:33,tier1-run1,lucario,dragapult,dragapult,-1,1,14,3,1,5,2,DECK_OUT,
tier1,2026-07-03T17:59:33,tier1-run1,lucario,dragapult,lucario,1,-1,11,5,0,3,6,OTHER,
tier1,2026-07-03T17:59:33,tier1-run1,lucario,dragapult,dragapult,-1,1,30,0,5,11,6,DECK_OUT,
tier1,2026-07-03T17:59:33,tier1-run1,lucario,dragapult,lucario,1,-1,21,5,0,3,2,OTHER,
tier1,2026-07-03T17:59:33,tier1-run1,lucario,dragapult,dragapult,-1,1,14,4,0,7,2,DECK_OUT,
tier1,2026-07-03T17:59:33,tier1-run1,lucario,dragapult,lucario,1,-1,29,3,0,5,2,DECK_OUT,
tier1,2026-07-03T17:59:33,tier1-run1,lucario,dragapult,dragapult,-1,1,22,1,2,3,2,DECK_OUT,
tier1,2026-07-03T17:59:33,tier1-run1,lucario,dragapult,lucario,1,-1,17,5,0,5,6,OTHER,
tier1,2026-07-03T17:59:33,tier1-run1,lucario,dragapult,lucario,1,-1,17,4,0,3,2,OTHER,
tier1,2026-07-03T17:59:33,tier1-run1,lucario,dragapult,dragapult,-1,1,16,0,2,3,2,DECK_OUT,
tier1,2026-07-03T17:59:33,tier1-run1,lucario,dragapult,dragapult,-1,1,16,2,2,3,6,DECK_OUT,
tier1,2026-07-03T17:59:33,tier1-run1,lucario,dragapult,dragapult,-1,1,18,5,0,7,2,DECK_OUT,
tier1,2026-07-03T17:59:33,tier1-run1,lucario,dragapult,dragapult,-1,1,20,5,0,5,2,DECK_OUT,
tier1,2026-07-03T17:59:33,tier1-run1,lucario,dragapult,dragapult,-1,1,12,0,0,3,10,DECK_OUT,
tier1,2026-07-03T17:59:33,tier1-run1,lucario,dragapult,lucario,1,-1,25,5,2,7,2,DECK_OUT,
tier1,2026-07-03T17:59:33,tier1-run1,lucario,dragapult,lucario,1,-1,19,3,1,3,2,DECK_OUT,
tier1,2026-07-03T17:59:33,tier1-run1,lucario,dragapult,dragapult,-1,1,14,4,0,5,,DECK_OUT,
tier1,2026-07-03T17:59:33,tier1-run1,lucario,dragapult,lucario,1,-1,15,5,0,3,10,OTHER,
tier1,2026-07-03T17:59:33,tier1-run1,lucario,dragapult,dragapult,-1,1,18,5,0,3,6,DECK_OUT,
tier1,2026-07-03T17:59:33,tier1-run1,lucario,dragapult,dragapult,-1,1,16,0,3,3,2,DECK_OUT,
tier1,2026-07-03T17:59:33,tier1-run1,lucario,dragapult,dragapult,-1,1,10,2,0,3,,DECK_OUT,
tier1,2026-07-03T17:59:33,tier1-run1,lucario,dragapult,lucario,1,-1,13,5,0,3,2,OTHER,
tier1,2026-07-03T17:59:33,tier1-run1,lucario,dragapult,dragapult,-1,1,16,4,0,3,2,DECK_OUT,
tier1,2026-07-03T17:59:33,tier1-run1,lucario,dragapult,lucario,1,-1,3,0,0,3,2,OTHER,
tier1,2026-07-03T17:59:33,tier1-run1,lucario,dragapult,lucario,1,-1,15,4,0,3,12,OTHER,
tier1,2026-07-03T17:59:33,tier1-run1,lucario,dragapult,dragapult,-1,1,18,2,1,5,4,DECK_OUT,
tier1,2026-07-03T17:59:33,tier1-run1,lucario,dragapult,dragapult,-1,1,38,1,5,19,2,OTHER,
tier1,2026-07-03T17:59:33,tier1-run1,lucario,dragapult,lucario,1,-1,3,0,0,3,2,OTHER,
tier1,2026-07-03T17:59:33,tier1-run1,lucario,dragapult,lucario,1,-1,17,2,0,9,2,DECK_OUT,
tier1,2026-07-03T17:59:33,tier1-run1,lucario,dragapult,dragapult,-1,1,16,5,0,3,12,DECK_OUT,
tier1,2026-07-03T17:59:33,tier1-run1,lucario,dragapult,lucario,1,-1,15,2,0,5,6,DECK_OUT,
tier1,2026-07-03T17:59:33,tier1-run1,lucario,dragapult,lucario,1,-1,19,3,1,3,2,DECK_OUT,
tier1,2026-07-03T17:59:33,tier1-run1,lucario,dragapult,dragapult,-1,1,18,2,2,3,2,DECK_OUT,
tier1,2026-07-03T17:59:33,tier1-run1,lucario,dragapult,lucario,1,-1,19,2,1,15,6,DECK_OUT,
tier1,2026-07-03T17:59:33,tier1-run1,lucario,dragapult,lucario,1,-1,17,3,0,3,2,DECK_OUT,
tier1,2026-07-03T17:59:33,tier1-run1,lucario,dragapult,lucario,1,-1,25,5,2,3,2,OTHER,
tier1,2026-07-03T17:59:33,tier1-run1,lucario,dragapult,dragapult,-1,1,18,4,2,3,8,DECK_OUT,
tier1,2026-07-03T17:59:33,tier1-run1,lucario,dragapult,dragapult,-1,1,12,1,1,3,2,DECK_OUT,
tier1,2026-07-03T17:59:33,tier1-run1,lucario,dragapult,lucario,1,-1,21,3,3,3,2,DECK_OUT,
tier1,2026-07-03T17:59:33,tier1-run1,lucario,dragapult,lucario,1,-1,25,5,5,3,2,DECK_OUT,
tier1,2026-07-03T17:59:33,tier1-run1,lucario,dragapult,dragapult,-1,1,22,4,0,9,2,DECK_OUT,
tier1,2026-07-03T17:59:33,tier1-run1,lucario,dragapult,dragapult,-1,1,12,0,3,,4,DECK_OUT,
tier1,2026-07-03T17:59:33,tier1-run1,lucario,dragapult,dragapult,-1,1,14,0,0,5,,DECK_OUT,
tier1,2026-07-03T17:59:33,tier1-run1,lucario,dragapult,dragapult,-1,1,14,1,1,3,2,DECK_OUT,
tier1,2026-07-03T17:59:33,tier1-run1,lucario,dragapult,lucario,1,-1,21,4,0,3,2,DECK_OUT,
tier1,2026-07-03T17:59:33,tier1-run1,lucario,dragapult,lucario,1,-1,5,0,0,5,,OTHER,
tier1,2026-07-03T17:59:33,tier1-run1,lucario,dragapult,lucario,1,-1,15,5,0,3,2,OTHER,
tier1,2026-07-03T17:59:33,tier1-run1,lucario,dragapult,lucario,1,-1,11,4,0,3,2,OTHER,
tier1,2026-07-03T17:59:33,tier1-run1,lucario,dragapult,dragapult,-1,1,30,5,2,5,14,DECK_OUT,
tier1,2026-07-03T17:59:33,tier1-run1,lucario,dragapult,lucario,1,-1,27,3,1,5,2,DECK_OUT,
tier1,2026-07-03T17:59:33,tier1-run1,lucario,dragapult,lucario,1,-1,15,4,0,3,2,OTHER,
tier1,2026-07-03T17:59:33,tier1-run1,lucario,dragapult,lucario,1,-1,17,5,0,5,4,DECK_OUT,
tier1,2026-07-03T17:59:33,tier1-run1,lucario,dragapult,lucario,1,-1,5,1,0,3,4,OTHER,
tier1,2026-07-03T17:59:33,tier1-run1,lucario,dragapult,lucario,1,-1,19,4,1,5,2,DECK_OUT,
tier1,2026-07-03T17:59:33,tier1-run1,lucario,dragapult,dragapult,-1,1,18,2,1,3,4,DECK_OUT,
tier1,2026-07-03T17:59:33,tier1-run1,lucario,dragapult,dragapult,-1,1,16,4,2,5,4,DECK_OUT,
tier1,2026-07-03T17:59:33,tier1-run1,lucario,dragapult,dragapult,-1,1,24,4,1,3,14,DECK_OUT,
tier1,2026-07-03T17:59:33,tier1-run1,dragapult,lucario,dragapult,1,-1,13,2,0,5,2,DECK_OUT,
tier1,2026-07-03T17:59:33,tier1-run1,dragapult,lucario,dragapult,1,-1,15,2,1,3,4,DECK_OUT,
tier1,2026-07-03T17:59:33,tier1-run1,dragapult,lucario,lucario,-1,1,20,1,0,13,4,DECK_OUT,
tier1,2026-07-03T17:59:33,tier1-run1,dragapult,lucario,dragapult,1,-1,13,1,0,7,,DECK_OUT,
tier1,2026-07-03T17:59:33,tier1-run1,dragapult,lucario,lucario,-1,1,22,0,0,5,,DECK_OUT,
tier1,2026-07-03T17:59:33,tier1-run1,dragapult,lucario,lucario,-1,1,22,0,3,3,2,DECK_OUT,
tier1,2026-07-03T17:59:33,tier1-run1,dragapult,lucario,lucario,-1,1,20,1,4,3,4,DECK_OUT,
tier1,2026-07-03T17:59:33,tier1-run1,dragapult,lucario,lucario,-1,1,22,0,3,13,10,DECK_OUT,
tier1,2026-07-03T17:59:33,tier1-run1,dragapult,lucario,lucario,-1,1,2,0,0,,2,NO_POKEMON_IN_PLAY,
tier1,2026-07-03T17:59:33,tier1-run1,dragapult,lucario,lucario,-1,1,12,0,0,3,4,NO_POKEMON_IN_PLAY,
tier1,2026-07-03T17:59:33,tier1-run1,dragapult,lucario,lucario,-1,1,20,1,3,11,2,DECK_OUT,
tier1,2026-07-03T17:59:33,tier1-run1,dragapult,lucario,lucario,-1,1,16,0,5,3,2,NO_POKEMON_IN_PLAY,
tier1,2026-07-03T17:59:33,tier1-run1,dragapult,lucario,lucario,-1,1,24,1,5,3,2,OTHER,
tier1,2026-07-03T17:59:33,tier1-run1,dragapult,lucario,lucario,-1,1,2,0,0,,2,NO_POKEMON_IN_PLAY,
tier1,2026-07-03T17:59:33,tier1-run1,dragapult,lucario,lucario,-1,1,18,1,4,9,2,OTHER,
tier1,2026-07-03T17:59:33,tier1-run1,dragapult,lucario,lucario,-1,1,18,1,1,5,10,DECK_OUT,
tier1,2026-07-03T17:59:33,tier1-run1,dragapult,lucario,dragapult,1,-1,23,3,1,3,6,DECK_OUT,
tier1,2026-07-03T17:59:33,tier1-run1,dragapult,lucario,dragapult,1,-1,21,1,1,3,2,DECK_OUT,
tier1,2026-07-03T17:59:33,tier1-run1,dragapult,lucario,dragapult,1,-1,25,2,5,5,4,DECK_OUT,
tier1,2026-07-03T17:59:33,tier1-run1,dragapult,lucario,lucario,-1,1,20,0,3,3,4,DECK_OUT,
tier1,2026-07-03T17:59:33,tier1-run1,dragapult,lucario,dragapult,1,-1,13,1,2,3,4,DECK_OUT,
tier1,2026-07-03T17:59:33,tier1-run1,dragapult,lucario,dragapult,1,-1,23,1,0,13,2,DECK_OUT,
tier1,2026-07-03T17:59:33,tier1-run1,dragapult,lucario,lucario,-1,1,8,0,3,3,2,NO_POKEMON_IN_PLAY,
tier1,2026-07-03T17:59:33,tier1-run1,dragapult,lucario,dragapult,1,-1,17,2,1,3,8,DECK_OUT,
tier1,2026-07-03T17:59:33,tier1-run1,dragapult,lucario,lucario,-1,1,2,0,0,,2,NO_POKEMON_IN_PLAY,
tier1,2026-07-03T17:59:33,tier1-run1,dragapult,lucario,dragapult,1,-1,15,1,3,5,2,DECK_OUT,
tier1,2026-07-03T17:59:33,tier1-run1,dragapult,lucario,lucario,-1,1,22,1,5,3,2,DECK_OUT,
tier1,2026-07-03T17:59:33,tier1-run1,dragapult,lucario,dragapult,1,-1,11,1,2,9,2,DECK_OUT,
tier1,2026-07-03T17:59:33,tier1-run1,dragapult,lucario,lucario,-1,1,24,2,5,5,2,DECK_OUT,
tier1,2026-07-03T17:59:33,tier1-run1,dragapult,lucario,lucario,-1,1,14,2,2,3,2,DECK_OUT,
tier1,2026-07-03T17:59:33,tier1-run1,dragapult,lucario,dragapult,1,-1,19,2,2,3,2,DECK_OUT,
tier1,2026-07-03T17:59:33,tier1-run1,dragapult,lucario,lucario,-1,1,14,1,0,7,2,DECK_OUT,
tier1,2026-07-03T17:59:33,tier1-run1,dragapult,lucario,dragapult,1,-1,21,1,3,5,4,DECK_OUT,
tier1,2026-07-03T17:59:33,tier1-run1,dragapult,lucario,lucario,-1,1,26,0,5,3,2,DECK_OUT,
tier1,2026-07-03T17:59:33,tier1-run1,dragapult,lucario,dragapult,1,-1,15,3,3,5,4,DECK_OUT,
tier1,2026-07-03T17:59:33,tier1-run1,dragapult,lucario,dragapult,1,-1,15,1,0,5,8,DECK_OUT,
tier1,2026-07-03T17:59:33,tier1-run1,dragapult,lucario,lucario,-1,1,20,3,5,11,2,OTHER,
tier1,2026-07-03T17:59:33,tier1-run1,dragapult,lucario,lucario,-1,1,22,0,5,7,2,DECK_OUT,
tier1,2026-07-03T17:59:33,tier1-run1,dragapult,lucario,dragapult,1,-1,11,2,0,3,2,OTHER,
tier1,2026-07-03T17:59:33,tier1-run1,dragapult,lucario,dragapult,1,-1,15,1,3,3,6,DECK_OUT,
tier1,2026-07-03T17:59:33,tier1-run1,dragapult,lucario,lucario,-1,1,14,0,4,3,2,OTHER,
tier1,2026-07-03T17:59:33,tier1-run1,dragapult,lucario,dragapult,1,-1,13,2,1,3,4,DECK_OUT,
tier1,2026-07-03T17:59:33,tier1-run1,dragapult,lucario,lucario,-1,1,22,3,0,3,2,DECK_OUT,
tier1,2026-07-03T17:59:33,tier1-run1,dragapult,lucario,dragapult,1,-1,15,1,0,5,2,OTHER,
tier1,2026-07-03T17:59:33,tier1-run1,dragapult,lucario,dragapult,1,-1,25,3,0,5,4,OTHER,
tier1,2026-07-03T17:59:33,tier1-run1,dragapult,lucario,dragapult,1,-1,19,2,2,9,6,DECK_OUT,
tier1,2026-07-03T17:59:33,tier1-run1,dragapult,lucario,dragapult,1,-1,29,3,2,5,2,OTHER,
tier1,2026-07-03T17:59:33,tier1-run1,dragapult,lucario,lucario,-1,1,16,3,4,3,4,DECK_OUT,
tier1,2026-07-03T17:59:33,tier1-run1,dragapult,lucario,dragapult,1,-1,25,5,0,5,2,OTHER,
tier1,2026-07-03T17:59:33,tier1-run1,dragapult,lucario,lucario,-1,1,2,0,0,,2,NO_POKEMON_IN_PLAY,
tier1,2026-07-03T17:59:33,tier1-run1,dragapult,lucario,dragapult,1,-1,19,0,4,3,4,DECK_OUT,
tier1,2026-07-03T17:59:33,tier1-run1,dragapult,lucario,lucario,-1,1,10,0,4,3,2,OTHER,
tier1,2026-07-03T17:59:33,tier1-run1,dragapult,lucario,dragapult,1,-1,31,3,4,3,6,DECK_OUT,
tier1,2026-07-03T17:59:33,tier1-run1,dragapult,lucario,lucario,-1,1,22,2,3,3,2,DECK_OUT,
tier1,2026-07-03T17:59:33,tier1-run1,dragapult,lucario,lucario,-1,1,6,0,0,3,6,NO_POKEMON_IN_PLAY,
tier1,2026-07-03T17:59:33,tier1-run1,dragapult,lucario,lucario,-1,1,16,0,5,5,2,OTHER,
tier1,2026-07-03T17:59:33,tier1-run1,dragapult,lucario,lucario,-1,1,16,1,4,7,2,OTHER,
tier1,2026-07-03T17:59:33,tier1-run1,dragapult,lucario,dragapult,1,-1,37,5,0,3,2,DECK_OUT,
tier1,2026-07-03T17:59:33,tier1-run1,dragapult,lucario,lucario,-1,1,26,3,2,5,2,DECK_OUT,
tier1,2026-07-03T17:59:33,tier1-run1,dragapult,lucario,dragapult,1,-1,17,0,0,5,2,DECK_OUT,
tier1,2026-07-03T17:59:33,tier1-run1,dragapult,lucario,lucario,-1,1,6,0,2,5,2,NO_POKEMON_IN_PLAY,
tier1,2026-07-03T17:59:33,tier1-run1,dragapult,lucario,dragapult,1,-1,15,2,2,3,2,DECK_OUT,
tier1,2026-07-03T17:59:33,tier1-run1,dragapult,lucario,dragapult,1,-1,19,0,5,3,4,DECK_OUT,
tier1,2026-07-03T17:59:33,tier1-run1,dragapult,lucario,lucario,-1,1,14,0,4,3,4,OTHER,
tier1,2026-07-03T17:59:33,tier1-run1,dragapult,lucario,lucario,-1,1,10,0,5,5,2,NO_POKEMON_IN_PLAY,
tier1,2026-07-03T17:59:33,tier1-run1,dragapult,lucario,lucario,-1,1,18,3,5,7,2,OTHER,
tier1,2026-07-03T17:59:33,tier1-run1,dragapult,lucario,dragapult,1,-1,15,1,2,9,4,DECK_OUT,
tier1,2026-07-03T17:59:33,tier1-run1,dragapult,lucario,dragapult,1,-1,25,3,0,3,2,DECK_OUT,
tier1,2026-07-03T17:59:33,tier1-run1,dragapult,lucario,lucario,-1,1,2,0,0,,2,NO_POKEMON_IN_PLAY,
tier1,2026-07-03T17:59:33,tier1-run1,dragapult,lucario,dragapult,1,-1,25,2,0,9,2,DECK_OUT,
tier1,2026-07-03T17:59:33,tier1-run1,dragapult,lucario,dragapult,1,-1,19,1,4,3,2,DECK_OUT,
tier1,2026-07-03T17:59:33,tier1-run1,dragapult,lucario,lucario,-1,1,18,1,3,7,2,DECK_OUT,
tier1,2026-07-03T17:59:33,tier1-run1,dragapult,lucario,dragapult,1,-1,15,1,2,3,4,DECK_OUT,
tier1,2026-07-03T17:59:33,tier1-run1,dragapult,lucario,lucario,-1,1,16,0,4,5,2,DECK_OUT,
tier1,2026-07-03T17:59:33,tier1-run1,dragapult,lucario,dragapult,1,-1,21,1,3,7,8,DECK_OUT,
tier1,2026-07-03T17:59:33,tier1-run1,dragapult,lucario,lucario,-1,1,30,1,4,15,2,DECK_OUT,
tier1,2026-07-03T17:59:33,tier1-run1,dragapult,lucario,lucario,-1,1,26,5,0,3,2,DECK_OUT,
tier1,2026-07-03T17:59:33,tier1-run1,dragapult,lucario,lucario,-1,1,26,5,0,3,2,DECK_OUT,
tier1,2026-07-03T17:59:33,tier1-run1,dragapult,lucario,lucario,-1,1,8,0,0,3,4,NO_POKEMON_IN_PLAY,
tier1,2026-07-03T17:59:33,tier1-run1,dragapult,lucario,dragapult,1,-1,13,0,2,3,4,DECK_OUT,
tier1,2026-07-03T17:59:33,tier1-run1,dragapult,lucario,lucario,-1,1,26,1,4,7,2,OTHER,
tier1,2026-07-03T17:59:33,tier1-run1,dragapult,lucario,dragapult,1,-1,15,0,2,11,2,DECK_OUT,
tier1,2026-07-03T17:59:33,tier1-run1,dragapult,lucario,lucario,-1,1,12,1,4,3,2,OTHER,
tier1,2026-07-03T17:59:33,tier1-run1,dragapult,lucario,dragapult,1,-1,19,1,3,3,6,DECK_OUT,
tier1,2026-07-03T17:59:33,tier1-run1,dragapult,lucario,dragapult,1,-1,27,2,4,5,2,DECK_OUT,
tier1,2026-07-03T17:59:33,tier1-run1,dragapult,lucario,lucario,-1,1,12,0,5,5,2,NO_POKEMON_IN_PLAY,
tier1,2026-07-03T17:59:33,tier1-run1,dragapult,lucario,lucario,-1,1,18,2,4,3,2,OTHER,
tier1,2026-07-03T17:59:33,tier1-run1,dragapult,lucario,dragapult,1,-1,15,0,2,,2,DECK_OUT,
tier1,2026-07-03T17:59:33,tier1-run1,dragapult,lucario,dragapult,1,-1,21,1,3,3,2,DECK_OUT,
tier1,2026-07-03T17:59:33,tier1-run1,dragapult,lucario,lucario,-1,1,20,1,5,5,8,OTHER,
tier1,2026-07-03T17:59:33,tier1-run1,dragapult,lucario,lucario,-1,1,24,4,5,5,2,DECK_OUT,
tier1,2026-07-03T17:59:33,tier1-run1,dragapult,lucario,dragapult,1,-1,17,2,1,3,2,DECK_OUT,
tier1,2026-07-03T17:59:33,tier1-run1,dragapult,lucario,lucario,-1,1,36,2,4,3,2,DECK_OUT,
tier1,2026-07-03T17:59:33,tier1-run1,dragapult,lucario,lucario,-1,1,18,1,3,3,2,DECK_OUT,
tier1,2026-07-03T17:59:33,tier1-run1,dragapult,lucario,lucario,-1,1,4,0,0,3,4,NO_POKEMON_IN_PLAY,
tier1,2026-07-03T17:59:33,tier1-run1,dragapult,lucario,dragapult,1,-1,21,2,1,11,2,DECK_OUT,
tier1,2026-07-03T17:59:33,tier1-run1,dragapult,lucario,lucario,-1,1,14,0,5,3,2,OTHER,
tier1,2026-07-03T17:59:33,tier1-run1,dragapult,lucario,dragapult,1,-1,25,1,0,3,2,DECK_OUT,
tier1,2026-07-03T17:59:33,tier1-run1,dragapult,lucario,dragapult,1,-1,17,5,2,5,2,DECK_OUT,
tier1,2026-07-03T17:59:33,tier1-run1,dragapult,lucario,lucario,-1,1,20,1,5,3,2,OTHER,
tier1,2026-07-03T17:59:44,tier1-run1,abomasnow,starmie,abomasnow,1,-1,21,0,0,3,2,OTHER,
tier1,2026-07-03T17:59:44,tier1-run1,abomasnow,starmie,abomasnow,1,-1,3,0,0,3,2,OTHER,
tier1,2026-07-03T17:59:44,tier1-run1,abomasnow,starmie,abomasnow,1,-1,3,0,0,3,2,OTHER,
tier1,2026-07-03T17:59:44,tier1-run1,abomasnow,starmie,abomasnow,1,-1,7,0,0,3,2,OTHER,
tier1,2026-07-03T17:59:44,tier1-run1,abomasnow,starmie,abomasnow,1,-1,9,0,0,3,2,OTHER,
tier1,2026-07-03T17:59:44,tier1-run1,abomasnow,starmie,abomasnow,1,-1,9,0,0,5,2,OTHER,
tier1,2026-07-03T17:59:44,tier1-run1,abomasnow,starmie,abomasnow,1,-1,3,0,0,3,2,OTHER,
tier1,2026-07-03T17:59:44,tier1-run1,abomasnow,starmie,abomasnow,1,-1,3,0,0,3,2,OTHER,
tier1,2026-07-03T17:59:44,tier1-run1,abomasnow,starmie,abomasnow,1,-1,11,1,0,5,2,OTHER,
tier1,2026-07-03T17:59:44,tier1-run1,abomasnow,starmie,abomasnow,1,-1,3,0,0,3,2,OTHER,
tier1,2026-07-03T17:59:44,tier1-run1,abomasnow,starmie,abomasnow,1,-1,3,0,0,3,2,OTHER,
tier1,2026-07-03T17:59:44,tier1-run1,abomasnow,starmie,abomasnow,1,-1,7,0,0,3,2,OTHER,
tier1,2026-07-03T17:59:44,tier1-run1,abomasnow,starmie,abomasnow,1,-1,11,0,0,3,2,OTHER,
tier1,2026-07-03T17:59:44,tier1-run1,abomasnow,starmie,abomasnow,1,-1,5,0,0,3,2,OTHER,
tier1,2026-07-03T17:59:44,tier1-run1,abomasnow,starmie,abomasnow,1,-1,11,0,0,3,2,OTHER,
tier1,2026-07-03T17:59:44,tier1-run1,abomasnow,starmie,abomasnow,1,-1,3,0,0,3,2,OTHER,
tier1,2026-07-03T17:59:44,tier1-run1,abomasnow,starmie,abomasnow,1,-1,5,0,0,3,2,OTHER,
tier1,2026-07-03T17:59:44,tier1-run1,abomasnow,starmie,abomasnow,1,-1,5,1,0,3,2,OTHER,
tier1,2026-07-03T17:59:44,tier1-run1,abomasnow,starmie,abomasnow,1,-1,9,0,0,3,2,OTHER,
tier1,2026-07-03T17:59:44,tier1-run1,abomasnow,starmie,abomasnow,1,-1,7,1,0,3,2,OTHER,
tier1,2026-07-03T17:59:44,tier1-run1,abomasnow,starmie,abomasnow,1,-1,5,0,0,3,2,OTHER,
tier1,2026-07-03T17:59:44,tier1-run1,abomasnow,starmie,abomasnow,1,-1,13,1,0,3,2,OTHER,
tier1,2026-07-03T17:59:44,tier1-run1,abomasnow,starmie,abomasnow,1,-1,13,0,0,3,2,OTHER,
tier1,2026-07-03T17:59:44,tier1-run1,abomasnow,starmie,abomasnow,1,-1,5,0,0,5,2,OTHER,
tier1,2026-07-03T17:59:44,tier1-run1,abomasnow,starmie,abomasnow,1,,4,1,0,3,2,OTHER,
tier1,2026-07-03T17:59:44,tier1-run1,abomasnow,starmie,abomasnow,1,-1,7,0,0,3,2,OTHER,
tier1,2026-07-03T17:59:44,tier1-run1,abomasnow,starmie,abomasnow,1,-1,3,0,0,3,2,OTHER,
tier1,2026-07-03T17:59:44,tier1-run1,abomasnow,starmie,abomasnow,1,-1,3,0,0,3,2,OTHER,
tier1,2026-07-03T17:59:44,tier1-run1,abomasnow,starmie,abomasnow,1,,24,1,3,3,2,OTHER,
tier1,2026-07-03T17:59:44,tier1-run1,abomasnow,starmie,abomasnow,1,-1,7,0,0,5,2,OTHER,
tier1,2026-07-03T17:59:44,tier1-run1,abomasnow,starmie,abomasnow,1,-1,7,0,0,3,2,OTHER,
tier1,2026-07-03T17:59:44,tier1-run1,abomasnow,starmie,abomasnow,1,-1,9,0,0,3,2,OTHER,
tier1,2026-07-03T17:59:44,tier1-run1,abomasnow,starmie,abomasnow,1,-1,13,0,1,3,2,OTHER,
tier1,2026-07-03T17:59:44,tier1-run1,abomasnow,starmie,abomasnow,1,-1,11,0,0,3,2,OTHER,
tier1,2026-07-03T17:59:44,tier1-run1,abomasnow,starmie,abomasnow,1,-1,3,0,0,3,2,OTHER,
tier1,2026-07-03T17:59:44,tier1-run1,abomasnow,starmie,abomasnow,1,-1,13,1,1,3,2,OTHER,
tier1,2026-07-03T17:59:44,tier1-run1,abomasnow,starmie,abomasnow,1,-1,17,0,0,5,2,OTHER,
tier1,2026-07-03T17:59:44,tier1-run1,abomasnow,starmie,abomasnow,1,-1,7,0,0,3,2,OTHER,
tier1,2026-07-03T17:59:44,tier1-run1,abomasnow,starmie,abomasnow,1,-1,7,0,0,3,2,OTHER,
tier1,2026-07-03T17:59:44,tier1-run1,abomasnow,starmie,abomasnow,1,-1,3,0,0,3,2,OTHER,
tier1,2026-07-03T17:59:44,tier1-run1,abomasnow,starmie,abomasnow,1,,6,1,0,5,2,OTHER,
tier1,2026-07-03T17:59:44,tier1-run1,abomasnow,starmie,abomasnow,1,-1,15,0,0,3,2,OTHER,
tier1,2026-07-03T17:59:44,tier1-run1,abomasnow,starmie,abomasnow,1,-1,7,0,0,3,2,OTHER,
tier1,2026-07-03T17:59:44,tier1-run1,abomasnow,starmie,starmie,-1,1,10,0,0,3,2,NO_POKEMON_IN_PLAY,
tier1,2026-07-03T17:59:44,tier1-run1,abomasnow,starmie,abomasnow,1,-1,7,0,0,3,2,OTHER,
tier1,2026-07-03T17:59:44,tier1-run1,abomasnow,starmie,abomasnow,1,-1,11,0,0,5,2,OTHER,
tier1,2026-07-03T17:59:44,tier1-run1,abomasnow,starmie,abomasnow,1,-1,3,0,0,3,2,OTHER,
tier1,2026-07-03T17:59:44,tier1-run1,abomasnow,starmie,abomasnow,1,-1,3,0,0,3,2,OTHER,
tier1,2026-07-03T17:59:44,tier1-run1,abomasnow,starmie,abomasnow,1,-1,3,0,0,3,2,OTHER,
tier1,2026-07-03T17:59:44,tier1-run1,abomasnow,starmie,abomasnow,1,-1,3,0,0,3,2,OTHER,
tier1,2026-07-03T17:59:44,tier1-run1,abomasnow,starmie,abomasnow,1,-1,7,0,0,3,2,OTHER,
tier1,2026-07-03T17:59:44,tier1-run1,abomasnow,starmie,abomasnow,1,-1,9,0,0,3,2,OTHER,
tier1,2026-07-03T17:59:44,tier1-run1,abomasnow,starmie,abomasnow,1,-1,9,0,0,3,2,OTHER,
tier1,2026-07-03T17:59:44,tier1-run1,abomasnow,starmie,abomasnow,1,-1,7,0,0,3,2,OTHER,
tier1,2026-07-03T17:59:44,tier1-run1,abomasnow,starmie,abomasnow,1,-1,3,0,0,3,2,OTHER,
tier1,2026-07-03T17:59:44,tier1-run1,abomasnow,starmie,abomasnow,1,-1,5,0,0,5,2,OTHER,
tier1,2026-07-03T17:59:44,tier1-run1,abomasnow,starmie,abomasnow,1,-1,3,0,0,3,2,OTHER,
tier1,2026-07-03T17:59:44,tier1-run1,abomasnow,starmie,abomasnow,1,-1,5,0,0,3,2,OTHER,
tier1,2026-07-03T17:59:44,tier1-run1,abomasnow,starmie,abomasnow,1,-1,7,0,0,3,2,OTHER,
tier1,2026-07-03T17:59:44,tier1-run1,abomasnow,starmie,abomasnow,1,-1,11,0,0,3,2,OTHER,
tier1,2026-07-03T17:59:44,tier1-run1,abomasnow,starmie,abomasnow,1,-1,15,0,0,5,2,OTHER,
tier1,2026-07-03T17:59:44,tier1-run1,abomasnow,starmie,abomasnow,1,-1,5,0,0,5,2,OTHER,
tier1,2026-07-03T17:59:44,tier1-run1,abomasnow,starmie,abomasnow,1,-1,3,0,0,3,2,OTHER,
tier1,2026-07-03T17:59:44,tier1-run1,abomasnow,starmie,abomasnow,1,-1,11,0,0,3,2,OTHER,
tier1,2026-07-03T17:59:44,tier1-run1,abomasnow,starmie,abomasnow,1,-1,19,0,0,9,2,OTHER,
tier1,2026-07-03T17:59:44,tier1-run1,abomasnow,starmie,abomasnow,1,-1,3,0,0,3,2,OTHER,
tier1,2026-07-03T17:59:44,tier1-run1,abomasnow,starmie,abomasnow,1,-1,3,0,0,3,2,OTHER,
tier1,2026-07-03T17:59:44,tier1-run1,abomasnow,starmie,abomasnow,1,-1,9,0,0,3,2,OTHER,
tier1,2026-07-03T17:59:44,tier1-run1,abomasnow,starmie,abomasnow,1,-1,13,1,1,5,2,OTHER,
tier1,2026-07-03T17:59:44,tier1-run1,abomasnow,starmie,abomasnow,1,-1,23,0,1,3,2,OTHER,
tier1,2026-07-03T17:59:44,tier1-run1,abomasnow,starmie,abomasnow,1,-1,17,0,0,5,2,OTHER,
tier1,2026-07-03T17:59:44,tier1-run1,abomasnow,starmie,abomasnow,1,-1,13,1,1,3,2,OTHER,
tier1,2026-07-03T17:59:44,tier1-run1,abomasnow,starmie,abomasnow,1,-1,19,0,1,3,2,OTHER,
tier1,2026-07-03T17:59:44,tier1-run1,abomasnow,starmie,abomasnow,1,,2,0,0,,,OTHER,
tier1,2026-07-03T17:59:44,tier1-run1,abomasnow,starmie,abomasnow,1,-1,5,0,0,5,2,OTHER,
tier1,2026-07-03T17:59:44,tier1-run1,abomasnow,starmie,abomasnow,1,-1,3,0,0,3,2,OTHER,
tier1,2026-07-03T17:59:44,tier1-run1,abomasnow,starmie,abomasnow,1,-1,7,0,0,5,2,OTHER,
tier1,2026-07-03T17:59:44,tier1-run1,abomasnow,starmie,abomasnow,1,-1,13,0,1,3,2,OTHER,
tier1,2026-07-03T17:59:44,tier1-run1,abomasnow,starmie,abomasnow,1,-1,7,0,0,7,2,OTHER,
tier1,2026-07-03T17:59:44,tier1-run1,abomasnow,starmie,abomasnow,1,-1,3,0,0,3,2,OTHER,
tier1,2026-07-03T17:59:44,tier1-run1,abomasnow,starmie,abomasnow,1,-1,7,0,0,3,2,OTHER,
tier1,2026-07-03T17:59:44,tier1-run1,abomasnow,starmie,abomasnow,1,-1,11,0,0,5,2,OTHER,
tier1,2026-07-03T17:59:44,tier1-run1,abomasnow,starmie,abomasnow,1,,2,0,0,,,OTHER,
tier1,2026-07-03T17:59:44,tier1-run1,abomasnow,starmie,abomasnow,1,-1,3,0,0,3,2,OTHER,
tier1,2026-07-03T17:59:44,tier1-run1,abomasnow,starmie,abomasnow,1,-1,7,0,0,3,2,OTHER,
tier1,2026-07-03T17:59:44,tier1-run1,abomasnow,starmie,abomasnow,1,-1,5,1,0,3,2,OTHER,
tier1,2026-07-03T17:59:44,tier1-run1,abomasnow,starmie,abomasnow,1,-1,5,0,0,3,2,OTHER,
tier1,2026-07-03T17:59:44,tier1-run1,abomasnow,starmie,abomasnow,1,-1,13,0,0,3,2,OTHER,
tier1,2026-07-03T17:59:44,tier1-run1,abomasnow,starmie,abomasnow,1,-1,17,1,1,5,2,OTHER,
tier1,2026-07-03T17:59:44,tier1-run1,abomasnow,starmie,abomasnow,1,-1,3,0,0,3,2,OTHER,
tier1,2026-07-03T17:59:44,tier1-run1,abomasnow,starmie,abomasnow,1,-1,15,0,1,3,2,OTHER,
tier1,2026-07-03T17:59:44,tier1-run1,abomasnow,starmie,abomasnow,1,-1,7,0,0,5,2,OTHER,
tier1,2026-07-03T17:59:44,tier1-run1,abomasnow,starmie,abomasnow,1,-1,5,0,0,5,2,OTHER,
tier1,2026-07-03T17:59:44,tier1-run1,abomasnow,starmie,abomasnow,1,-1,3,0,0,3,2,OTHER,
tier1,2026-07-03T17:59:44,tier1-run1,abomasnow,starmie,abomasnow,1,-1,11,0,0,3,2,OTHER,
tier1,2026-07-03T17:59:44,tier1-run1,abomasnow,starmie,abomasnow,1,-1,11,0,0,3,2,OTHER,
tier1,2026-07-03T17:59:44,tier1-run1,abomasnow,starmie,abomasnow,1,-1,5,0,0,5,2,OTHER,
tier1,2026-07-03T17:59:44,tier1-run1,abomasnow,starmie,abomasnow,1,-1,13,0,0,3,2,OTHER,
tier1,2026-07-03T17:59:44,tier1-run1,abomasnow,starmie,abomasnow,1,-1,11,0,0,3,2,OTHER,
tier1,2026-07-03T17:59:44,tier1-run1,abomasnow,starmie,abomasnow,1,-1,7,0,0,3,2,OTHER,
tier1,2026-07-03T17:59:44,tier1-run1,starmie,abomasnow,abomasnow,-1,1,8,0,0,3,2,NO_POKEMON_IN_PLAY,
tier1,2026-07-03T17:59:44,tier1-run1,starmie,abomasnow,abomasnow,,1,1,0,0,,,OTHER,
tier1,2026-07-03T17:59:44,tier1-run1,starmie,abomasnow,abomasnow,,1,1,0,0,,,OTHER,
tier1,2026-07-03T17:59:44,tier1-run1,starmie,abomasnow,abomasnow,-1,1,4,0,0,3,4,NO_POKEMON_IN_PLAY,
tier1,2026-07-03T17:59:44,tier1-run1,starmie,abomasnow,abomasnow,,1,1,0,0,,,OTHER,
tier1,2026-07-03T17:59:44,tier1-run1,starmie,abomasnow,abomasnow,-1,1,6,0,0,3,6,NO_POKEMON_IN_PLAY,
tier1,2026-07-03T17:59:44,tier1-run1,starmie,abomasnow,abomasnow,,1,1,6,6,,,PRIZED_OUT,
tier1,2026-07-03T17:59:44,tier1-run1,starmie,abomasnow,abomasnow,,1,1,0,6,,,PRIZED_OUT,
tier1,2026-07-03T17:59:44,tier1-run1,starmie,abomasnow,abomasnow,,1,1,6,6,,,PRIZED_OUT,
tier1,2026-07-03T17:59:44,tier1-run1,starmie,abomasnow,abomasnow,-1,1,8,0,0,3,8,NO_POKEMON_IN_PLAY,
tier1,2026-07-03T17:59:44,tier1-run1,starmie,abomasnow,abomasnow,,1,1,0,6,,,PRIZED_OUT,
tier1,2026-07-03T17:59:44,tier1-run1,starmie,abomasnow,abomasnow,-1,1,8,0,0,3,6,NO_POKEMON_IN_PLAY,
tier1,2026-07-03T17:59:44,tier1-run1,starmie,abomasnow,abomasnow,-1,1,4,0,0,3,2,NO_POKEMON_IN_PLAY,
tier1,2026-07-03T17:59:44,tier1-run1,starmie,abomasnow,abomasnow,,1,1,0,0,,,OTHER,
tier1,2026-07-03T17:59:44,tier1-run1,starmie,abomasnow,abomasnow,,1,1,0,0,,,OTHER,
tier1,2026-07-03T17:59:44,tier1-run1,starmie,abomasnow,abomasnow,-1,1,6,0,1,3,2,NO_POKEMON_IN_PLAY,
tier1,2026-07-03T17:59:44,tier1-run1,starmie,abomasnow,abomasnow,,1,13,2,0,3,4,OTHER,
tier1,2026-07-03T17:59:44,tier1-run1,starmie,abomasnow,abomasnow,,1,1,0,6,,,PRIZED_OUT,
tier1,2026-07-03T17:59:44,tier1-run1,starmie,abomasnow,abomasnow,,1,1,6,6,,,PRIZED_OUT,
tier1,2026-07-03T17:59:44,tier1-run1,starmie,abomasnow,abomasnow,,1,1,0,6,,,PRIZED_OUT,
tier1,2026-07-03T17:59:44,tier1-run1,starmie,abomasnow,abomasnow,-1,1,8,0,1,3,2,NO_POKEMON_IN_PLAY,
tier1,2026-07-03T17:59:44,tier1-run1,starmie,abomasnow,abomasnow,,1,1,6,6,,,PRIZED_OUT,
tier1,2026-07-03T17:59:44,tier1-run1,starmie,abomasnow,abomasnow,-1,1,18,1,2,3,2,NO_POKEMON_IN_PLAY,
tier1,2026-07-03T17:59:44,tier1-run1,starmie,abomasnow,abomasnow,,1,1,0,6,,,PRIZED_OUT,
tier1,2026-07-03T17:59:44,tier1-run1,starmie,abomasnow,abomasnow,,1,1,0,0,,,OTHER,
tier1,2026-07-03T17:59:44,tier1-run1,starmie,abomasnow,abomasnow,-1,1,12,0,2,3,2,NO_POKEMON_IN_PLAY,
tier1,2026-07-03T17:59:44,tier1-run1,starmie,abomasnow,abomasnow,-1,1,10,1,1,3,2,NO_POKEMON_IN_PLAY,
tier1,2026-07-03T17:59:44,tier1-run1,starmie,abomasnow,abomasnow,,1,1,0,0,,,OTHER,
tier1,2026-07-03T17:59:44,tier1-run1,starmie,abomasnow,abomasnow,,1,1,0,0,,,OTHER,
tier1,2026-07-03T17:59:44,tier1-run1,starmie,abomasnow,abomasnow,,1,1,0,0,,,OTHER,
tier1,2026-07-03T17:59:44,tier1-run1,starmie,abomasnow,abomasnow,-1,1,18,1,1,3,2,NO_POKEMON_IN_PLAY,
tier1,2026-07-03T17:59:44,tier1-run1,starmie,abomasnow,abomasnow,,1,1,6,6,,,PRIZED_OUT,
tier1,2026-07-03T17:59:44,tier1-run1,starmie,abomasnow,abomasnow,,1,1,0,6,,,PRIZED_OUT,
tier1,2026-07-03T17:59:44,tier1-run1,starmie,abomasnow,abomasnow,,1,1,0,6,,,PRIZED_OUT,
tier1,2026-07-03T17:59:44,tier1-run1,starmie,abomasnow,abomasnow,,1,1,0,0,,,OTHER,
tier1,2026-07-03T17:59:44,tier1-run1,starmie,abomasnow,abomasnow,,1,1,0,0,,,OTHER,
tier1,2026-07-03T17:59:44,tier1-run1,starmie,abomasnow,abomasnow,-1,1,12,0,2,3,4,NO_POKEMON_IN_PLAY,
tier1,2026-07-03T17:59:44,tier1-run1,starmie,abomasnow,abomasnow,,1,1,6,6,,,PRIZED_OUT,
tier1,2026-07-03T17:59:44,tier1-run1,starmie,abomasnow,abomasnow,,1,1,0,6,,,PRIZED_OUT,
tier1,2026-07-03T17:59:44,tier1-run1,starmie,abomasnow,abomasnow,-1,1,16,1,4,3,2,NO_POKEMON_IN_PLAY,
tier1,2026-07-03T17:59:44,tier1-run1,starmie,abomasnow,abomasnow,-1,1,8,0,1,3,2,NO_POKEMON_IN_PLAY,
tier1,2026-07-03T17:59:44,tier1-run1,starmie,abomasnow,abomasnow,-1,1,12,3,3,3,6,NO_POKEMON_IN_PLAY,
tier1,2026-07-03T17:59:44,tier1-run1,starmie,abomasnow,abomasnow,-1,1,10,0,2,3,2,NO_POKEMON_IN_PLAY,
tier1,2026-07-03T17:59:44,tier1-run1,starmie,abomasnow,abomasnow,,1,1,0,6,,,PRIZED_OUT,
tier1,2026-07-03T17:59:44,tier1-run1,starmie,abomasnow,abomasnow,,1,1,0,0,,,OTHER,
tier1,2026-07-03T17:59:44,tier1-run1,starmie,abomasnow,abomasnow,,1,1,0,0,,,OTHER,
tier1,2026-07-03T17:59:44,tier1-run1,starmie,abomasnow,abomasnow,,1,1,0,0,,,OTHER,
tier1,2026-07-03T17:59:44,tier1-run1,starmie,abomasnow,starmie,1,-1,17,4,4,3,2,OTHER,
tier1,2026-07-03T17:59:44,tier1-run1,starmie,abomasnow,abomasnow,,1,1,0,0,,,OTHER,
tier1,2026-07-03T17:59:44,tier1-run1,starmie,abomasnow,abomasnow,,1,1,6,6,,,PRIZED_OUT,
tier1,2026-07-03T17:59:44,tier1-run1,starmie,abomasnow,abomasnow,,1,1,0,0,,,OTHER,
tier1,2026-07-03T17:59:44,tier1-run1,starmie,abomasnow,abomasnow,,1,1,6,6,,,PRIZED_OUT,
tier1,2026-07-03T17:59:44,tier1-run1,starmie,abomasnow,abomasnow,-1,1,8,0,1,3,2,NO_POKEMON_IN_PLAY,
tier1,2026-07-03T17:59:44,tier1-run1,starmie,abomasnow,abomasnow,-1,1,4,0,0,3,2,NO_POKEMON_IN_PLAY,
tier1,2026-07-03T17:59:44,tier1-run1,starmie,abomasnow,abomasnow,,1,1,0,6,,,PRIZED_OUT,
tier1,2026-07-03T17:59:44,tier1-run1,starmie,abomasnow,abomasnow,-1,1,6,0,1,3,2,NO_POKEMON_IN_PLAY,
tier1,2026-07-03T17:59:44,tier1-run1,starmie,abomasnow,abomasnow,,1,1,6,6,,,PRIZED_OUT,
tier1,2026-07-03T17:59:44,tier1-run1,starmie,abomasnow,abomasnow,-1,1,8,0,1,3,4,NO_POKEMON_IN_PLAY,
tier1,2026-07-03T17:59:44,tier1-run1,starmie,abomasnow,abomasnow,,1,1,0,0,,,OTHER,
tier1,2026-07-03T17:59:44,tier1-run1,starmie,abomasnow,abomasnow,,1,1,0,0,,,OTHER,
tier1,2026-07-03T17:59:44,tier1-run1,starmie,abomasnow,abomasnow,-1,1,8,0,1,3,4,NO_POKEMON_IN_PLAY,
tier1,2026-07-03T17:59:44,tier1-run1,starmie,abomasnow,starmie,1,-1,23,4,1,3,2,DECK_OUT,
tier1,2026-07-03T17:59:44,tier1-run1,starmie,abomasnow,abomasnow,-1,1,34,1,1,3,4,NO_POKEMON_IN_PLAY,
tier1,2026-07-03T17:59:44,tier1-run1,starmie,abomasnow,abomasnow,-1,1,8,0,0,3,4,NO_POKEMON_IN_PLAY,
tier1,2026-07-03T17:59:44,tier1-run1,starmie,abomasnow,abomasnow,-1,1,16,0,0,3,4,NO_POKEMON_IN_PLAY,
tier1,2026-07-03T17:59:44,tier1-run1,starmie,abomasnow,abomasnow,-1,1,10,0,0,3,2,NO_POKEMON_IN_PLAY,
tier1,2026-07-03T17:59:44,tier1-run1,starmie,abomasnow,abomasnow,,1,1,0,0,,,OTHER,
tier1,2026-07-03T17:59:44,tier1-run1,starmie,abomasnow,abomasnow,,1,1,6,6,,,PRIZED_OUT,
tier1,2026-07-03T17:59:44,tier1-run1,starmie,abomasnow,abomasnow,-1,1,8,0,1,3,2,NO_POKEMON_IN_PLAY,
tier1,2026-07-03T17:59:44,tier1-run1,starmie,abomasnow,abomasnow,,1,1,0,0,,,OTHER,
tier1,2026-07-03T17:59:44,tier1-run1,starmie,abomasnow,abomasnow,-1,1,6,0,0,3,6,NO_POKEMON_IN_PLAY,
tier1,2026-07-03T17:59:44,tier1-run1,starmie,abomasnow,abomasnow,-1,1,6,0,1,3,2,NO_POKEMON_IN_PLAY,
tier1,2026-07-03T17:59:44,tier1-run1,starmie,abomasnow,abomasnow,-1,1,14,3,1,3,2,NO_POKEMON_IN_PLAY,
tier1,2026-07-03T17:59:44,tier1-run1,starmie,abomasnow,abomasnow,-1,1,10,0,1,3,4,NO_POKEMON_IN_PLAY,
tier1,2026-07-03T17:59:44,tier1-run1,starmie,abomasnow,abomasnow,-1,1,8,0,0,3,2,NO_POKEMON_IN_PLAY,
tier1,2026-07-03T17:59:44,tier1-run1,starmie,abomasnow,abomasnow,-1,1,4,0,0,3,2,NO_POKEMON_IN_PLAY,
tier1,2026-07-03T17:59:44,tier1-run1,starmie,abomasnow,abomasnow,-1,1,24,0,0,3,4,NO_POKEMON_IN_PLAY,
tier1,2026-07-03T17:59:44,tier1-run1,starmie,abomasnow,abomasnow,-1,1,4,0,0,3,2,NO_POKEMON_IN_PLAY,
tier1,2026-07-03T17:59:44,tier1-run1,starmie,abomasnow,abomasnow,-1,1,10,0,1,3,4,NO_POKEMON_IN_PLAY,
tier1,2026-07-03T17:59:44,tier1-run1,starmie,abomasnow,abomasnow,,1,1,0,0,,,OTHER,
tier1,2026-07-03T17:59:44,tier1-run1,starmie,abomasnow,abomasnow,,1,1,6,6,,,PRIZED_OUT,
tier1,2026-07-03T17:59:44,tier1-run1,starmie,abomasnow,abomasnow,,1,1,0,0,,,OTHER,
tier1,2026-07-03T17:59:44,tier1-run1,starmie,abomasnow,abomasnow,,1,1,0,0,,,OTHER,
tier1,2026-07-03T17:59:44,tier1-run1,starmie,abomasnow,abomasnow,-1,1,6,0,0,3,4,NO_POKEMON_IN_PLAY,
tier1,2026-07-03T17:59:44,tier1-run1,starmie,abomasnow,abomasnow,,1,1,6,6,,,PRIZED_OUT,
tier1,2026-07-03T17:59:44,tier1-run1,starmie,abomasnow,abomasnow,,1,1,0,0,,,OTHER,
tier1,2026-07-03T17:59:44,tier1-run1,starmie,abomasnow,starmie,1,-1,15,3,1,3,2,DECK_OUT,
tier1,2026-07-03T17:59:44,tier1-run1,starmie,abomasnow,abomasnow,-1,1,4,0,0,3,2,NO_POKEMON_IN_PLAY,
tier1,2026-07-03T17:59:44,tier1-run1,starmie,abomasnow,abomasnow,,1,1,0,0,,,OTHER,
tier1,2026-07-03T17:59:44,tier1-run1,starmie,abomasnow,abomasnow,-1,1,4,0,0,3,2,NO_POKEMON_IN_PLAY,
tier1,2026-07-03T17:59:44,tier1-run1,starmie,abomasnow,abomasnow,-1,1,22,0,0,3,2,NO_POKEMON_IN_PLAY,
tier1,2026-07-03T17:59:44,tier1-run1,starmie,abomasnow,abomasnow,-1,1,10,0,0,3,4,NO_POKEMON_IN_PLAY,
tier1,2026-07-03T17:59:44,tier1-run1,starmie,abomasnow,abomasnow,,1,1,0,0,,,OTHER,
tier1,2026-07-03T17:59:44,tier1-run1,starmie,abomasnow,abomasnow,-1,1,4,0,0,3,2,NO_POKEMON_IN_PLAY,
tier1,2026-07-03T17:59:44,tier1-run1,starmie,abomasnow,abomasnow,-1,1,10,1,3,3,8,NO_POKEMON_IN_PLAY,
tier1,2026-07-03T17:59:44,tier1-run1,starmie,abomasnow,abomasnow,-1,1,6,0,0,3,6,NO_POKEMON_IN_PLAY,
tier1,2026-07-03T17:59:44,tier1-run1,starmie,abomasnow,abomasnow,-1,1,4,0,0,3,4,NO_POKEMON_IN_PLAY,
tier1,2026-07-03T17:59:44,tier1-run1,starmie,abomasnow,abomasnow,-1,1,4,0,0,3,2,NO_POKEMON_IN_PLAY,
tier1,2026-07-03T17:59:44,tier1-run1,starmie,abomasnow,abomasnow,,1,13,3,0,3,6,OTHER,
tier1,2026-07-03T17:59:44,tier1-run1,starmie,abomasnow,abomasnow,-1,1,8,0,0,3,6,NO_POKEMON_IN_PLAY,
tier1,2026-07-03T18:00:19,tier1-run1,abomasnow,dragapult,abomasnow,1,-1,15,4,0,5,2,OTHER,
tier1,2026-07-03T18:00:19,tier1-run1,abomasnow,dragapult,abomasnow,1,-1,17,3,0,3,2,DECK_OUT,
tier1,2026-07-03T18:00:19,tier1-run1,abomasnow,dragapult,abomasnow,1,-1,17,3,1,5,2,OTHER,
tier1,2026-07-03T18:00:19,tier1-run1,abomasnow,dragapult,abomasnow,1,-1,17,4,0,3,2,DECK_OUT,
tier1,2026-07-03T18:00:19,tier1-run1,abomasnow,dragapult,abomasnow,1,-1,15,4,0,3,2,OTHER,
tier1,2026-07-03T18:00:19,tier1-run1,abomasnow,dragapult,abomasnow,1,-1,19,5,0,3,2,DECK_OUT,
tier1,2026-07-03T18:00:19,tier1-run1,abomasnow,dragapult,dragapult,-1,1,24,1,3,3,2,NO_POKEMON_IN_PLAY,
tier1,2026-07-03T18:00:19,tier1-run1,abomasnow,dragapult,dragapult,-1,1,22,2,1,3,8,DECK_OUT,
tier1,2026-07-03T18:00:19,tier1-run1,abomasnow,dragapult,abomasnow,1,-1,27,5,0,3,2,DECK_OUT,
tier1,2026-07-03T18:00:19,tier1-run1,abomasnow,dragapult,abomasnow,1,-1,17,5,0,5,6,OTHER,
tier1,2026-07-03T18:00:19,tier1-run1,abomasnow,dragapult,abomasnow,1,-1,5,1,0,3,2,OTHER,
tier1,2026-07-03T18:00:19,tier1-run1,abomasnow,dragapult,abomasnow,1,-1,19,3,1,3,2,DECK_OUT,
tier1,2026-07-03T18:00:19,tier1-run1,abomasnow,dragapult,abomasnow,1,-1,13,5,0,3,4,OTHER,
tier1,2026-07-03T18:00:19,tier1-run1,abomasnow,dragapult,abomasnow,1,-1,21,5,1,3,2,OTHER,
tier1,2026-07-03T18:00:19,tier1-run1,abomasnow,dragapult,abomasnow,1,-1,15,5,1,3,2,DECK_OUT,
tier1,2026-07-03T18:00:19,tier1-run1,abomasnow,dragapult,abomasnow,1,-1,33,5,3,3,4,DECK_OUT,
tier1,2026-07-03T18:00:19,tier1-run1,abomasnow,dragapult,abomasnow,1,-1,13,5,0,3,2,OTHER,
tier1,2026-07-03T18:00:19,tier1-run1,abomasnow,dragapult,dragapult,-1,1,4,0,0,3,4,NO_POKEMON_IN_PLAY,
tier1,2026-07-03T18:00:19,tier1-run1,abomasnow,dragapult,abomasnow,1,-1,23,5,0,5,6,DECK_OUT,
tier1,2026-07-03T18:00:19,tier1-run1,abomasnow,dragapult,dragapult,-1,1,16,5,0,3,2,DECK_OUT,
tier1,2026-07-03T18:00:19,tier1-run1,abomasnow,dragapult,dragapult,-1,1,14,2,0,3,2,NO_POKEMON_IN_PLAY,
tier1,2026-07-03T18:00:19,tier1-run1,abomasnow,dragapult,dragapult,-1,1,16,4,0,5,2,DECK_OUT,
tier1,2026-07-03T18:00:19,tier1-run1,abomasnow,dragapult,dragapult,-1,1,20,4,1,3,4,DECK_OUT,
tier1,2026-07-03T18:00:19,tier1-run1,abomasnow,dragapult,dragapult,-1,1,20,3,0,3,2,DECK_OUT,
tier1,2026-07-03T18:00:19,tier1-run1,abomasnow,dragapult,abomasnow,1,-1,17,5,0,5,2,OTHER,
tier1,2026-07-03T18:00:19,tier1-run1,abomasnow,dragapult,abomasnow,1,-1,17,5,1,3,2,DECK_OUT,
tier1,2026-07-03T18:00:19,tier1-run1,abomasnow,dragapult,abomasnow,1,-1,4,0,0,3,4,OTHER,
tier1,2026-07-03T18:00:19,tier1-run1,abomasnow,dragapult,dragapult,-1,1,24,2,1,3,10,DECK_OUT,
tier1,2026-07-03T18:00:19,tier1-run1,abomasnow,dragapult,abomasnow,1,-1,41,3,1,3,2,DECK_OUT,
tier1,2026-07-03T18:00:19,tier1-run1,abomasnow,dragapult,abomasnow,1,-1,19,4,0,5,2,OTHER,
tier1,2026-07-03T18:00:19,tier1-run1,abomasnow,dragapult,dragapult,-1,1,14,5,0,3,2,DECK_OUT,
tier1,2026-07-03T18:00:19,tier1-run1,abomasnow,dragapult,abomasnow,1,-1,13,4,0,3,10,OTHER,
tier1,2026-07-03T18:00:19,tier1-run1,abomasnow,dragapult,abomasnow,1,-1,17,5,0,3,2,OTHER,
tier1,2026-07-03T18:00:19,tier1-run1,abomasnow,dragapult,abomasnow,1,-1,21,1,0,5,2,DECK_OUT,
tier1,2026-07-03T18:00:19,tier1-run1,abomasnow,dragapult,abomasnow,1,-1,23,5,2,3,2,DECK_OUT,
tier1,2026-07-03T18:00:19,tier1-run1,abomasnow,dragapult,abomasnow,1,-1,35,3,2,3,2,DECK_OUT,
tier1,2026-07-03T18:00:19,tier1-run1,abomasnow,dragapult,abomasnow,1,-1,27,4,3,7,2,OTHER,
tier1,2026-07-03T18:00:19,tier1-run1,abomasnow,dragapult,abomasnow,1,-1,15,4,0,9,8,DECK_OUT,
tier1,2026-07-03T18:00:19,tier1-run1,abomasnow,dragapult,abomasnow,1,-1,17,5,1,3,2,OTHER,
tier1,2026-07-03T18:00:19,tier1-run1,abomasnow,dragapult,abomasnow,1,-1,15,5,0,5,2,OTHER,
tier1,2026-07-03T18:00:19,tier1-run1,abomasnow,dragapult,abomasnow,1,-1,17,4,0,3,2,OTHER,
tier1,2026-07-03T18:00:19,tier1-run1,abomasnow,dragapult,abomasnow,1,-1,7,1,0,5,4,OTHER,
tier1,2026-07-03T18:00:19,tier1-run1,abomasnow,dragapult,abomasnow,1,-1,15,4,0,5,2,DECK_OUT,
tier1,2026-07-03T18:00:19,tier1-run1,abomasnow,dragapult,abomasnow,1,-1,17,4,1,9,2,DECK_OUT,
tier1,2026-07-03T18:00:19,tier1-run1,abomasnow,dragapult,abomasnow,1,-1,9,4,0,3,4,OTHER,
tier1,2026-07-03T18:00:19,tier1-run1,abomasnow,dragapult,abomasnow,1,-1,13,5,0,3,2,DECK_OUT,
tier1,2026-07-03T18:00:19,tier1-run1,abomasnow,dragapult,abomasnow,1,-1,17,5,0,7,14,DECK_OUT,
tier1,2026-07-03T18:00:19,tier1-run1,abomasnow,dragapult,abomasnow,1,-1,23,5,1,3,8,DECK_OUT,
tier1,2026-07-03T18:00:19,tier1-run1,abomasnow,dragapult,abomasnow,1,-1,21,4,0,3,2,DECK_OUT,
tier1,2026-07-03T18:00:19,tier1-run1,abomasnow,dragapult,abomasnow,1,-1,17,4,1,3,2,DECK_OUT,
tier1,2026-07-03T18:00:19,tier1-run1,abomasnow,dragapult,dragapult,-1,1,14,5,0,3,6,DECK_OUT,
tier1,2026-07-03T18:00:19,tier1-run1,abomasnow,dragapult,dragapult,-1,1,20,1,2,3,2,DECK_OUT,
tier1,2026-07-03T18:00:19,tier1-run1,abomasnow,dragapult,abomasnow,1,-1,5,1,0,3,2,OTHER,
tier1,2026-07-03T18:00:19,tier1-run1,abomasnow,dragapult,abomasnow,1,-1,27,2,1,3,6,DECK_OUT,
tier1,2026-07-03T18:00:19,tier1-run1,abomasnow,dragapult,abomasnow,1,-1,27,4,0,3,2,OTHER,
tier1,2026-07-03T18:00:19,tier1-run1,abomasnow,dragapult,dragapult,-1,1,22,1,1,3,4,NO_POKEMON_IN_PLAY,
tier1,2026-07-03T18:00:19,tier1-run1,abomasnow,dragapult,dragapult,-1,1,14,4,0,3,2,DECK_OUT,
tier1,2026-07-03T18:00:19,tier1-run1,abomasnow,dragapult,dragapult,-1,1,12,4,0,3,2,DECK_OUT,
tier1,2026-07-03T18:00:19,tier1-run1,abomasnow,dragapult,abomasnow,1,-1,13,5,0,5,2,OTHER,
tier1,2026-07-03T18:00:19,tier1-run1,abomasnow,dragapult,abomasnow,1,-1,7,0,0,5,,OTHER,
tier1,2026-07-03T18:00:19,tier1-run1,abomasnow,dragapult,dragapult,-1,1,18,5,0,5,2,DECK_OUT,
tier1,2026-07-03T18:00:19,tier1-run1,abomasnow,dragapult,abomasnow,1,-1,13,4,1,3,2,OTHER,
tier1,2026-07-03T18:00:19,tier1-run1,abomasnow,dragapult,abomasnow,1,-1,17,4,0,5,2,OTHER,
tier1,2026-07-03T18:00:19,tier1-run1,abomasnow,dragapult,dragapult,-1,1,16,2,0,3,6,DECK_OUT,
tier1,2026-07-03T18:00:19,tier1-run1,abomasnow,dragapult,abomasnow,1,-1,13,4,0,3,2,OTHER,
tier1,2026-07-03T18:00:19,tier1-run1,abomasnow,dragapult,abomasnow,1,-1,13,5,0,3,4,OTHER,
tier1,2026-07-03T18:00:19,tier1-run1,abomasnow,dragapult,dragapult,-1,1,16,2,2,3,8,DECK_OUT,
tier1,2026-07-03T18:00:19,tier1-run1,abomasnow,dragapult,abomasnow,1,-1,13,5,1,3,2,OTHER,
tier1,2026-07-03T18:00:19,tier1-run1,abomasnow,dragapult,abomasnow,1,-1,19,4,0,5,2,DECK_OUT,
tier1,2026-07-03T18:00:19,tier1-run1,abomasnow,dragapult,abomasnow,1,-1,35,3,0,3,4,DECK_OUT,
tier1,2026-07-03T18:00:19,tier1-run1,abomasnow,dragapult,dragapult,-1,1,6,0,0,3,2,NO_POKEMON_IN_PLAY,
tier1,2026-07-03T18:00:19,tier1-run1,abomasnow,dragapult,dragapult,-1,1,12,1,1,3,2,NO_POKEMON_IN_PLAY,
tier1,2026-07-03T18:00:19,tier1-run1,abomasnow,dragapult,abomasnow,1,-1,25,3,1,3,2,DECK_OUT,
tier1,2026-07-03T18:00:19,tier1-run1,abomasnow,dragapult,abomasnow,1,-1,13,4,0,5,2,DECK_OUT,
tier1,2026-07-03T18:00:19,tier1-run1,abomasnow,dragapult,abomasnow,1,-1,9,2,0,5,2,OTHER,
tier1,2026-07-03T18:00:19,tier1-run1,abomasnow,dragapult,abomasnow,1,-1,27,4,2,3,2,OTHER,
tier1,2026-07-03T18:00:19,tier1-run1,abomasnow,dragapult,abomasnow,1,-1,21,5,2,3,2,DECK_OUT,
tier1,2026-07-03T18:00:19,tier1-run1,abomasnow,dragapult,dragapult,-1,1,12,4,0,3,6,DECK_OUT,
tier1,2026-07-03T18:00:19,tier1-run1,abomasnow,dragapult,abomasnow,1,-1,27,4,0,3,2,DECK_OUT,
tier1,2026-07-03T18:00:19,tier1-run1,abomasnow,dragapult,abomasnow,1,-1,25,4,2,3,2,OTHER,
tier1,2026-07-03T18:00:19,tier1-run1,abomasnow,dragapult,abomasnow,1,-1,21,2,3,3,2,DECK_OUT,
tier1,2026-07-03T18:00:19,tier1-run1,abomasnow,dragapult,abomasnow,1,-1,21,5,0,3,2,OTHER,
tier1,2026-07-03T18:00:19,tier1-run1,abomasnow,dragapult,abomasnow,1,-1,25,5,1,7,2,DECK_OUT,
tier1,2026-07-03T18:00:19,tier1-run1,abomasnow,dragapult,abomasnow,1,-1,21,5,0,5,2,OTHER,
tier1,2026-07-03T18:00:19,tier1-run1,abomasnow,dragapult,abomasnow,1,-1,23,2,2,5,2,DECK_OUT,
tier1,2026-07-03T18:00:19,tier1-run1,abomasnow,dragapult,abomasnow,1,-1,13,5,0,3,6,OTHER,
tier1,2026-07-03T18:00:19,tier1-run1,abomasnow,dragapult,abomasnow,1,-1,21,4,0,7,6,OTHER,
tier1,2026-07-03T18:00:19,tier1-run1,abomasnow,dragapult,dragapult,-1,1,16,5,0,9,10,DECK_OUT,
tier1,2026-07-03T18:00:19,tier1-run1,abomasnow,dragapult,abomasnow,1,-1,27,5,0,3,2,OTHER,
tier1,2026-07-03T18:00:19,tier1-run1,abomasnow,dragapult,dragapult,-1,1,14,3,0,3,2,DECK_OUT,
tier1,2026-07-03T18:00:19,tier1-run1,abomasnow,dragapult,abomasnow,1,-1,21,4,0,3,14,OTHER,
tier1,2026-07-03T18:00:19,tier1-run1,abomasnow,dragapult,abomasnow,1,-1,13,5,0,5,10,OTHER,
tier1,2026-07-03T18:00:19,tier1-run1,abomasnow,dragapult,abomasnow,1,-1,21,5,4,3,2,DECK_OUT,
tier1,2026-07-03T18:00:19,tier1-run1,abomasnow,dragapult,abomasnow,1,-1,11,4,0,3,2,OTHER,
tier1,2026-07-03T18:00:19,tier1-run1,abomasnow,dragapult,abomasnow,1,-1,17,4,1,3,6,OTHER,
tier1,2026-07-03T18:00:19,tier1-run1,abomasnow,dragapult,abomasnow,1,-1,9,0,0,3,2,OTHER,
tier1,2026-07-03T18:00:19,tier1-run1,abomasnow,dragapult,abomasnow,1,-1,19,5,2,3,2,DECK_OUT,
tier1,2026-07-03T18:00:19,tier1-run1,abomasnow,dragapult,abomasnow,1,-1,17,1,1,3,2,DECK_OUT,
tier1,2026-07-03T18:00:19,tier1-run1,abomasnow,dragapult,abomasnow,1,-1,27,5,1,3,2,DECK_OUT,
tier1,2026-07-03T18:00:19,tier1-run1,abomasnow,dragapult,dragapult,-1,1,22,0,4,5,6,NO_POKEMON_IN_PLAY,
tier1,2026-07-03T18:00:19,tier1-run1,dragapult,abomasnow,abomasnow,-1,1,12,0,5,3,2,OTHER,
tier1,2026-07-03T18:00:19,tier1-run1,dragapult,abomasnow,dragapult,1,-1,17,0,4,3,2,DECK_OUT,
tier1,2026-07-03T18:00:19,tier1-run1,dragapult,abomasnow,abomasnow,-1,1,20,2,5,3,2,OTHER,
tier1,2026-07-03T18:00:19,tier1-run1,dragapult,abomasnow,abomasnow,-1,1,14,0,5,7,2,DECK_OUT,
tier1,2026-07-03T18:00:19,tier1-run1,dragapult,abomasnow,dragapult,1,-1,15,0,3,5,8,OTHER,
tier1,2026-07-03T18:00:19,tier1-run1,dragapult,abomasnow,abomasnow,-1,1,26,1,4,3,2,OTHER,
tier1,2026-07-03T18:00:19,tier1-run1,dragapult,abomasnow,dragapult,1,-1,15,0,0,11,2,OTHER,
tier1,2026-07-03T18:00:19,tier1-run1,dragapult,abomasnow,abomasnow,-1,1,18,1,0,11,10,DECK_OUT,
tier1,2026-07-03T18:00:19,tier1-run1,dragapult,abomasnow,dragapult,1,-1,7,0,0,3,2,OTHER,
tier1,2026-07-03T18:00:19,tier1-run1,dragapult,abomasnow,dragapult,1,-1,15,1,4,5,2,DECK_OUT,
tier1,2026-07-03T18:00:19,tier1-run1,dragapult,abomasnow,abomasnow,-1,1,30,1,5,13,2,DECK_OUT,
tier1,2026-07-03T18:00:19,tier1-run1,dragapult,abomasnow,dragapult,1,-1,11,0,0,11,2,OTHER,
tier1,2026-07-03T18:00:19,tier1-run1,dragapult,abomasnow,abomasnow,-1,1,22,0,5,3,14,DECK_OUT,
tier1,2026-07-03T18:00:19,tier1-run1,dragapult,abomasnow,abomasnow,-1,1,18,0,4,3,2,OTHER,
tier1,2026-07-03T18:00:19,tier1-run1,dragapult,abomasnow,abomasnow,-1,1,18,0,5,11,2,DECK_OUT,
tier1,2026-07-03T18:00:19,tier1-run1,dragapult,abomasnow,abomasnow,-1,1,14,1,1,7,4,DECK_OUT,
tier1,2026-07-03T18:00:19,tier1-run1,dragapult,abomasnow,abomasnow,-1,1,18,0,4,9,2,DECK_OUT,
tier1,2026-07-03T18:00:19,tier1-run1,dragapult,abomasnow,dragapult,1,-1,15,0,4,9,2,DECK_OUT,
tier1,2026-07-03T18:00:19,tier1-run1,dragapult,abomasnow,abomasnow,-1,1,18,0,5,5,2,OTHER,
tier1,2026-07-03T18:00:19,tier1-run1,dragapult,abomasnow,abomasnow,-1,1,12,0,5,7,2,OTHER,
tier1,2026-07-03T18:00:19,tier1-run1,dragapult,abomasnow,dragapult,1,-1,17,3,4,5,2,DECK_OUT,
tier1,2026-07-03T18:00:19,tier1-run1,dragapult,abomasnow,abomasnow,-1,1,16,1,4,3,2,OTHER,
tier1,2026-07-03T18:00:19,tier1-run1,dragapult,abomasnow,dragapult,1,-1,23,1,4,3,8,OTHER,
tier1,2026-07-03T18:00:19,tier1-run1,dragapult,abomasnow,abomasnow,-1,1,18,0,2,11,2,DECK_OUT,
tier1,2026-07-03T18:00:19,tier1-run1,dragapult,abomasnow,abomasnow,-1,1,14,0,5,5,2,OTHER,
tier1,2026-07-03T18:00:19,tier1-run1,dragapult,abomasnow,dragapult,1,-1,27,2,5,3,2,DECK_OUT,
tier1,2026-07-03T18:00:19,tier1-run1,dragapult,abomasnow,abomasnow,-1,1,24,1,4,5,2,DECK_OUT,
tier1,2026-07-03T18:00:19,tier1-run1,dragapult,abomasnow,abomasnow,-1,1,16,0,4,7,2,OTHER,
tier1,2026-07-03T18:00:19,tier1-run1,dragapult,abomasnow,abomasnow,-1,1,22,3,4,3,2,DECK_OUT,
tier1,2026-07-03T18:00:19,tier1-run1,dragapult,abomasnow,abomasnow,-1,1,20,0,5,5,2,DECK_OUT,
tier1,2026-07-03T18:00:19,tier1-run1,dragapult,abomasnow,abomasnow,-1,1,22,2,4,5,4,OTHER,
tier1,2026-07-03T18:00:19,tier1-run1,dragapult,abomasnow,abomasnow,-1,1,18,0,4,3,2,OTHER,
tier1,2026-07-03T18:00:19,tier1-run1,dragapult,abomasnow,abomasnow,-1,1,16,0,3,7,2,DECK_OUT,
tier1,2026-07-03T18:00:19,tier1-run1,dragapult,abomasnow,abomasnow,-1,1,22,0,5,7,2,OTHER,
tier1,2026-07-03T18:00:19,tier1-run1,dragapult,abomasnow,abomasnow,-1,1,22,2,1,3,2,OTHER,
tier1,2026-07-03T18:00:19,tier1-run1,dragapult,abomasnow,abomasnow,-1,1,20,2,5,5,4,DECK_OUT,
tier1,2026-07-03T18:00:19,tier1-run1,dragapult,abomasnow,abomasnow,-1,1,18,0,2,3,4,DECK_OUT,
tier1,2026-07-03T18:00:19,tier1-run1,dragapult,abomasnow,abomasnow,-1,1,16,0,5,3,2,DECK_OUT,
tier1,2026-07-03T18:00:19,tier1-run1,dragapult,abomasnow,abomasnow,-1,1,14,0,5,3,2,OTHER,
tier1,2026-07-03T18:00:19,tier1-run1,dragapult,abomasnow,dragapult,1,-1,15,0,3,11,8,DECK_OUT,
tier1,2026-07-03T18:00:19,tier1-run1,dragapult,abomasnow,dragapult,1,-1,11,0,2,9,2,DECK_OUT,
tier1,2026-07-03T18:00:19,tier1-run1,dragapult,abomasnow,abomasnow,-1,1,14,1,4,3,2,OTHER,
tier1,2026-07-03T18:00:19,tier1-run1,dragapult,abomasnow,abomasnow,-1,1,20,1,5,5,4,OTHER,
tier1,2026-07-03T18:00:19,tier1-run1,dragapult,abomasnow,dragapult,1,-1,19,1,4,3,2,DECK_OUT,
tier1,2026-07-03T18:00:19,tier1-run1,dragapult,abomasnow,abomasnow,-1,1,24,1,5,5,2,DECK_OUT,
tier1,2026-07-03T18:00:19,tier1-run1,dragapult,abomasnow,abomasnow,-1,1,28,4,1,3,2,DECK_OUT,
tier1,2026-07-03T18:00:19,tier1-run1,dragapult,abomasnow,abomasnow,-1,1,20,1,3,5,2,DECK_OUT,
tier1,2026-07-03T18:00:19,tier1-run1,dragapult,abomasnow,dragapult,1,-1,21,1,3,3,10,OTHER,
tier1,2026-07-03T18:00:19,tier1-run1,dragapult,abomasnow,abomasnow,-1,1,16,0,5,9,2,OTHER,
tier1,2026-07-03T18:00:19,tier1-run1,dragapult,abomasnow,abomasnow,-1,1,14,0,4,3,2,OTHER,
tier1,2026-07-03T18:00:19,tier1-run1,dragapult,abomasnow,abomasnow,-1,1,2,0,0,,2,NO_POKEMON_IN_PLAY,
tier1,2026-07-03T18:00:19,tier1-run1,dragapult,abomasnow,dragapult,1,-1,15,0,5,5,4,DECK_OUT,
tier1,2026-07-03T18:00:19,tier1-run1,dragapult,abomasnow,abomasnow,-1,1,4,0,0,3,2,NO_POKEMON_IN_PLAY,
tier1,2026-07-03T18:00:19,tier1-run1,dragapult,abomasnow,abomasnow,-1,1,14,0,4,11,2,OTHER,
tier1,2026-07-03T18:00:19,tier1-run1,dragapult,abomasnow,dragapult,1,-1,13,0,2,3,6,DECK_OUT,
tier1,2026-07-03T18:00:19,tier1-run1,dragapult,abomasnow,abomasnow,-1,1,18,2,0,5,6,OTHER,
tier1,2026-07-03T18:00:19,tier1-run1,dragapult,abomasnow,abomasnow,-1,1,24,3,2,7,2,DECK_OUT,
tier1,2026-07-03T18:00:19,tier1-run1,dragapult,abomasnow,abomasnow,-1,1,20,1,5,3,6,OTHER,
tier1,2026-07-03T18:00:19,tier1-run1,dragapult,abomasnow,dragapult,1,-1,35,3,1,17,2,OTHER,
tier1,2026-07-03T18:00:19,tier1-run1,dragapult,abomasnow,dragapult,1,-1,17,0,5,3,2,OTHER,
tier1,2026-07-03T18:00:19,tier1-run1,dragapult,abomasnow,abomasnow,-1,1,14,0,2,3,2,NO_POKEMON_IN_PLAY,
tier1,2026-07-03T18:00:19,tier1-run1,dragapult,abomasnow,abomasnow,-1,1,12,0,4,5,2,OTHER,
tier1,2026-07-03T18:00:19,tier1-run1,dragapult,abomasnow,dragapult,1,-1,17,0,3,3,2,DECK_OUT,
tier1,2026-07-03T18:00:19,tier1-run1,dragapult,abomasnow,dragapult,1,-1,13,0,4,9,2,OTHER,
tier1,2026-07-03T18:00:19,tier1-run1,dragapult,abomasnow,abomasnow,-1,1,14,0,5,3,2,DECK_OUT,
tier1,2026-07-03T18:00:19,tier1-run1,dragapult,abomasnow,abomasnow,-1,1,26,2,5,5,2,DECK_OUT,
tier1,2026-07-03T18:00:19,tier1-run1,dragapult,abomasnow,abomasnow,-1,1,30,2,2,17,2,DECK_OUT,
tier1,2026-07-03T18:00:19,tier1-run1,dragapult,abomasnow,abomasnow,-1,1,16,0,5,3,6,OTHER,
tier1,2026-07-03T18:00:19,tier1-run1,dragapult,abomasnow,abomasnow,-1,1,34,1,5,5,2,DECK_OUT,
tier1,2026-07-03T18:00:19,tier1-run1,dragapult,abomasnow,abomasnow,-1,1,18,0,4,9,2,OTHER,
tier1,2026-07-03T18:00:19,tier1-run1,dragapult,abomasnow,abomasnow,-1,1,12,0,5,3,2,OTHER,
tier1,2026-07-03T18:00:19,tier1-run1,dragapult,abomasnow,abomasnow,-1,1,14,1,4,5,2,DECK_OUT,
tier1,2026-07-03T18:00:19,tier1-run1,dragapult,abomasnow,abomasnow,-1,1,16,0,4,9,2,DECK_OUT,
tier1,2026-07-03T18:00:19,tier1-run1,dragapult,abomasnow,abomasnow,-1,1,34,4,0,9,4,DECK_OUT,
tier1,2026-07-03T18:00:19,tier1-run1,dragapult,abomasnow,abomasnow,-1,1,24,0,3,7,2,DECK_OUT,
tier1,2026-07-03T18:00:19,tier1-run1,dragapult,abomasnow,dragapult,1,-1,13,0,2,3,2,DECK_OUT,
tier1,2026-07-03T18:00:19,tier1-run1,dragapult,abomasnow,abomasnow,-1,1,20,1,3,3,4,DECK_OUT,
tier1,2026-07-03T18:00:19,tier1-run1,dragapult,abomasnow,abomasnow,-1,1,20,0,4,5,2,DECK_OUT,
tier1,2026-07-03T18:00:19,tier1-run1,dragapult,abomasnow,dragapult,1,-1,11,1,0,3,2,OTHER,
tier1,2026-07-03T18:00:19,tier1-run1,dragapult,abomasnow,abomasnow,-1,1,16,0,5,9,2,OTHER,
tier1,2026-07-03T18:00:19,tier1-run1,dragapult,abomasnow,abomasnow,-1,1,16,1,3,3,2,DECK_OUT,
tier1,2026-07-03T18:00:19,tier1-run1,dragapult,abomasnow,abomasnow,-1,1,24,1,2,5,4,DECK_OUT,
tier1,2026-07-03T18:00:19,tier1-run1,dragapult,abomasnow,abomasnow,-1,1,18,1,4,5,2,OTHER,
tier1,2026-07-03T18:00:19,tier1-run1,dragapult,abomasnow,abomasnow,-1,1,16,0,1,3,4,DECK_OUT,
tier1,2026-07-03T18:00:19,tier1-run1,dragapult,abomasnow,dragapult,1,-1,19,0,5,3,2,OTHER,
tier1,2026-07-03T18:00:19,tier1-run1,dragapult,abomasnow,abomasnow,-1,1,20,0,5,3,2,OTHER,
tier1,2026-07-03T18:00:19,tier1-run1,dragapult,abomasnow,abomasnow,-1,1,14,0,1,3,2,DECK_OUT,
tier1,2026-07-03T18:00:19,tier1-run1,dragapult,abomasnow,abomasnow,-1,1,26,4,4,3,2,DECK_OUT,
tier1,2026-07-03T18:00:19,tier1-run1,dragapult,abomasnow,abomasnow,-1,1,32,5,3,3,2,DECK_OUT,
tier1,2026-07-03T18:00:19,tier1-run1,dragapult,abomasnow,dragapult,1,-1,13,0,3,3,2,OTHER,
tier1,2026-07-03T18:00:19,tier1-run1,dragapult,abomasnow,abomasnow,-1,1,30,2,4,9,2,OTHER,
tier1,2026-07-03T18:00:19,tier1-run1,dragapult,abomasnow,abomasnow,-1,1,14,0,5,11,2,OTHER,
tier1,2026-07-03T18:00:19,tier1-run1,dragapult,abomasnow,abomasnow,-1,1,22,0,4,15,2,DECK_OUT,
tier1,2026-07-03T18:00:19,tier1-run1,dragapult,abomasnow,dragapult,1,-1,7,0,0,5,2,OTHER,
tier1,2026-07-03T18:00:19,tier1-run1,dragapult,abomasnow,dragapult,1,-1,9,0,0,3,2,OTHER,
tier1,2026-07-03T18:00:19,tier1-run1,dragapult,abomasnow,abomasnow,-1,1,28,3,3,3,6,DECK_OUT,
tier1,2026-07-03T18:00:19,tier1-run1,dragapult,abomasnow,abomasnow,-1,1,18,1,3,5,2,DECK_OUT,
tier1,2026-07-03T18:00:19,tier1-run1,dragapult,abomasnow,abomasnow,-1,1,18,2,0,7,4,DECK_OUT,
tier1,2026-07-03T18:00:19,tier1-run1,dragapult,abomasnow,abomasnow,-1,1,18,0,4,3,2,DECK_OUT,
tier1,2026-07-03T18:00:19,tier1-run1,dragapult,abomasnow,abomasnow,-1,1,18,0,3,3,2,DECK_OUT,
tier1,2026-07-03T18:00:35,tier1-run1,starmie,dragapult,dragapult,-1,1,6,0,0,3,6,NO_POKEMON_IN_PLAY,
tier1,2026-07-03T18:00:35,tier1-run1,starmie,dragapult,starmie,1,-1,5,0,0,3,2,OTHER,
tier1,2026-07-03T18:00:35,tier1-run1,starmie,dragapult,dragapult,-1,1,10,1,1,3,2,NO_POKEMON_IN_PLAY,
tier1,2026-07-03T18:00:35,tier1-run1,starmie,dragapult,starmie,1,-1,3,0,0,3,2,OTHER,
tier1,2026-07-03T18:00:35,tier1-run1,starmie,dragapult,dragapult,,1,1,0,0,,,OTHER,
tier1,2026-07-03T18:00:35,tier1-run1,starmie,dragapult,dragapult,,1,13,4,0,3,2,OTHER,
tier1,2026-07-03T18:00:35,tier1-run1,starmie,dragapult,dragapult,-1,1,24,1,2,3,2,NO_POKEMON_IN_PLAY,
tier1,2026-07-03T18:00:35,tier1-run1,starmie,dragapult,dragapult,,1,1,6,6,,,PRIZED_OUT,
tier1,2026-07-03T18:00:35,tier1-run1,starmie,dragapult,dragapult,,1,9,3,0,3,,OTHER,
tier1,2026-07-03T18:00:35,tier1-run1,starmie,dragapult,dragapult,,1,15,2,0,3,12,OTHER,
tier1,2026-07-03T18:00:35,tier1-run1,starmie,dragapult,dragapult,-1,1,6,0,1,3,2,NO_POKEMON_IN_PLAY,
tier1,2026-07-03T18:00:35,tier1-run1,starmie,dragapult,dragapult,,1,1,0,6,,,PRIZED_OUT,
tier1,2026-07-03T18:00:35,tier1-run1,starmie,dragapult,dragapult,-1,1,14,0,0,3,14,NO_POKEMON_IN_PLAY,
tier1,2026-07-03T18:00:35,tier1-run1,starmie,dragapult,dragapult,-1,1,8,1,1,3,2,NO_POKEMON_IN_PLAY,
tier1,2026-07-03T18:00:35,tier1-run1,starmie,dragapult,dragapult,-1,1,8,0,0,3,8,NO_POKEMON_IN_PLAY,
tier1,2026-07-03T18:00:35,tier1-run1,starmie,dragapult,dragapult,-1,1,4,0,0,3,2,NO_POKEMON_IN_PLAY,
tier1,2026-07-03T18:00:35,tier1-run1,starmie,dragapult,dragapult,,1,1,0,0,,,OTHER,
tier1,2026-07-03T18:00:35,tier1-run1,starmie,dragapult,dragapult,-1,1,6,1,0,3,2,NO_POKEMON_IN_PLAY,
tier1,2026-07-03T18:00:35,tier1-run1,starmie,dragapult,dragapult,,1,11,1,1,3,8,OTHER,
tier1,2026-07-03T18:00:35,tier1-run1,starmie,dragapult,dragapult,-1,1,12,0,3,3,2,NO_POKEMON_IN_PLAY,
tier1,2026-07-03T18:00:35,tier1-run1,starmie,dragapult,dragapult,-1,1,6,0,1,3,4,NO_POKEMON_IN_PLAY,
tier1,2026-07-03T18:00:35,tier1-run1,starmie,dragapult,dragapult,-1,1,6,1,0,3,2,NO_POKEMON_IN_PLAY,
tier1,2026-07-03T18:00:35,tier1-run1,starmie,dragapult,starmie,1,-1,13,5,0,3,6,OTHER,
tier1,2026-07-03T18:00:35,tier1-run1,starmie,dragapult,dragapult,,1,9,4,0,3,,OTHER,
tier1,2026-07-03T18:00:35,tier1-run1,starmie,dragapult,dragapult,,1,1,6,6,,,PRIZED_OUT,
tier1,2026-07-03T18:00:35,tier1-run1,starmie,dragapult,dragapult,,1,1,0,0,,,OTHER,
tier1,2026-07-03T18:00:35,tier1-run1,starmie,dragapult,dragapult,,1,11,2,1,3,2,OTHER,
tier1,2026-07-03T18:00:35,tier1-run1,starmie,dragapult,dragapult,-1,1,10,1,1,3,2,NO_POKEMON_IN_PLAY,
tier1,2026-07-03T18:00:35,tier1-run1,starmie,dragapult,starmie,1,-1,5,1,0,3,2,OTHER,
tier1,2026-07-03T18:00:35,tier1-run1,starmie,dragapult,dragapult,-1,1,6,0,0,3,2,NO_POKEMON_IN_PLAY,
tier1,2026-07-03T18:00:35,tier1-run1,starmie,dragapult,dragapult,,1,1,0,0,,,OTHER,
tier1,2026-07-03T18:00:35,tier1-run1,starmie,dragapult,dragapult,-1,1,10,1,1,3,2,NO_POKEMON_IN_PLAY,
tier1,2026-07-03T18:00:35,tier1-run1,starmie,dragapult,dragapult,,1,1,0,0,,,OTHER,
tier1,2026-07-03T18:00:35,tier1-run1,starmie,dragapult,dragapult,-1,1,12,1,0,3,2,NO_POKEMON_IN_PLAY,
tier1,2026-07-03T18:00:35,tier1-run1,starmie,dragapult,starmie,1,-1,3,0,0,3,2,OTHER,
tier1,2026-07-03T18:00:35,tier1-run1,starmie,dragapult,dragapult,,1,11,2,0,3,,OTHER,
tier1,2026-07-03T18:00:35,tier1-run1,starmie,dragapult,dragapult,-1,1,8,1,0,3,4,NO_POKEMON_IN_PLAY,
tier1,2026-07-03T18:00:35,tier1-run1,starmie,dragapult,dragapult,,1,11,2,1,3,6,OTHER,
tier1,2026-07-03T18:00:35,tier1-run1,starmie,dragapult,dragapult,,1,1,0,0,,,OTHER,
tier1,2026-07-03T18:00:35,tier1-run1,starmie,dragapult,dragapult,,1,1,0,0,,,OTHER,
tier1,2026-07-03T18:00:35,tier1-run1,starmie,dragapult,dragapult,,1,1,6,6,,,PRIZED_OUT,
tier1,2026-07-03T18:00:35,tier1-run1,starmie,dragapult,dragapult,,1,1,0,0,,,OTHER,
tier1,2026-07-03T18:00:35,tier1-run1,starmie,dragapult,dragapult,,1,9,2,0,3,4,OTHER,
tier1,2026-07-03T18:00:35,tier1-run1,starmie,dragapult,starmie,1,-1,9,5,0,3,2,OTHER,
tier1,2026-07-03T18:00:35,tier1-run1,starmie,dragapult,dragapult,,1,17,3,2,3,2,OTHER,
tier1,2026-07-03T18:00:35,tier1-run1,starmie,dragapult,dragapult,,1,1,0,0,,,OTHER,
tier1,2026-07-03T18:00:35,tier1-run1,starmie,dragapult,dragapult,-1,1,8,1,1,3,2,NO_POKEMON_IN_PLAY,
tier1,2026-07-03T18:00:35,tier1-run1,starmie,dragapult,starmie,1,-1,11,2,0,3,2,OTHER,
tier1,2026-07-03T18:00:35,tier1-run1,starmie,dragapult,dragapult,,1,1,0,0,,,OTHER,
tier1,2026-07-03T18:00:35,tier1-run1,starmie,dragapult,dragapult,,1,1,0,0,,,OTHER,
tier1,2026-07-03T18:00:35,tier1-run1,starmie,dragapult,dragapult,-1,1,6,0,0,3,6,NO_POKEMON_IN_PLAY,
tier1,2026-07-03T18:00:35,tier1-run1,starmie,dragapult,dragapult,,1,13,4,1,3,2,OTHER,
tier1,2026-07-03T18:00:35,tier1-run1,starmie,dragapult,dragapult,,1,23,3,0,3,2,OTHER,
tier1,2026-07-03T18:00:35,tier1-run1,starmie,dragapult,dragapult,,1,1,6,6,,,PRIZED_OUT,
tier1,2026-07-03T18:00:35,tier1-run1,starmie,dragapult,dragapult,-1,1,12,1,0,3,2,NO_POKEMON_IN_PLAY,
tier1,2026-07-03T18:00:35,tier1-run1,starmie,dragapult,dragapult,,1,1,0,6,,,PRIZED_OUT,
tier1,2026-07-03T18:00:35,tier1-run1,starmie,dragapult,dragapult,,1,13,3,0,3,10,OTHER,
tier1,2026-07-03T18:00:35,tier1-run1,starmie,dragapult,dragapult,,1,1,0,0,,,OTHER,
tier1,2026-07-03T18:00:35,tier1-run1,starmie,dragapult,dragapult,-1,1,4,0,0,3,2,NO_POKEMON_IN_PLAY,
tier1,2026-07-03T18:00:35,tier1-run1,starmie,dragapult,dragapult,,1,1,0,0,,,OTHER,
tier1,2026-07-03T18:00:35,tier1-run1,starmie,dragapult,dragapult,-1,1,6,1,0,3,2,NO_POKEMON_IN_PLAY,
tier1,2026-07-03T18:00:35,tier1-run1,starmie,dragapult,starmie,1,-1,3,0,0,3,2,OTHER,
tier1,2026-07-03T18:00:35,tier1-run1,starmie,dragapult,dragapult,-1,1,6,0,0,3,2,NO_POKEMON_IN_PLAY,
tier1,2026-07-03T18:00:35,tier1-run1,starmie,dragapult,dragapult,,1,25,2,0,3,24,OTHER,
tier1,2026-07-03T18:00:35,tier1-run1,starmie,dragapult,dragapult,,1,1,0,0,,,OTHER,
tier1,2026-07-03T18:00:35,tier1-run1,starmie,dragapult,dragapult,,1,1,0,0,,,OTHER,
tier1,2026-07-03T18:00:35,tier1-run1,starmie,dragapult,dragapult,,1,1,0,0,,,OTHER,
tier1,2026-07-03T18:00:35,tier1-run1,starmie,dragapult,dragapult,-1,1,20,0,1,3,18,NO_POKEMON_IN_PLAY,
tier1,2026-07-03T18:00:35,tier1-run1,starmie,dragapult,dragapult,,1,17,3,0,3,8,OTHER,
tier1,2026-07-03T18:00:35,tier1-run1,starmie,dragapult,dragapult,,1,1,6,6,,,PRIZED_OUT,
tier1,2026-07-03T18:00:35,tier1-run1,starmie,dragapult,dragapult,,1,7,1,0,3,6,OTHER,
tier1,2026-07-03T18:00:35,tier1-run1,starmie,dragapult,dragapult,,1,13,3,0,3,2,OTHER,
tier1,2026-07-03T18:00:35,tier1-run1,starmie,dragapult,dragapult,-1,1,12,0,0,3,12,NO_POKEMON_IN_PLAY,
tier1,2026-07-03T18:00:35,tier1-run1,starmie,dragapult,dragapult,,1,17,1,1,3,2,OTHER,
tier1,2026-07-03T18:00:35,tier1-run1,starmie,dragapult,dragapult,,1,21,3,2,3,4,OTHER,
tier1,2026-07-03T18:00:35,tier1-run1,starmie,dragapult,dragapult,,1,1,0,0,,,OTHER,
tier1,2026-07-03T18:00:35,tier1-run1,starmie,dragapult,dragapult,-1,1,4,0,0,3,2,NO_POKEMON_IN_PLAY,
tier1,2026-07-03T18:00:35,tier1-run1,starmie,dragapult,dragapult,-1,1,10,0,2,3,6,NO_POKEMON_IN_PLAY,
tier1,2026-07-03T18:00:35,tier1-run1,starmie,dragapult,dragapult,-1,1,14,1,1,3,2,NO_POKEMON_IN_PLAY,
tier1,2026-07-03T18:00:35,tier1-run1,starmie,dragapult,dragapult,-1,1,16,1,0,3,2,NO_POKEMON_IN_PLAY,
tier1,2026-07-03T18:00:35,tier1-run1,starmie,dragapult,dragapult,-1,1,12,0,0,3,12,NO_POKEMON_IN_PLAY,
tier1,2026-07-03T18:00:35,tier1-run1,starmie,dragapult,dragapult,-1,1,6,1,0,3,2,NO_POKEMON_IN_PLAY,
tier1,2026-07-03T18:00:35,tier1-run1,starmie,dragapult,dragapult,,1,1,0,0,,,OTHER,
tier1,2026-07-03T18:00:35,tier1-run1,starmie,dragapult,dragapult,-1,1,12,1,0,3,2,NO_POKEMON_IN_PLAY,
tier1,2026-07-03T18:00:35,tier1-run1,starmie,dragapult,dragapult,,1,13,2,0,3,10,OTHER,
tier1,2026-07-03T18:00:35,tier1-run1,starmie,dragapult,dragapult,-1,1,10,0,1,3,2,NO_POKEMON_IN_PLAY,
tier1,2026-07-03T18:00:35,tier1-run1,starmie,dragapult,dragapult,,1,1,0,6,,,PRIZED_OUT,
tier1,2026-07-03T18:00:35,tier1-run1,starmie,dragapult,dragapult,-1,1,10,1,1,3,2,NO_POKEMON_IN_PLAY,
tier1,2026-07-03T18:00:35,tier1-run1,starmie,dragapult,dragapult,,1,1,6,6,,,PRIZED_OUT,
tier1,2026-07-03T18:00:35,tier1-run1,starmie,dragapult,dragapult,,1,1,0,0,,,OTHER,
tier1,2026-07-03T18:00:35,tier1-run1,starmie,dragapult,dragapult,,1,1,0,0,,,OTHER,
tier1,2026-07-03T18:00:35,tier1-run1,starmie,dragapult,dragapult,,1,11,2,2,3,2,OTHER,
tier1,2026-07-03T18:00:35,tier1-run1,starmie,dragapult,dragapult,,1,1,0,0,,,OTHER,
tier1,2026-07-03T18:00:35,tier1-run1,starmie,dragapult,dragapult,,1,1,6,6,,,PRIZED_OUT,
tier1,2026-07-03T18:00:35,tier1-run1,starmie,dragapult,dragapult,,1,1,6,6,,,PRIZED_OUT,
tier1,2026-07-03T18:00:35,tier1-run1,starmie,dragapult,dragapult,,1,1,0,6,,,PRIZED_OUT,
tier1,2026-07-03T18:00:35,tier1-run1,starmie,dragapult,dragapult,,1,1,6,6,,,PRIZED_OUT,
tier1,2026-07-03T18:00:35,tier1-run1,starmie,dragapult,dragapult,,1,1,6,6,,,PRIZED_OUT,
tier1,2026-07-03T18:00:35,tier1-run1,starmie,dragapult,dragapult,-1,1,10,0,2,3,6,NO_POKEMON_IN_PLAY,
tier1,2026-07-03T18:00:35,tier1-run1,starmie,dragapult,dragapult,,1,1,0,0,,,OTHER,
tier1,2026-07-03T18:00:35,tier1-run1,dragapult,starmie,dragapult,1,,10,0,3,3,2,OTHER,
tier1,2026-07-03T18:00:35,tier1-run1,dragapult,starmie,dragapult,1,-1,9,0,0,9,2,OTHER,
tier1,2026-07-03T18:00:35,tier1-run1,dragapult,starmie,starmie,-1,1,10,0,5,3,2,OTHER,
tier1,2026-07-03T18:00:35,tier1-run1,dragapult,starmie,dragapult,1,,12,0,4,3,2,OTHER,
tier1,2026-07-03T18:00:35,tier1-run1,dragapult,starmie,dragapult,1,-1,11,0,1,3,2,OTHER,
tier1,2026-07-03T18:00:35,tier1-run1,dragapult,starmie,dragapult,1,-1,17,0,2,3,2,OTHER,
tier1,2026-07-03T18:00:35,tier1-run1,dragapult,starmie,starmie,-1,1,4,0,0,3,2,NO_POKEMON_IN_PLAY,
tier1,2026-07-03T18:00:35,tier1-run1,dragapult,starmie,dragapult,1,-1,7,0,0,3,2,OTHER,
tier1,2026-07-03T18:00:35,tier1-run1,dragapult,starmie,dragapult,1,,10,0,3,3,2,OTHER,
tier1,2026-07-03T18:00:35,tier1-run1,dragapult,starmie,dragapult,1,,12,0,4,5,2,OTHER,
tier1,2026-07-03T18:00:35,tier1-run1,dragapult,starmie,dragapult,1,-1,5,0,0,5,2,OTHER,
tier1,2026-07-03T18:00:35,tier1-run1,dragapult,starmie,dragapult,1,,12,0,1,11,2,OTHER,
tier1,2026-07-03T18:00:35,tier1-run1,dragapult,starmie,dragapult,1,-1,5,0,0,5,2,OTHER,
tier1,2026-07-03T18:00:35,tier1-run1,dragapult,starmie,dragapult,1,-1,5,0,0,5,2,OTHER,
tier1,2026-07-03T18:00:35,tier1-run1,dragapult,starmie,dragapult,1,-1,3,0,0,3,2,OTHER,
tier1,2026-07-03T18:00:35,tier1-run1,dragapult,starmie,dragapult,1,,12,0,4,3,2,OTHER,
tier1,2026-07-03T18:00:35,tier1-run1,dragapult,starmie,dragapult,1,-1,13,1,1,3,2,OTHER,
tier1,2026-07-03T18:00:35,tier1-run1,dragapult,starmie,dragapult,1,,20,0,2,3,2,OTHER,
tier1,2026-07-03T18:00:35,tier1-run1,dragapult,starmie,dragapult,1,,30,0,2,3,2,OTHER,
tier1,2026-07-03T18:00:35,tier1-run1,dragapult,starmie,dragapult,1,-1,7,0,0,7,2,OTHER,
tier1,2026-07-03T18:00:35,tier1-run1,dragapult,starmie,dragapult,1,-1,5,0,0,3,2,OTHER,
tier1,2026-07-03T18:00:35,tier1-run1,dragapult,starmie,dragapult,1,-1,7,0,0,3,2,OTHER,
tier1,2026-07-03T18:00:35,tier1-run1,dragapult,starmie,starmie,-1,1,14,0,5,7,2,NO_POKEMON_IN_PLAY,
tier1,2026-07-03T18:00:35,tier1-run1,dragapult,starmie,dragapult,1,-1,15,0,0,9,2,OTHER,
tier1,2026-07-03T18:00:35,tier1-run1,dragapult,starmie,dragapult,1,-1,11,1,1,3,2,OTHER,
tier1,2026-07-03T18:00:35,tier1-run1,dragapult,starmie,dragapult,1,-1,5,0,0,5,2,OTHER,
tier1,2026-07-03T18:00:35,tier1-run1,dragapult,starmie,dragapult,1,-1,5,0,0,5,2,OTHER,
tier1,2026-07-03T18:00:35,tier1-run1,dragapult,starmie,dragapult,1,,10,0,3,3,2,OTHER,
tier1,2026-07-03T18:00:35,tier1-run1,dragapult,starmie,dragapult,1,-1,21,0,2,3,2,OTHER,
tier1,2026-07-03T18:00:35,tier1-run1,dragapult,starmie,dragapult,1,,10,0,1,7,2,OTHER,
tier1,2026-07-03T18:00:35,tier1-run1,dragapult,starmie,dragapult,1,-1,7,0,0,5,2,OTHER,
tier1,2026-07-03T18:00:35,tier1-run1,dragapult,starmie,dragapult,1,-1,5,0,0,3,2,OTHER,
tier1,2026-07-03T18:00:35,tier1-run1,dragapult,starmie,dragapult,1,-1,7,0,0,3,2,OTHER,
tier1,2026-07-03T18:00:35,tier1-run1,dragapult,starmie,dragapult,1,-1,7,0,0,3,2,OTHER,
tier1,2026-07-03T18:00:35,tier1-run1,dragapult,starmie,dragapult,1,-1,3,0,0,3,2,OTHER,
tier1,2026-07-03T18:00:35,tier1-run1,dragapult,starmie,dragapult,1,-1,9,1,0,7,2,OTHER,
tier1,2026-07-03T18:00:35,tier1-run1,dragapult,starmie,dragapult,1,-1,3,0,0,3,2,OTHER,
tier1,2026-07-03T18:00:35,tier1-run1,dragapult,starmie,dragapult,1,-1,5,0,0,3,2,OTHER,
tier1,2026-07-03T18:00:35,tier1-run1,dragapult,starmie,dragapult,1,,16,0,1,9,2,OTHER,
tier1,2026-07-03T18:00:35,tier1-run1,dragapult,starmie,dragapult,1,-1,3,0,0,3,2,OTHER,
tier1,2026-07-03T18:00:35,tier1-run1,dragapult,starmie,dragapult,1,-1,11,0,0,11,2,OTHER,
tier1,2026-07-03T18:00:35,tier1-run1,dragapult,starmie,dragapult,1,-1,9,0,0,9,2,OTHER,
tier1,2026-07-03T18:00:35,tier1-run1,dragapult,starmie,dragapult,1,-1,5,0,0,5,2,OTHER,
tier1,2026-07-03T18:00:35,tier1-run1,dragapult,starmie,dragapult,1,-1,3,0,0,3,2,OTHER,
tier1,2026-07-03T18:00:35,tier1-run1,dragapult,starmie,dragapult,1,-1,9,0,0,9,2,OTHER,
tier1,2026-07-03T18:00:35,tier1-run1,dragapult,starmie,dragapult,1,-1,13,0,0,13,2,OTHER,
tier1,2026-07-03T18:00:35,tier1-run1,dragapult,starmie,dragapult,1,-1,13,1,0,11,2,OTHER,
tier1,2026-07-03T18:00:35,tier1-run1,dragapult,starmie,dragapult,1,-1,9,0,0,9,2,OTHER,
tier1,2026-07-03T18:00:35,tier1-run1,dragapult,starmie,dragapult,1,-1,3,0,0,3,2,OTHER,
tier1,2026-07-03T18:00:35,tier1-run1,dragapult,starmie,dragapult,1,-1,7,0,1,3,2,OTHER,
tier1,2026-07-03T18:00:35,tier1-run1,dragapult,starmie,dragapult,1,,14,0,4,7,2,OTHER,
tier1,2026-07-03T18:00:35,tier1-run1,dragapult,starmie,dragapult,1,,8,1,2,3,2,OTHER,
tier1,2026-07-03T18:00:35,tier1-run1,dragapult,starmie,dragapult,1,-1,3,0,0,3,2,OTHER,
tier1,2026-07-03T18:00:35,tier1-run1,dragapult,starmie,dragapult,1,-1,9,0,0,5,2,OTHER,
tier1,2026-07-03T18:00:35,tier1-run1,dragapult,starmie,dragapult,1,-1,5,0,0,3,2,OTHER,
tier1,2026-07-03T18:00:35,tier1-run1,dragapult,starmie,dragapult,1,-1,9,0,1,3,2,OTHER,
tier1,2026-07-03T18:00:35,tier1-run1,dragapult,starmie,dragapult,1,-1,5,0,0,5,2,OTHER,
tier1,2026-07-03T18:00:35,tier1-run1,dragapult,starmie,dragapult,1,-1,15,1,1,3,2,OTHER,
tier1,2026-07-03T18:00:35,tier1-run1,dragapult,starmie,dragapult,1,-1,15,0,2,3,2,OTHER,
tier1,2026-07-03T18:00:35,tier1-run1,dragapult,starmie,dragapult,1,-1,15,0,0,13,2,OTHER,
tier1,2026-07-03T18:00:35,tier1-run1,dragapult,starmie,dragapult,1,-1,5,0,0,5,2,OTHER,
tier1,2026-07-03T18:00:35,tier1-run1,dragapult,starmie,starmie,-1,1,8,0,1,3,2,NO_POKEMON_IN_PLAY,
tier1,2026-07-03T18:00:35,tier1-run1,dragapult,starmie,dragapult,1,-1,3,0,0,3,2,OTHER,
tier1,2026-07-03T18:00:35,tier1-run1,dragapult,starmie,dragapult,1,-1,5,0,0,5,2,OTHER,
tier1,2026-07-03T18:00:35,tier1-run1,dragapult,starmie,dragapult,1,-1,19,0,1,3,2,OTHER,
tier1,2026-07-03T18:00:35,tier1-run1,dragapult,starmie,dragapult,1,-1,13,0,1,3,2,OTHER,
tier1,2026-07-03T18:00:35,tier1-run1,dragapult,starmie,dragapult,1,-1,11,0,2,3,2,OTHER,
tier1,2026-07-03T18:00:35,tier1-run1,dragapult,starmie,dragapult,1,-1,11,0,1,3,2,OTHER,
tier1,2026-07-03T18:00:35,tier1-run1,dragapult,starmie,dragapult,1,-1,7,0,0,7,2,OTHER,
tier1,2026-07-03T18:00:35,tier1-run1,dragapult,starmie,dragapult,1,,22,0,2,3,2,OTHER,
tier1,2026-07-03T18:00:35,tier1-run1,dragapult,starmie,starmie,-1,1,4,0,0,3,2,NO_POKEMON_IN_PLAY,
tier1,2026-07-03T18:00:35,tier1-run1,dragapult,starmie,dragapult,1,,12,0,4,3,2,OTHER,
tier1,2026-07-03T18:00:35,tier1-run1,dragapult,starmie,dragapult,1,-1,7,0,0,3,2,OTHER,
tier1,2026-07-03T18:00:35,tier1-run1,dragapult,starmie,dragapult,1,-1,3,0,0,3,2,OTHER,
tier1,2026-07-03T18:00:35,tier1-run1,dragapult,starmie,dragapult,1,-1,3,0,0,3,2,OTHER,
tier1,2026-07-03T18:00:35,tier1-run1,dragapult,starmie,dragapult,1,,14,0,4,3,2,OTHER,
tier1,2026-07-03T18:00:35,tier1-run1,dragapult,starmie,dragapult,1,-1,7,1,1,3,2,OTHER,
tier1,2026-07-03T18:00:35,tier1-run1,dragapult,starmie,dragapult,1,-1,9,1,1,3,2,OTHER,
tier1,2026-07-03T18:00:35,tier1-run1,dragapult,starmie,dragapult,1,-1,5,0,0,5,2,OTHER,
tier1,2026-07-03T18:00:35,tier1-run1,dragapult,starmie,dragapult,1,,16,0,1,13,2,OTHER,
tier1,2026-07-03T18:00:35,tier1-run1,dragapult,starmie,dragapult,1,-1,9,1,1,3,2,OTHER,
tier1,2026-07-03T18:00:35,tier1-run1,dragapult,starmie,dragapult,1,,8,0,2,5,2,OTHER,
tier1,2026-07-03T18:00:35,tier1-run1,dragapult,starmie,dragapult,1,,2,0,0,,,OTHER,
tier1,2026-07-03T18:00:35,tier1-run1,dragapult,starmie,dragapult,1,-1,7,0,0,3,2,OTHER,
tier1,2026-07-03T18:00:35,tier1-run1,dragapult,starmie,dragapult,1,-1,9,0,1,3,2,OTHER,
tier1,2026-07-03T18:00:35,tier1-run1,dragapult,starmie,dragapult,1,-1,3,0,0,3,2,OTHER,
tier1,2026-07-03T18:00:35,tier1-run1,dragapult,starmie,dragapult,1,-1,29,0,2,3,2,OTHER,
tier1,2026-07-03T18:00:35,tier1-run1,dragapult,starmie,dragapult,1,-1,11,0,1,3,2,OTHER,
tier1,2026-07-03T18:00:35,tier1-run1,dragapult,starmie,dragapult,1,-1,7,0,0,3,2,OTHER,
tier1,2026-07-03T18:00:35,tier1-run1,dragapult,starmie,dragapult,1,-1,15,0,0,15,2,OTHER,
tier1,2026-07-03T18:00:35,tier1-run1,dragapult,starmie,starmie,-1,1,4,0,1,3,2,NO_POKEMON_IN_PLAY,
tier1,2026-07-03T18:00:35,tier1-run1,dragapult,starmie,dragapult,1,-1,9,0,1,3,2,OTHER,
tier1,2026-07-03T18:00:35,tier1-run1,dragapult,starmie,dragapult,1,-1,7,0,0,3,2,OTHER,
tier1,2026-07-03T18:00:35,tier1-run1,dragapult,starmie,dragapult,1,-1,3,0,0,3,2,OTHER,
tier1,2026-07-03T18:00:35,tier1-run1,dragapult,starmie,dragapult,1,,8,0,2,,2,OTHER,
tier1,2026-07-03T18:00:35,tier1-run1,dragapult,starmie,dragapult,1,-1,7,0,0,7,2,OTHER,
tier1,2026-07-03T18:00:35,tier1-run1,dragapult,starmie,dragapult,1,-1,7,0,0,3,2,OTHER,
tier1,2026-07-03T18:00:35,tier1-run1,dragapult,starmie,dragapult,1,-1,15,1,1,3,2,OTHER,
tier1,2026-07-03T18:00:35,tier1-run1,dragapult,starmie,dragapult,1,,10,0,3,3,2,OTHER,
tier1,2026-07-03T18:00:35,tier1-run1,dragapult,starmie,dragapult,1,-1,3,0,0,3,2,OTHER,
tier2,2026-07-03T18:05:52,tier2-run1,alakazam,lucario,alakazam,1,-1,5,0,0,5,2,OTHER,
tier2,2026-07-03T18:05:52,tier2-run1,alakazam,lucario,alakazam,1,-1,13,2,4,9,2,DECK_OUT,
tier2,2026-07-03T18:05:52,tier2-run1,alakazam,lucario,lucario,-1,1,16,4,1,5,8,DECK_OUT,
tier2,2026-07-03T18:05:52,tier2-run1,alakazam,lucario,lucario,-1,1,14,2,4,3,6,DECK_OUT,
tier2,2026-07-03T18:05:52,tier2-run1,alakazam,lucario,alakazam,1,-1,23,0,0,,2,DECK_OUT,
tier2,2026-07-03T18:05:52,tier2-run1,alakazam,lucario,alakazam,1,-1,13,5,0,3,2,OTHER,
tier2,2026-07-03T18:05:52,tier2-run1,alakazam,lucario,lucario,-1,1,16,3,4,13,6,DECK_OUT,
tier2,2026-07-03T18:05:52,tier2-run1,alakazam,lucario,alakazam,1,-1,13,5,0,3,,OTHER,
tier2,2026-07-03T18:05:52,tier2-run1,alakazam,lucario,alakazam,1,-1,4,0,0,3,,OTHER,
tier2,2026-07-03T18:05:52,tier2-run1,alakazam,lucario,lucario,-1,1,16,1,1,3,4,DECK_OUT,
tier2,2026-07-03T18:05:52,tier2-run1,alakazam,lucario,alakazam,1,-1,7,1,0,5,2,OTHER,
tier2,2026-07-03T18:05:52,tier2-run1,alakazam,lucario,alakazam,1,-1,8,1,0,7,2,OTHER,
tier2,2026-07-03T18:05:52,tier2-run1,alakazam,lucario,alakazam,1,-1,9,2,0,5,,OTHER,
tier2,2026-07-03T18:05:52,tier2-run1,alakazam,lucario,lucario,-1,1,14,4,2,3,2,DECK_OUT,
tier2,2026-07-03T18:05:52,tier2-run1,alakazam,lucario,lucario,-1,1,12,5,0,3,4,DECK_OUT,
tier2,2026-07-03T18:05:52,tier2-run1,alakazam,lucario,lucario,-1,1,16,5,2,3,6,DECK_OUT,
tier2,2026-07-03T18:05:52,tier2-run1,alakazam,lucario,alakazam,1,-1,13,4,2,3,2,DECK_OUT,
tier2,2026-07-03T18:05:52,tier2-run1,alakazam,lucario,lucario,-1,1,12,2,2,3,2,DECK_OUT,
tier2,2026-07-03T18:05:52,tier2-run1,alakazam,lucario,lucario,-1,1,14,1,3,9,8,DECK_OUT,
tier2,2026-07-03T18:05:52,tier2-run1,alakazam,lucario,alakazam,1,-1,6,1,0,5,4,OTHER,
tier2,2026-07-03T18:05:52,tier2-run1,alakazam,lucario,lucario,-1,1,20,2,2,5,2,DECK_OUT,
tier2,2026-07-03T18:05:52,tier2-run1,alakazam,lucario,lucario,-1,1,16,0,5,15,2,OTHER,
tier2,2026-07-03T18:05:52,tier2-run1,alakazam,lucario,lucario,-1,1,4,0,0,,2,NO_POKEMON_IN_PLAY,
tier2,2026-07-03T18:05:52,tier2-run1,alakazam,lucario,alakazam,1,-1,19,5,2,5,8,OTHER,
tier2,2026-07-03T18:05:52,tier2-run1,alakazam,lucario,lucario,-1,1,14,2,4,11,6,DECK_OUT,
tier2,2026-07-03T18:05:52,tier2-run1,alakazam,lucario,lucario,-1,1,16,2,5,3,4,OTHER,
tier2,2026-07-03T18:05:52,tier2-run1,alakazam,lucario,lucario,-1,1,14,0,5,,4,OTHER,
tier2,2026-07-03T18:05:52,tier2-run1,alakazam,lucario,lucario,-1,1,18,5,2,3,14,DECK_OUT,
tier2,2026-07-03T18:05:52,tier2-run1,alakazam,lucario,alakazam,1,-1,17,5,0,5,2,OTHER,
tier2,2026-07-03T18:05:52,tier2-run1,alakazam,lucario,lucario,-1,1,14,5,3,3,8,DECK_OUT,
tier2,2026-07-03T18:05:52,tier2-run1,alakazam,lucario,alakazam,1,-1,17,2,1,5,2,DECK_OUT,
tier2,2026-07-03T18:05:52,tier2-run1,alakazam,lucario,lucario,-1,1,14,3,3,5,8,DECK_OUT,
tier2,2026-07-03T18:05:52,tier2-run1,alakazam,lucario,alakazam,1,-1,16,5,1,5,8,OTHER,
tier2,2026-07-03T18:05:52,tier2-run1,alakazam,lucario,alakazam,1,-1,13,5,2,3,2,DECK_OUT,
tier2,2026-07-03T18:05:52,tier2-run1,alakazam,lucario,alakazam,1,-1,19,5,0,5,8,DECK_OUT,
tier2,2026-07-03T18:05:52,tier2-run1,alakazam,lucario,alakazam,1,-1,17,0,0,,6,DECK_OUT,
tier2,2026-07-03T18:05:52,tier2-run1,alakazam,lucario,lucario,-1,1,12,4,5,7,4,OTHER,
tier2,2026-07-03T18:05:52,tier2-run1,alakazam,lucario,lucario,-1,1,16,2,4,3,4,DECK_OUT,
tier2,2026-07-03T18:05:52,tier2-run1,alakazam,lucario,lucario,-1,1,14,2,4,3,6,DECK_OUT,
tier2,2026-07-03T18:05:52,tier2-run1,alakazam,lucario,lucario,-1,1,16,4,5,5,8,DECK_OUT,
tier2,2026-07-03T18:05:52,tier2-run1,alakazam,lucario,alakazam,1,-1,11,2,2,3,4,DECK_OUT,
tier2,2026-07-03T18:05:52,tier2-run1,alakazam,lucario,alakazam,1,-1,17,0,2,7,2,DECK_OUT,
tier2,2026-07-03T18:05:52,tier2-run1,alakazam,lucario,lucario,-1,1,5,0,0,,2,OTHER,
tier2,2026-07-03T18:05:52,tier2-run1,alakazam,lucario,lucario,-1,1,14,1,4,13,2,DECK_OUT,
tier2,2026-07-03T18:05:52,tier2-run1,alakazam,lucario,lucario,-1,1,14,4,2,3,2,DECK_OUT,
tier2,2026-07-03T18:05:52,tier2-run1,alakazam,lucario,lucario,-1,1,14,2,2,9,2,DECK_OUT,
tier2,2026-07-03T18:05:52,tier2-run1,alakazam,lucario,alakazam,1,-1,13,2,4,3,2,DECK_OUT,
tier2,2026-07-03T18:05:52,tier2-run1,alakazam,lucario,lucario,-1,1,14,3,2,3,6,DECK_OUT,
tier2,2026-07-03T18:05:52,tier2-run1,alakazam,lucario,lucario,-1,1,12,4,2,5,6,DECK_OUT,
tier2,2026-07-03T18:05:52,tier2-run1,alakazam,lucario,lucario,-1,1,18,2,4,11,2,DECK_OUT,
tier2,2026-07-03T18:05:52,tier2-run1,alakazam,lucario,lucario,-1,1,16,2,5,3,2,DECK_OUT,
tier2,2026-07-03T18:05:52,tier2-run1,alakazam,lucario,lucario,-1,1,12,2,3,3,2,DECK_OUT,
tier2,2026-07-03T18:05:52,tier2-run1,alakazam,lucario,lucario,-1,1,18,0,5,,4,OTHER,
tier2,2026-07-03T18:05:52,tier2-run1,alakazam,lucario,lucario,-1,1,14,2,1,3,6,DECK_OUT,
tier2,2026-07-03T18:05:52,tier2-run1,alakazam,lucario,lucario,-1,1,16,1,1,11,2,DECK_OUT,
tier2,2026-07-03T18:05:52,tier2-run1,alakazam,lucario,lucario,-1,1,14,2,4,5,2,DECK_OUT,
tier2,2026-07-03T18:05:52,tier2-run1,alakazam,lucario,lucario,-1,1,16,3,1,3,14,DECK_OUT,
tier2,2026-07-03T18:05:52,tier2-run1,alakazam,lucario,alakazam,1,-1,11,5,0,3,4,OTHER,
tier2,2026-07-03T18:05:52,tier2-run1,alakazam,lucario,alakazam,1,-1,13,4,4,3,2,DECK_OUT,
tier2,2026-07-03T18:05:52,tier2-run1,alakazam,lucario,alakazam,1,-1,17,5,1,5,4,DECK_OUT,
tier2,2026-07-03T18:05:52,tier2-run1,alakazam,lucario,alakazam,1,-1,19,1,3,3,6,DECK_OUT,
tier2,2026-07-03T18:05:52,tier2-run1,alakazam,lucario,lucario,-1,1,22,0,0,21,2,DECK_OUT,
tier2,2026-07-03T18:05:52,tier2-run1,alakazam,lucario,alakazam,1,-1,15,5,0,3,4,DECK_OUT,
tier2,2026-07-03T18:05:52,tier2-run1,alakazam,lucario,lucario,-1,1,38,0,0,9,38,DECK_OUT,
tier2,2026-07-03T18:05:52,tier2-run1,alakazam,lucario,alakazam,1,-1,4,0,0,3,,OTHER,
tier2,2026-07-03T18:05:52,tier2-run1,alakazam,lucario,lucario,-1,1,14,5,2,3,2,DECK_OUT,
tier2,2026-07-03T18:05:52,tier2-run1,alakazam,lucario,alakazam,1,-1,13,1,0,5,2,DECK_OUT,
tier2,2026-07-03T18:05:52,tier2-run1,alakazam,lucario,alakazam,1,-1,15,5,1,3,2,DECK_OUT,
tier2,2026-07-03T18:05:52,tier2-run1,alakazam,lucario,lucario,-1,1,10,3,1,7,8,DECK_OUT,
tier2,2026-07-03T18:05:52,tier2-run1,alakazam,lucario,alakazam,1,-1,15,0,1,3,8,DECK_OUT,
tier2,2026-07-03T18:05:52,tier2-run1,alakazam,lucario,alakazam,1,-1,9,2,1,7,2,DECK_OUT,
tier2,2026-07-03T18:05:52,tier2-run1,alakazam,lucario,lucario,-1,1,18,1,3,3,2,DECK_OUT,
tier2,2026-07-03T18:05:52,tier2-run1,alakazam,lucario,lucario,-1,1,14,3,3,3,2,DECK_OUT,
tier2,2026-07-03T18:05:52,tier2-run1,alakazam,lucario,lucario,-1,1,24,3,1,5,14,DECK_OUT,
tier2,2026-07-03T18:05:52,tier2-run1,alakazam,lucario,alakazam,1,-1,15,5,1,5,10,OTHER,
tier2,2026-07-03T18:05:52,tier2-run1,alakazam,lucario,alakazam,1,-1,6,2,0,5,,OTHER,
tier2,2026-07-03T18:05:52,tier2-run1,alakazam,lucario,lucario,-1,1,16,3,2,5,8,DECK_OUT,
tier2,2026-07-03T18:05:52,tier2-run1,alakazam,lucario,lucario,-1,1,24,4,2,13,2,DECK_OUT,
tier2,2026-07-03T18:05:52,tier2-run1,alakazam,lucario,alakazam,1,-1,13,3,4,5,2,DECK_OUT,
tier2,2026-07-03T18:05:52,tier2-run1,alakazam,lucario,alakazam,1,-1,13,3,3,5,2,DECK_OUT,
tier2,2026-07-03T18:05:52,tier2-run1,alakazam,lucario,lucario,-1,1,14,4,4,3,4,DECK_OUT,
tier2,2026-07-03T18:05:52,tier2-run1,alakazam,lucario,lucario,-1,1,16,2,2,3,6,DECK_OUT,
tier2,2026-07-03T18:05:52,tier2-run1,alakazam,lucario,lucario,-1,1,16,3,4,5,2,DECK_OUT,
tier2,2026-07-03T18:05:52,tier2-run1,alakazam,lucario,lucario,-1,1,16,1,2,3,8,DECK_OUT,
tier2,2026-07-03T18:05:52,tier2-run1,alakazam,lucario,lucario,-1,1,14,0,0,,4,DECK_OUT,
tier2,2026-07-03T18:05:52,tier2-run1,alakazam,lucario,lucario,-1,1,18,1,0,7,8,DECK_OUT,
tier2,2026-07-03T18:05:52,tier2-run1,alakazam,lucario,lucario,-1,1,12,3,3,3,2,DECK_OUT,
tier2,2026-07-03T18:05:52,tier2-run1,alakazam,lucario,alakazam,1,-1,17,3,0,3,10,DECK_OUT,
tier2,2026-07-03T18:05:52,tier2-run1,alakazam,lucario,alakazam,1,-1,15,5,3,3,2,DECK_OUT,
tier2,2026-07-03T18:05:52,tier2-run1,alakazam,lucario,alakazam,1,-1,23,2,0,5,2,DECK_OUT,
tier2,2026-07-03T18:05:52,tier2-run1,alakazam,lucario,alakazam,1,-1,13,4,0,3,4,DECK_OUT,
tier2,2026-07-03T18:05:52,tier2-run1,alakazam,lucario,lucario,-1,1,12,4,1,3,2,DECK_OUT,
tier2,2026-07-03T18:05:52,tier2-run1,alakazam,lucario,lucario,-1,1,20,0,1,,6,DECK_OUT,
tier2,2026-07-03T18:05:52,tier2-run1,alakazam,lucario,lucario,-1,1,26,2,3,9,6,DECK_OUT,
tier2,2026-07-03T18:05:52,tier2-run1,alakazam,lucario,alakazam,1,-1,13,5,0,5,4,DECK_OUT,
tier2,2026-07-03T18:05:52,tier2-run1,alakazam,lucario,lucario,-1,1,18,3,3,9,4,DECK_OUT,
tier2,2026-07-03T18:05:52,tier2-run1,alakazam,lucario,lucario,-1,1,18,4,2,3,12,DECK_OUT,
tier2,2026-07-03T18:05:52,tier2-run1,alakazam,lucario,alakazam,1,-1,15,2,2,3,2,DECK_OUT,
tier2,2026-07-03T18:05:52,tier2-run1,alakazam,lucario,alakazam,1,-1,17,2,2,17,2,DECK_OUT,
tier2,2026-07-03T18:05:52,tier2-run1,alakazam,lucario,alakazam,1,-1,17,3,2,3,2,DECK_OUT,
tier2,2026-07-03T18:05:52,tier2-run1,lucario,alakazam,lucario,1,-1,15,2,4,3,2,DECK_OUT,
tier2,2026-07-03T18:05:52,tier2-run1,lucario,alakazam,alakazam,-1,1,12,4,1,5,2,DECK_OUT,
tier2,2026-07-03T18:05:52,tier2-run1,lucario,alakazam,lucario,1,-1,19,3,2,13,4,DECK_OUT,
tier2,2026-07-03T18:05:52,tier2-run1,lucario,alakazam,alakazam,-1,1,3,0,0,,,OTHER,
tier2,2026-07-03T18:05:52,tier2-run1,lucario,alakazam,lucario,1,-1,19,1,2,3,12,DECK_OUT,
tier2,2026-07-03T18:05:52,tier2-run1,lucario,alakazam,alakazam,-1,1,18,3,2,9,2,DECK_OUT,
tier2,2026-07-03T18:05:52,tier2-run1,lucario,alakazam,alakazam,-1,1,18,4,4,13,8,DECK_OUT,
tier2,2026-07-03T18:05:52,tier2-run1,lucario,alakazam,alakazam,-1,1,14,1,5,13,2,DECK_OUT,
tier2,2026-07-03T18:05:52,tier2-run1,lucario,alakazam,lucario,1,-1,13,4,4,7,4,DECK_OUT,
tier2,2026-07-03T18:05:52,tier2-run1,lucario,alakazam,alakazam,-1,1,3,0,0,,,OTHER,
tier2,2026-07-03T18:05:52,tier2-run1,lucario,alakazam,lucario,1,-1,13,2,0,9,4,OTHER,
tier2,2026-07-03T18:05:52,tier2-run1,lucario,alakazam,lucario,1,-1,17,2,2,9,4,DECK_OUT,
tier2,2026-07-03T18:05:52,tier2-run1,lucario,alakazam,alakazam,-1,1,3,0,0,,,OTHER,
tier2,2026-07-03T18:05:52,tier2-run1,lucario,alakazam,alakazam,-1,1,16,5,1,3,4,DECK_OUT,
tier2,2026-07-03T18:05:52,tier2-run1,lucario,alakazam,lucario,1,-1,11,4,1,3,2,DECK_OUT,
tier2,2026-07-03T18:05:52,tier2-run1,lucario,alakazam,alakazam,-1,1,16,1,4,5,2,DECK_OUT,
tier2,2026-07-03T18:05:52,tier2-run1,lucario,alakazam,lucario,1,-1,15,2,0,5,2,DECK_OUT,
tier2,2026-07-03T18:05:52,tier2-run1,lucario,alakazam,lucario,1,-1,15,5,3,3,12,DECK_OUT,
tier2,2026-07-03T18:05:52,tier2-run1,lucario,alakazam,alakazam,-1,1,12,2,3,3,4,DECK_OUT,
tier2,2026-07-03T18:05:52,tier2-run1,lucario,alakazam,alakazam,-1,1,18,1,0,7,14,DECK_OUT,
tier2,2026-07-03T18:05:52,tier2-run1,lucario,alakazam,lucario,1,-1,15,2,2,3,6,DECK_OUT,
tier2,2026-07-03T18:05:52,tier2-run1,lucario,alakazam,lucario,1,-1,15,4,2,3,4,DECK_OUT,
tier2,2026-07-03T18:05:52,tier2-run1,lucario,alakazam,alakazam,-1,1,14,2,2,3,4,DECK_OUT,
tier2,2026-07-03T18:05:52,tier2-run1,lucario,alakazam,alakazam,-1,1,18,4,1,3,12,DECK_OUT,
tier2,2026-07-03T18:05:52,tier2-run1,lucario,alakazam,alakazam,-1,1,14,3,4,3,8,DECK_OUT,
tier2,2026-07-03T18:05:52,tier2-run1,lucario,alakazam,alakazam,-1,1,14,3,4,3,4,DECK_OUT,
tier2,2026-07-03T18:05:52,tier2-run1,lucario,alakazam,alakazam,-1,1,18,1,2,7,4,DECK_OUT,
tier2,2026-07-03T18:05:52,tier2-run1,lucario,alakazam,alakazam,-1,1,14,0,1,3,8,DECK_OUT,
tier2,2026-07-03T18:05:52,tier2-run1,lucario,alakazam,alakazam,-1,1,16,2,4,3,4,OTHER,
tier2,2026-07-03T18:05:52,tier2-run1,lucario,alakazam,alakazam,-1,1,18,1,3,9,4,DECK_OUT,
tier2,2026-07-03T18:05:52,tier2-run1,lucario,alakazam,lucario,1,-1,11,1,3,7,4,DECK_OUT,
tier2,2026-07-03T18:05:52,tier2-run1,lucario,alakazam,lucario,1,-1,17,5,0,5,2,OTHER,
tier2,2026-07-03T18:05:52,tier2-run1,lucario,alakazam,alakazam,-1,1,14,2,2,7,10,DECK_OUT,
tier2,2026-07-03T18:05:52,tier2-run1,lucario,alakazam,alakazam,-1,1,12,1,2,5,2,DECK_OUT,
tier2,2026-07-03T18:05:52,tier2-run1,lucario,alakazam,alakazam,-1,1,16,0,4,13,4,DECK_OUT,
tier2,2026-07-03T18:05:52,tier2-run1,lucario,alakazam,alakazam,-1,1,12,4,3,5,2,DECK_OUT,
tier2,2026-07-03T18:05:52,tier2-run1,lucario,alakazam,lucario,1,-1,13,5,1,5,10,OTHER,
tier2,2026-07-03T18:05:52,tier2-run1,lucario,alakazam,alakazam,-1,1,16,1,5,3,2,OTHER,
tier2,2026-07-03T18:05:52,tier2-run1,lucario,alakazam,alakazam,-1,1,3,0,0,,,OTHER,
tier2,2026-07-03T18:05:52,tier2-run1,lucario,alakazam,alakazam,-1,1,16,3,2,9,6,DECK_OUT,
tier2,2026-07-03T18:05:52,tier2-run1,lucario,alakazam,lucario,1,-1,11,3,1,3,8,DECK_OUT,
tier2,2026-07-03T18:05:52,tier2-run1,lucario,alakazam,lucario,1,-1,29,1,1,11,2,DECK_OUT,
tier2,2026-07-03T18:05:52,tier2-run1,lucario,alakazam,alakazam,-1,1,24,3,3,3,4,DECK_OUT,
tier2,2026-07-03T18:05:52,tier2-run1,lucario,alakazam,alakazam,-1,1,14,3,2,3,2,DECK_OUT,
tier2,2026-07-03T18:05:52,tier2-run1,lucario,alakazam,alakazam,-1,1,14,3,3,3,2,DECK_OUT,
tier2,2026-07-03T18:05:52,tier2-run1,lucario,alakazam,alakazam,-1,1,16,1,2,7,2,DECK_OUT,
tier2,2026-07-03T18:05:52,tier2-run1,lucario,alakazam,alakazam,-1,1,18,3,1,13,8,DECK_OUT,
tier2,2026-07-03T18:05:52,tier2-run1,lucario,alakazam,alakazam,-1,1,14,1,4,3,2,DECK_OUT,
tier2,2026-07-03T18:05:52,tier2-run1,lucario,alakazam,lucario,1,-1,13,4,2,5,8,DECK_OUT,
tier2,2026-07-03T18:05:52,tier2-run1,lucario,alakazam,alakazam,-1,1,16,1,0,9,8,DECK_OUT,
tier2,2026-07-03T18:05:52,tier2-run1,lucario,alakazam,lucario,1,-1,13,5,0,3,2,OTHER,
tier2,2026-07-03T18:05:52,tier2-run1,lucario,alakazam,alakazam,-1,1,14,2,4,11,2,DECK_OUT,
tier2,2026-07-03T18:05:52,tier2-run1,lucario,alakazam,alakazam,-1,1,12,1,2,5,2,DECK_OUT,
tier2,2026-07-03T18:05:52,tier2-run1,lucario,alakazam,lucario,1,-1,13,1,2,3,4,DECK_OUT,
tier2,2026-07-03T18:05:52,tier2-run1,lucario,alakazam,alakazam,-1,1,5,0,0,,,OTHER,
tier2,2026-07-03T18:05:52,tier2-run1,lucario,alakazam,lucario,1,-1,11,4,2,3,2,DECK_OUT,
tier2,2026-07-03T18:05:52,tier2-run1,lucario,alakazam,lucario,1,-1,13,2,3,5,6,DECK_OUT,
tier2,2026-07-03T18:05:52,tier2-run1,lucario,alakazam,alakazam,-1,1,14,1,5,7,2,DECK_OUT,
tier2,2026-07-03T18:05:52,tier2-run1,lucario,alakazam,lucario,1,-1,13,3,0,3,6,DECK_OUT,
tier2,2026-07-03T18:05:52,tier2-run1,lucario,alakazam,lucario,1,-1,6,1,0,3,,OTHER,
tier2,2026-07-03T18:05:52,tier2-run1,lucario,alakazam,alakazam,-1,1,16,0,5,3,4,OTHER,
tier2,2026-07-03T18:05:52,tier2-run1,lucario,alakazam,alakazam,-1,1,20,0,0,3,,DECK_OUT,
tier2,2026-07-03T18:05:52,tier2-run1,lucario,alakazam,alakazam,-1,1,12,3,0,7,12,DECK_OUT,
tier2,2026-07-03T18:05:52,tier2-run1,lucario,alakazam,alakazam,-1,1,14,0,5,3,2,OTHER,
tier2,2026-07-03T18:05:52,tier2-run1,lucario,alakazam,lucario,1,-1,15,3,2,5,10,DECK_OUT,
tier2,2026-07-03T18:05:52,tier2-run1,lucario,alakazam,alakazam,-1,1,10,2,2,3,2,DECK_OUT,
tier2,2026-07-03T18:05:52,tier2-run1,lucario,alakazam,alakazam,-1,1,20,3,1,15,4,DECK_OUT,
tier2,2026-07-03T18:05:52,tier2-run1,lucario,alakazam,alakazam,-1,1,14,5,1,3,2,DECK_OUT,
tier2,2026-07-03T18:05:52,tier2-run1,lucario,alakazam,alakazam,-1,1,12,4,2,5,4,DECK_OUT,
tier2,2026-07-03T18:05:52,tier2-run1,lucario,alakazam,lucario,1,-1,13,2,0,3,8,DECK_OUT,
tier2,2026-07-03T18:05:52,tier2-run1,lucario,alakazam,alakazam,-1,1,16,3,1,5,2,DECK_OUT,
tier2,2026-07-03T18:05:52,tier2-run1,lucario,alakazam,alakazam,-1,1,12,2,4,3,2,DECK_OUT,
tier2,2026-07-03T18:05:52,tier2-run1,lucario,alakazam,alakazam,-1,1,14,2,1,7,6,DECK_OUT,
tier2,2026-07-03T18:05:52,tier2-run1,lucario,alakazam,lucario,1,-1,13,1,4,11,2,DECK_OUT,
tier2,2026-07-03T18:05:52,tier2-run1,lucario,alakazam,lucario,1,-1,13,2,1,9,2,DECK_OUT,
tier2,2026-07-03T18:05:52,tier2-run1,lucario,alakazam,lucario,1,-1,15,1,0,13,2,DECK_OUT,
tier2,2026-07-03T18:05:52,tier2-run1,lucario,alakazam,lucario,1,-1,23,1,0,5,,DECK_OUT,
tier2,2026-07-03T18:05:52,tier2-run1,lucario,alakazam,alakazam,-1,1,3,0,0,,2,OTHER,
tier2,2026-07-03T18:05:52,tier2-run1,lucario,alakazam,lucario,1,-1,15,2,1,3,6,DECK_OUT,
tier2,2026-07-03T18:05:52,tier2-run1,lucario,alakazam,lucario,1,-1,19,5,2,3,2,DECK_OUT,
tier2,2026-07-03T18:05:52,tier2-run1,lucario,alakazam,lucario,1,-1,17,5,1,3,10,DECK_OUT,
tier2,2026-07-03T18:05:52,tier2-run1,lucario,alakazam,alakazam,-1,1,18,0,0,,,DECK_OUT,
tier2,2026-07-03T18:05:52,tier2-run1,lucario,alakazam,alakazam,-1,1,3,0,0,,,OTHER,
tier2,2026-07-03T18:05:52,tier2-run1,lucario,alakazam,alakazam,-1,1,16,1,4,5,2,DECK_OUT,
tier2,2026-07-03T18:05:52,tier2-run1,lucario,alakazam,lucario,1,-1,23,0,5,23,2,DECK_OUT,
tier2,2026-07-03T18:05:52,tier2-run1,lucario,alakazam,lucario,1,-1,21,2,3,13,8,DECK_OUT,
tier2,2026-07-03T18:05:52,tier2-run1,lucario,alakazam,lucario,1,-1,19,1,3,13,2,DECK_OUT,
tier2,2026-07-03T18:05:52,tier2-run1,lucario,alakazam,alakazam,-1,1,14,2,2,3,2,DECK_OUT,
tier2,2026-07-03T18:05:52,tier2-run1,lucario,alakazam,alakazam,-1,1,22,3,0,3,2,DECK_OUT,
tier2,2026-07-03T18:05:52,tier2-run1,lucario,alakazam,alakazam,-1,1,12,3,2,7,4,DECK_OUT,
tier2,2026-07-03T18:05:52,tier2-run1,lucario,alakazam,alakazam,-1,1,14,4,2,3,2,DECK_OUT,
tier2,2026-07-03T18:05:52,tier2-run1,lucario,alakazam,alakazam,-1,1,12,4,3,3,6,DECK_OUT,
tier2,2026-07-03T18:05:52,tier2-run1,lucario,alakazam,alakazam,-1,1,10,1,3,3,2,DECK_OUT,
tier2,2026-07-03T18:05:52,tier2-run1,lucario,alakazam,lucario,1,-1,13,1,2,11,6,DECK_OUT,
tier2,2026-07-03T18:05:52,tier2-run1,lucario,alakazam,alakazam,-1,1,18,3,4,3,2,DECK_OUT,
tier2,2026-07-03T18:05:52,tier2-run1,lucario,alakazam,alakazam,-1,1,14,3,0,3,14,DECK_OUT,
tier2,2026-07-03T18:05:52,tier2-run1,lucario,alakazam,lucario,1,-1,19,4,3,5,2,DECK_OUT,
tier2,2026-07-03T18:05:52,tier2-run1,lucario,alakazam,alakazam,-1,1,14,3,1,5,12,DECK_OUT,
tier2,2026-07-03T18:05:52,tier2-run1,lucario,alakazam,lucario,1,-1,4,0,0,3,,OTHER,
tier2,2026-07-03T18:05:52,tier2-run1,lucario,alakazam,alakazam,-1,1,16,0,0,7,2,DECK_OUT,
tier2,2026-07-03T18:06:26,tier2-run1,alakazam,abomasnow,alakazam,1,-1,15,2,1,5,6,DECK_OUT,
tier2,2026-07-03T18:06:26,tier2-run1,alakazam,abomasnow,alakazam,1,-1,13,1,3,9,2,DECK_OUT,
tier2,2026-07-03T18:06:26,tier2-run1,alakazam,abomasnow,alakazam,1,-1,15,5,2,7,2,DECK_OUT,
tier2,2026-07-03T18:06:26,tier2-run1,alakazam,abomasnow,alakazam,1,-1,13,4,3,3,8,DECK_OUT,
tier2,2026-07-03T18:06:26,tier2-run1,alakazam,abomasnow,alakazam,1,-1,15,3,2,9,2,DECK_OUT,
tier2,2026-07-03T18:06:26,tier2-run1,alakazam,abomasnow,alakazam,1,-1,17,5,1,3,14,OTHER,
tier2,2026-07-03T18:06:26,tier2-run1,alakazam,abomasnow,abomasnow,-1,1,3,0,0,,2,OTHER,
tier2,2026-07-03T18:06:26,tier2-run1,alakazam,abomasnow,abomasnow,-1,1,16,5,0,3,8,DECK_OUT,
tier2,2026-07-03T18:06:26,tier2-run1,alakazam,abomasnow,alakazam,1,-1,13,3,2,3,10,DECK_OUT,
tier2,2026-07-03T18:06:26,tier2-run1,alakazam,abomasnow,abomasnow,-1,1,36,0,0,,2,DECK_OUT,
tier2,2026-07-03T18:06:26,tier2-run1,alakazam,abomasnow,alakazam,1,-1,15,4,1,3,8,DECK_OUT,
tier2,2026-07-03T18:06:26,tier2-run1,alakazam,abomasnow,alakazam,1,-1,17,5,0,5,2,OTHER,
tier2,2026-07-03T18:06:26,tier2-run1,alakazam,abomasnow,abomasnow,-1,1,12,2,2,5,2,DECK_OUT,
tier2,2026-07-03T18:06:26,tier2-run1,alakazam,abomasnow,alakazam,1,-1,6,1,0,5,2,OTHER,
tier2,2026-07-03T18:06:26,tier2-run1,alakazam,abomasnow,alakazam,1,-1,13,2,0,9,2,OTHER,
tier2,2026-07-03T18:06:26,tier2-run1,alakazam,abomasnow,abomasnow,-1,1,18,0,5,3,2,OTHER,
tier2,2026-07-03T18:06:26,tier2-run1,alakazam,abomasnow,alakazam,1,-1,13,4,0,3,8,OTHER,
tier2,2026-07-03T18:06:26,tier2-run1,alakazam,abomasnow,alakazam,1,-1,23,0,0,5,6,DECK_OUT,
tier2,2026-07-03T18:06:26,tier2-run1,alakazam,abomasnow,alakazam,1,-1,19,2,1,15,8,DECK_OUT,
tier2,2026-07-03T18:06:26,tier2-run1,alakazam,abomasnow,alakazam,1,-1,17,3,2,3,4,DECK_OUT,
tier2,2026-07-03T18:06:26,tier2-run1,alakazam,abomasnow,abomasnow,-1,1,10,1,3,3,4,DECK_OUT,
tier2,2026-07-03T18:06:26,tier2-run1,alakazam,abomasnow,alakazam,1,-1,13,1,4,3,2,DECK_OUT,
tier2,2026-07-03T18:06:26,tier2-run1,alakazam,abomasnow,abomasnow,-1,1,6,0,0,3,2,NO_POKEMON_IN_PLAY,
tier2,2026-07-03T18:06:26,tier2-run1,alakazam,abomasnow,alakazam,1,-1,13,5,1,3,2,OTHER,
tier2,2026-07-03T18:06:26,tier2-run1,alakazam,abomasnow,abomasnow,-1,1,14,1,1,3,8,DECK_OUT,
tier2,2026-07-03T18:06:26,tier2-run1,alakazam,abomasnow,abomasnow,-1,1,16,3,4,3,6,DECK_OUT,
tier2,2026-07-03T18:06:26,tier2-run1,alakazam,abomasnow,abomasnow,-1,1,16,3,1,5,10,DECK_OUT,
tier2,2026-07-03T18:06:26,tier2-run1,alakazam,abomasnow,abomasnow,-1,1,12,2,3,5,2,DECK_OUT,
tier2,2026-07-03T18:06:26,tier2-run1,alakazam,abomasnow,alakazam,1,-1,15,5,0,3,6,OTHER,
tier2,2026-07-03T18:06:26,tier2-run1,alakazam,abomasnow,abomasnow,-1,1,12,2,3,3,4,DECK_OUT,
tier2,2026-07-03T18:06:26,tier2-run1,alakazam,abomasnow,alakazam,1,-1,19,4,3,7,2,DECK_OUT,
tier2,2026-07-03T18:06:26,tier2-run1,alakazam,abomasnow,abomasnow,-1,1,16,1,2,13,10,DECK_OUT,
tier2,2026-07-03T18:06:26,tier2-run1,alakazam,abomasnow,alakazam,1,-1,17,0,0,7,16,DECK_OUT,
tier2,2026-07-03T18:06:26,tier2-run1,alakazam,abomasnow,alakazam,1,-1,15,2,3,3,2,DECK_OUT,
tier2,2026-07-03T18:06:26,tier2-run1,alakazam,abomasnow,alakazam,1,-1,15,5,3,3,4,DECK_OUT,
tier2,2026-07-03T18:06:26,tier2-run1,alakazam,abomasnow,alakazam,1,-1,17,5,2,3,6,OTHER,
tier2,2026-07-03T18:06:26,tier2-run1,alakazam,abomasnow,alakazam,1,-1,15,4,1,3,6,DECK_OUT,
tier2,2026-07-03T18:06:26,tier2-run1,alakazam,abomasnow,abomasnow,-1,1,16,1,5,13,4,DECK_OUT,
tier2,2026-07-03T18:06:26,tier2-run1,alakazam,abomasnow,alakazam,1,-1,13,5,0,3,6,OTHER,
tier2,2026-07-03T18:06:26,tier2-run1,alakazam,abomasnow,abomasnow,-1,1,12,1,1,3,2,DECK_OUT,
tier2,2026-07-03T18:06:26,tier2-run1,alakazam,abomasnow,alakazam,1,-1,15,2,5,3,4,DECK_OUT,
tier2,2026-07-03T18:06:26,tier2-run1,alakazam,abomasnow,abomasnow,-1,1,14,2,2,9,8,DECK_OUT,
tier2,2026-07-03T18:06:26,tier2-run1,alakazam,abomasnow,alakazam,1,-1,19,0,2,13,10,DECK_OUT,
tier2,2026-07-03T18:06:26,tier2-run1,alakazam,abomasnow,alakazam,1,-1,13,4,2,9,4,DECK_OUT,
tier2,2026-07-03T18:06:26,tier2-run1,alakazam,abomasnow,abomasnow,-1,1,12,0,2,9,8,DECK_OUT,
tier2,2026-07-03T18:06:26,tier2-run1,alakazam,abomasnow,alakazam,1,-1,19,3,2,9,2,DECK_OUT,
tier2,2026-07-03T18:06:26,tier2-run1,alakazam,abomasnow,alakazam,1,-1,13,2,1,5,2,DECK_OUT,
tier2,2026-07-03T18:06:26,tier2-run1,alakazam,abomasnow,abomasnow,-1,1,5,0,0,,,OTHER,
tier2,2026-07-03T18:06:26,tier2-run1,alakazam,abomasnow,abomasnow,-1,1,16,3,2,5,2,DECK_OUT,
tier2,2026-07-03T18:06:26,tier2-run1,alakazam,abomasnow,alakazam,1,-1,13,5,0,3,6,OTHER,
tier2,2026-07-03T18:06:26,tier2-run1,alakazam,abomasnow,alakazam,1,-1,15,3,5,7,2,DECK_OUT,
tier2,2026-07-03T18:06:26,tier2-run1,alakazam,abomasnow,alakazam,1,-1,13,4,0,3,,DECK_OUT,
tier2,2026-07-03T18:06:26,tier2-run1,alakazam,abomasnow,abomasnow,-1,1,16,2,2,7,6,DECK_OUT,
tier2,2026-07-03T18:06:26,tier2-run1,alakazam,abomasnow,abomasnow,-1,1,16,4,2,7,4,DECK_OUT,
tier2,2026-07-03T18:06:26,tier2-run1,alakazam,abomasnow,alakazam,1,-1,13,4,1,3,4,DECK_OUT,
tier2,2026-07-03T18:06:26,tier2-run1,alakazam,abomasnow,abomasnow,-1,1,12,5,0,3,2,DECK_OUT,
tier2,2026-07-03T18:06:26,tier2-run1,alakazam,abomasnow,abomasnow,-1,1,3,0,0,,,OTHER,
tier2,2026-07-03T18:06:26,tier2-run1,alakazam,abomasnow,abomasnow,-1,1,6,0,0,,2,NO_POKEMON_IN_PLAY,
tier2,2026-07-03T18:06:26,tier2-run1,alakazam,abomasnow,abomasnow,-1,1,12,3,2,3,4,DECK_OUT,
tier2,2026-07-03T18:06:26,tier2-run1,alakazam,abomasnow,abomasnow,-1,1,18,5,1,3,14,DECK_OUT,
tier2,2026-07-03T18:06:26,tier2-run1,alakazam,abomasnow,alakazam,1,-1,15,5,1,3,12,DECK_OUT,
tier2,2026-07-03T18:06:26,tier2-run1,alakazam,abomasnow,abomasnow,-1,1,14,4,2,3,2,DECK_OUT,
tier2,2026-07-03T18:06:26,tier2-run1,alakazam,abomasnow,abomasnow,-1,1,16,1,4,5,6,DECK_OUT,
tier2,2026-07-03T18:06:26,tier2-run1,alakazam,abomasnow,abomasnow,-1,1,12,4,2,3,4,DECK_OUT,
tier2,2026-07-03T18:06:26,tier2-run1,alakazam,abomasnow,alakazam,1,-1,4,0,0,,,OTHER,
tier2,2026-07-03T18:06:26,tier2-run1,alakazam,abomasnow,alakazam,1,-1,13,2,3,7,2,DECK_OUT,
tier2,2026-07-03T18:06:26,tier2-run1,alakazam,abomasnow,alakazam,1,-1,13,5,0,3,12,OTHER,
tier2,2026-07-03T18:06:26,tier2-run1,alakazam,abomasnow,abomasnow,-1,1,14,3,1,5,2,DECK_OUT,
tier2,2026-07-03T18:06:26,tier2-run1,alakazam,abomasnow,alakazam,1,-1,11,2,2,9,6,DECK_OUT,
tier2,2026-07-03T18:06:26,tier2-run1,alakazam,abomasnow,alakazam,1,-1,15,2,2,3,6,DECK_OUT,
tier2,2026-07-03T18:06:26,tier2-run1,alakazam,abomasnow,alakazam,1,-1,31,0,1,15,10,DECK_OUT,
tier2,2026-07-03T18:06:26,tier2-run1,alakazam,abomasnow,alakazam,1,-1,15,4,2,5,2,DECK_OUT,
tier2,2026-07-03T18:06:26,tier2-run1,alakazam,abomasnow,abomasnow,-1,1,3,0,0,,,OTHER,
tier2,2026-07-03T18:06:26,tier2-run1,alakazam,abomasnow,abomasnow,-1,1,18,4,0,3,4,DECK_OUT,
tier2,2026-07-03T18:06:26,tier2-run1,alakazam,abomasnow,alakazam,1,-1,15,5,0,3,2,OTHER,
tier2,2026-07-03T18:06:26,tier2-run1,alakazam,abomasnow,alakazam,1,-1,13,2,2,11,4,DECK_OUT,
tier2,2026-07-03T18:06:26,tier2-run1,alakazam,abomasnow,abomasnow,-1,1,12,2,3,3,2,DECK_OUT,
tier2,2026-07-03T18:06:26,tier2-run1,alakazam,abomasnow,abomasnow,-1,1,14,2,4,11,2,DECK_OUT,
tier2,2026-07-03T18:06:26,tier2-run1,alakazam,abomasnow,alakazam,1,-1,21,1,3,11,8,DECK_OUT,
tier2,2026-07-03T18:06:26,tier2-run1,alakazam,abomasnow,abomasnow,-1,1,8,0,1,5,4,NO_POKEMON_IN_PLAY,
tier2,2026-07-03T18:06:26,tier2-run1,alakazam,abomasnow,abomasnow,-1,1,14,2,4,3,2,DECK_OUT,
tier2,2026-07-03T18:06:26,tier2-run1,alakazam,abomasnow,alakazam,1,-1,13,2,2,5,2,DECK_OUT,
tier2,2026-07-03T18:06:26,tier2-run1,alakazam,abomasnow,alakazam,1,-1,13,2,2,7,2,DECK_OUT,
tier2,2026-07-03T18:06:26,tier2-run1,alakazam,abomasnow,abomasnow,-1,1,12,1,3,11,2,DECK_OUT,
tier2,2026-07-03T18:06:26,tier2-run1,alakazam,abomasnow,alakazam,1,-1,19,1,2,11,2,DECK_OUT,
tier2,2026-07-03T18:06:26,tier2-run1,alakazam,abomasnow,alakazam,1,-1,15,5,0,3,10,DECK_OUT,
tier2,2026-07-03T18:06:26,tier2-run1,alakazam,abomasnow,abomasnow,-1,1,14,3,2,7,2,DECK_OUT,
tier2,2026-07-03T18:06:26,tier2-run1,alakazam,abomasnow,abomasnow,-1,1,12,4,1,3,2,DECK_OUT,
tier2,2026-07-03T18:06:26,tier2-run1,alakazam,abomasnow,abomasnow,-1,1,14,3,2,5,6,DECK_OUT,
tier2,2026-07-03T18:06:26,tier2-run1,alakazam,abomasnow,abomasnow,-1,1,14,5,2,7,2,DECK_OUT,
tier2,2026-07-03T18:06:26,tier2-run1,alakazam,abomasnow,alakazam,1,-1,15,5,1,7,12,OTHER,
tier2,2026-07-03T18:06:26,tier2-run1,alakazam,abomasnow,alakazam,1,-1,15,5,2,3,6,DECK_OUT,
tier2,2026-07-03T18:06:26,tier2-run1,alakazam,abomasnow,abomasnow,-1,1,22,0,2,7,18,DECK_OUT,
tier2,2026-07-03T18:06:26,tier2-run1,alakazam,abomasnow,abomasnow,-1,1,16,3,3,5,8,DECK_OUT,
tier2,2026-07-03T18:06:26,tier2-run1,alakazam,abomasnow,alakazam,1,-1,17,3,2,11,4,DECK_OUT,
tier2,2026-07-03T18:06:26,tier2-run1,alakazam,abomasnow,alakazam,1,-1,15,5,3,3,10,OTHER,
tier2,2026-07-03T18:06:26,tier2-run1,alakazam,abomasnow,abomasnow,-1,1,20,4,1,5,14,DECK_OUT,
tier2,2026-07-03T18:06:26,tier2-run1,alakazam,abomasnow,alakazam,1,-1,19,5,1,9,2,OTHER,
tier2,2026-07-03T18:06:26,tier2-run1,alakazam,abomasnow,alakazam,1,-1,11,3,3,7,8,DECK_OUT,
tier2,2026-07-03T18:06:26,tier2-run1,alakazam,abomasnow,abomasnow,-1,1,16,1,3,11,12,DECK_OUT,
tier2,2026-07-03T18:06:26,tier2-run1,abomasnow,alakazam,alakazam,-1,1,12,3,3,3,2,DECK_OUT,
tier2,2026-07-03T18:06:26,tier2-run1,abomasnow,alakazam,alakazam,-1,1,14,4,3,7,2,DECK_OUT,
tier2,2026-07-03T18:06:26,tier2-run1,abomasnow,alakazam,abomasnow,1,-1,21,4,4,5,4,DECK_OUT,
tier2,2026-07-03T18:06:26,tier2-run1,abomasnow,alakazam,alakazam,-1,1,22,1,1,13,6,DECK_OUT,
tier2,2026-07-03T18:06:26,tier2-run1,abomasnow,alakazam,abomasnow,1,-1,15,4,3,9,8,DECK_OUT,
tier2,2026-07-03T18:06:26,tier2-run1,abomasnow,alakazam,alakazam,-1,1,14,2,4,5,4,DECK_OUT,
tier2,2026-07-03T18:06:26,tier2-run1,abomasnow,alakazam,abomasnow,1,-1,10,3,0,5,8,OTHER,
tier2,2026-07-03T18:06:26,tier2-run1,abomasnow,alakazam,alakazam,-1,1,14,1,3,3,4,DECK_OUT,
tier2,2026-07-03T18:06:26,tier2-run1,abomasnow,alakazam,alakazam,-1,1,14,1,4,3,2,DECK_OUT,
tier2,2026-07-03T18:06:26,tier2-run1,abomasnow,alakazam,alakazam,-1,1,12,4,2,3,4,DECK_OUT,
tier2,2026-07-03T18:06:26,tier2-run1,abomasnow,alakazam,alakazam,-1,1,14,2,3,3,2,DECK_OUT,
tier2,2026-07-03T18:06:26,tier2-run1,abomasnow,alakazam,alakazam,-1,1,12,5,1,3,8,DECK_OUT,
tier2,2026-07-03T18:06:26,tier2-run1,abomasnow,alakazam,abomasnow,1,-1,12,3,0,3,2,OTHER,
tier2,2026-07-03T18:06:26,tier2-run1,abomasnow,alakazam,alakazam,-1,1,12,1,0,9,4,DECK_OUT,
tier2,2026-07-03T18:06:26,tier2-run1,abomasnow,alakazam,abomasnow,1,-1,19,1,2,7,2,DECK_OUT,
tier2,2026-07-03T18:06:26,tier2-run1,abomasnow,alakazam,alakazam,-1,1,18,2,4,3,4,DECK_OUT,
tier2,2026-07-03T18:06:26,tier2-run1,abomasnow,alakazam,alakazam,-1,1,16,1,5,3,2,DECK_OUT,
tier2,2026-07-03T18:06:26,tier2-run1,abomasnow,alakazam,alakazam,-1,1,14,2,3,5,2,DECK_OUT,
tier2,2026-07-03T18:06:26,tier2-run1,abomasnow,alakazam,abomasnow,1,-1,17,3,5,3,4,DECK_OUT,
tier2,2026-07-03T18:06:26,tier2-run1,abomasnow,alakazam,alakazam,-1,1,28,0,0,3,,DECK_OUT,
tier2,2026-07-03T18:06:26,tier2-run1,abomasnow,alakazam,alakazam,-1,1,22,3,2,9,2,DECK_OUT,
tier2,2026-07-03T18:06:26,tier2-run1,abomasnow,alakazam,abomasnow,1,-1,13,5,0,5,,OTHER,
tier2,2026-07-03T18:06:26,tier2-run1,abomasnow,alakazam,abomasnow,1,-1,17,4,4,9,10,DECK_OUT,
tier2,2026-07-03T18:06:26,tier2-run1,abomasnow,alakazam,alakazam,-1,1,6,0,1,3,4,NO_POKEMON_IN_PLAY,
tier2,2026-07-03T18:06:26,tier2-run1,abomasnow,alakazam,alakazam,-1,1,16,1,3,15,4,DECK_OUT,
tier2,2026-07-03T18:06:26,tier2-run1,abomasnow,alakazam,abomasnow,1,-1,15,5,1,5,4,DECK_OUT,
tier2,2026-07-03T18:06:26,tier2-run1,abomasnow,alakazam,abomasnow,1,-1,19,4,2,9,2,DECK_OUT,
tier2,2026-07-03T18:06:26,tier2-run1,abomasnow,alakazam,alakazam,-1,1,16,3,4,3,2,DECK_OUT,
tier2,2026-07-03T18:06:26,tier2-run1,abomasnow,alakazam,abomasnow,1,-1,15,3,4,3,2,DECK_OUT,
tier2,2026-07-03T18:06:26,tier2-run1,abomasnow,alakazam,abomasnow,1,-1,13,4,1,3,8,DECK_OUT,
tier2,2026-07-03T18:06:26,tier2-run1,abomasnow,alakazam,alakazam,-1,1,14,1,5,3,2,OTHER,
tier2,2026-07-03T18:06:26,tier2-run1,abomasnow,alakazam,alakazam,-1,1,44,0,0,3,8,DECK_OUT,
tier2,2026-07-03T18:06:26,tier2-run1,abomasnow,alakazam,abomasnow,1,-1,23,0,0,3,,DECK_OUT,
tier2,2026-07-03T18:06:26,tier2-run1,abomasnow,alakazam,alakazam,-1,1,12,3,2,3,6,DECK_OUT,
tier2,2026-07-03T18:06:26,tier2-run1,abomasnow,alakazam,alakazam,-1,1,16,2,5,5,8,DECK_OUT,
tier2,2026-07-03T18:06:26,tier2-run1,abomasnow,alakazam,alakazam,-1,1,3,0,0,,,OTHER,
tier2,2026-07-03T18:06:26,tier2-run1,abomasnow,alakazam,alakazam,-1,1,14,4,1,3,2,DECK_OUT,
tier2,2026-07-03T18:06:26,tier2-run1,abomasnow,alakazam,alakazam,-1,1,10,2,2,3,4,DECK_OUT,
tier2,2026-07-03T18:06:26,tier2-run1,abomasnow,alakazam,alakazam,-1,1,14,2,2,9,6,DECK_OUT,
tier2,2026-07-03T18:06:26,tier2-run1,abomasnow,alakazam,abomasnow,1,-1,15,5,1,3,4,DECK_OUT,
tier2,2026-07-03T18:06:26,tier2-run1,abomasnow,alakazam,abomasnow,1,-1,16,5,0,3,4,OTHER,
tier2,2026-07-03T18:06:26,tier2-run1,abomasnow,alakazam,alakazam,-1,1,22,1,5,21,14,DECK_OUT,
tier2,2026-07-03T18:06:26,tier2-run1,abomasnow,alakazam,alakazam,-1,1,16,1,3,15,10,DECK_OUT,
tier2,2026-07-03T18:06:26,tier2-run1,abomasnow,alakazam,alakazam,-1,1,3,0,0,,2,OTHER,
tier2,2026-07-03T18:06:26,tier2-run1,abomasnow,alakazam,alakazam,-1,1,14,2,5,3,2,OTHER,
tier2,2026-07-03T18:06:26,tier2-run1,abomasnow,alakazam,alakazam,-1,1,12,4,2,5,4,DECK_OUT,
tier2,2026-07-03T18:06:26,tier2-run1,abomasnow,alakazam,abomasnow,1,-1,7,0,0,3,4,OTHER,
tier2,2026-07-03T18:06:26,tier2-run1,abomasnow,alakazam,alakazam,-1,1,16,3,4,3,2,DECK_OUT,
tier2,2026-07-03T18:06:26,tier2-run1,abomasnow,alakazam,alakazam,-1,1,14,2,2,3,2,DECK_OUT,
tier2,2026-07-03T18:06:26,tier2-run1,abomasnow,alakazam,alakazam,-1,1,16,2,5,3,2,DECK_OUT,
tier2,2026-07-03T18:06:26,tier2-run1,abomasnow,alakazam,abomasnow,1,-1,13,3,5,5,2,DECK_OUT,
tier2,2026-07-03T18:06:26,tier2-run1,abomasnow,alakazam,alakazam,-1,1,12,0,3,3,6,DECK_OUT,
tier2,2026-07-03T18:06:26,tier2-run1,abomasnow,alakazam,abomasnow,1,-1,4,0,0,,,OTHER,
tier2,2026-07-03T18:06:26,tier2-run1,abomasnow,alakazam,abomasnow,1,-1,15,5,2,3,4,DECK_OUT,
tier2,2026-07-03T18:06:26,tier2-run1,abomasnow,alakazam,abomasnow,1,-1,17,2,0,3,12,DECK_OUT,
tier2,2026-07-03T18:06:26,tier2-run1,abomasnow,alakazam,alakazam,-1,1,12,1,1,3,2,DECK_OUT,
tier2,2026-07-03T18:06:26,tier2-run1,abomasnow,alakazam,abomasnow,1,-1,15,2,2,3,8,DECK_OUT,
tier2,2026-07-03T18:06:26,tier2-run1,abomasnow,alakazam,alakazam,-1,1,12,2,3,3,6,DECK_OUT,
tier2,2026-07-03T18:06:26,tier2-run1,abomasnow,alakazam,alakazam,-1,1,22,3,3,5,12,DECK_OUT,
tier2,2026-07-03T18:06:26,tier2-run1,abomasnow,alakazam,alakazam,-1,1,12,3,3,3,4,DECK_OUT,
tier2,2026-07-03T18:06:26,tier2-run1,abomasnow,alakazam,abomasnow,1,-1,19,2,0,5,6,DECK_OUT,
tier2,2026-07-03T18:06:26,tier2-run1,abomasnow,alakazam,alakazam,-1,1,14,3,4,3,4,DECK_OUT,
tier2,2026-07-03T18:06:26,tier2-run1,abomasnow,alakazam,abomasnow,1,-1,13,5,0,3,8,OTHER,
tier2,2026-07-03T18:06:26,tier2-run1,abomasnow,alakazam,abomasnow,1,-1,13,3,3,3,4,DECK_OUT,
tier2,2026-07-03T18:06:26,tier2-run1,abomasnow,alakazam,abomasnow,1,-1,23,5,0,3,20,OTHER,
tier2,2026-07-03T18:06:26,tier2-run1,abomasnow,alakazam,abomasnow,1,-1,17,5,0,7,6,OTHER,
tier2,2026-07-03T18:06:26,tier2-run1,abomasnow,alakazam,abomasnow,1,-1,11,3,0,3,,OTHER,
tier2,2026-07-03T18:06:26,tier2-run1,abomasnow,alakazam,abomasnow,1,-1,13,5,0,5,12,DECK_OUT,
tier2,2026-07-03T18:06:26,tier2-run1,abomasnow,alakazam,abomasnow,1,-1,15,4,1,3,6,DECK_OUT,
tier2,2026-07-03T18:06:26,tier2-run1,abomasnow,alakazam,abomasnow,1,-1,15,2,4,3,2,DECK_OUT,
tier2,2026-07-03T18:06:26,tier2-run1,abomasnow,alakazam,alakazam,-1,1,12,3,3,5,2,DECK_OUT,
tier2,2026-07-03T18:06:26,tier2-run1,abomasnow,alakazam,abomasnow,1,-1,13,3,1,5,4,DECK_OUT,
tier2,2026-07-03T18:06:26,tier2-run1,abomasnow,alakazam,abomasnow,1,-1,15,5,1,3,8,OTHER,
tier2,2026-07-03T18:06:26,tier2-run1,abomasnow,alakazam,abomasnow,1,-1,13,3,1,3,10,DECK_OUT,
tier2,2026-07-03T18:06:26,tier2-run1,abomasnow,alakazam,abomasnow,1,-1,15,4,1,3,12,DECK_OUT,
tier2,2026-07-03T18:06:26,tier2-run1,abomasnow,alakazam,alakazam,-1,1,14,4,2,7,6,DECK_OUT,
tier2,2026-07-03T18:06:26,tier2-run1,abomasnow,alakazam,abomasnow,1,-1,21,2,3,9,2,DECK_OUT,
tier2,2026-07-03T18:06:26,tier2-run1,abomasnow,alakazam,abomasnow,1,-1,17,0,0,3,2,DECK_OUT,
tier2,2026-07-03T18:06:26,tier2-run1,abomasnow,alakazam,abomasnow,1,-1,17,2,1,5,8,DECK_OUT,
tier2,2026-07-03T18:06:26,tier2-run1,abomasnow,alakazam,abomasnow,1,-1,4,0,0,3,,OTHER,
tier2,2026-07-03T18:06:26,tier2-run1,abomasnow,alakazam,abomasnow,1,-1,17,3,5,11,2,DECK_OUT,
tier2,2026-07-03T18:06:26,tier2-run1,abomasnow,alakazam,alakazam,-1,1,26,0,0,,6,DECK_OUT,
tier2,2026-07-03T18:06:26,tier2-run1,abomasnow,alakazam,alakazam,-1,1,28,2,0,3,28,DECK_OUT,
tier2,2026-07-03T18:06:26,tier2-run1,abomasnow,alakazam,alakazam,-1,1,14,4,5,5,2,OTHER,
tier2,2026-07-03T18:06:26,tier2-run1,abomasnow,alakazam,alakazam,-1,1,12,2,3,3,4,DECK_OUT,
tier2,2026-07-03T18:06:26,tier2-run1,abomasnow,alakazam,alakazam,-1,1,18,0,5,9,4,DECK_OUT,
tier2,2026-07-03T18:06:26,tier2-run1,abomasnow,alakazam,abomasnow,1,-1,13,5,2,3,6,OTHER,
tier2,2026-07-03T18:06:26,tier2-run1,abomasnow,alakazam,alakazam,-1,1,16,2,5,13,2,OTHER,
tier2,2026-07-03T18:06:26,tier2-run1,abomasnow,alakazam,alakazam,-1,1,10,0,3,,2,NO_POKEMON_IN_PLAY,
tier2,2026-07-03T18:06:26,tier2-run1,abomasnow,alakazam,alakazam,-1,1,14,3,3,7,6,DECK_OUT,
tier2,2026-07-03T18:06:26,tier2-run1,abomasnow,alakazam,abomasnow,1,-1,13,3,3,3,4,DECK_OUT,
tier2,2026-07-03T18:06:26,tier2-run1,abomasnow,alakazam,abomasnow,1,-1,13,2,3,3,4,DECK_OUT,
tier2,2026-07-03T18:06:26,tier2-run1,abomasnow,alakazam,alakazam,-1,1,14,3,4,5,2,DECK_OUT,
tier2,2026-07-03T18:06:26,tier2-run1,abomasnow,alakazam,alakazam,-1,1,14,4,3,5,6,DECK_OUT,
tier2,2026-07-03T18:06:26,tier2-run1,abomasnow,alakazam,abomasnow,1,-1,11,3,1,3,4,DECK_OUT,
tier2,2026-07-03T18:06:26,tier2-run1,abomasnow,alakazam,alakazam,-1,1,12,3,2,5,4,DECK_OUT,
tier2,2026-07-03T18:06:26,tier2-run1,abomasnow,alakazam,alakazam,-1,1,14,4,4,7,2,DECK_OUT,
tier2,2026-07-03T18:06:26,tier2-run1,abomasnow,alakazam,alakazam,-1,1,16,5,1,5,10,DECK_OUT,
tier2,2026-07-03T18:06:26,tier2-run1,abomasnow,alakazam,alakazam,-1,1,12,3,1,3,2,DECK_OUT,
tier2,2026-07-03T18:06:26,tier2-run1,abomasnow,alakazam,alakazam,-1,1,22,2,3,5,2,DECK_OUT,
tier2,2026-07-03T18:06:58,tier2-run1,alakazam,starmie,alakazam,1,-1,11,1,3,7,2,DECK_OUT,
tier2,2026-07-03T18:06:58,tier2-run1,alakazam,starmie,starmie,-1,1,14,2,2,5,2,DECK_OUT,
tier2,2026-07-03T18:06:58,tier2-run1,alakazam,starmie,alakazam,1,-1,13,5,1,7,2,DECK_OUT,
tier2,2026-07-03T18:06:58,tier2-run1,alakazam,starmie,alakazam,1,-1,13,5,1,3,2,DECK_OUT,
tier2,2026-07-03T18:06:58,tier2-run1,alakazam,starmie,alakazam,1,-1,19,3,0,3,,DECK_OUT,
tier2,2026-07-03T18:06:58,tier2-run1,alakazam,starmie,alakazam,1,-1,11,3,1,3,2,DECK_OUT,
tier2,2026-07-03T18:06:58,tier2-run1,alakazam,starmie,starmie,-1,1,14,4,3,5,2,DECK_OUT,
tier2,2026-07-03T18:06:58,tier2-run1,alakazam,starmie,alakazam,1,-1,13,4,1,3,4,DECK_OUT,
tier2,2026-07-03T18:06:58,tier2-run1,alakazam,starmie,alakazam,1,-1,5,0,0,3,,OTHER,
tier2,2026-07-03T18:06:58,tier2-run1,alakazam,starmie,starmie,-1,1,18,1,5,7,2,OTHER,
tier2,2026-07-03T18:06:58,tier2-run1,alakazam,starmie,alakazam,1,-1,15,5,1,3,6,OTHER,
tier2,2026-07-03T18:06:58,tier2-run1,alakazam,starmie,starmie,-1,1,16,1,2,7,2,DECK_OUT,
tier2,2026-07-03T18:06:58,tier2-run1,alakazam,starmie,starmie,-1,1,16,4,0,7,16,DECK_OUT,
tier2,2026-07-03T18:06:58,tier2-run1,alakazam,starmie,starmie,-1,1,14,2,5,3,2,DECK_OUT,
tier2,2026-07-03T18:06:58,tier2-run1,alakazam,starmie,starmie,-1,1,14,5,3,7,4,DECK_OUT,
tier2,2026-07-03T18:06:58,tier2-run1,alakazam,starmie,alakazam,1,-1,21,4,2,11,2,DECK_OUT,
tier2,2026-07-03T18:06:58,tier2-run1,alakazam,starmie,alakazam,1,-1,17,2,1,3,10,DECK_OUT,
tier2,2026-07-03T18:06:58,tier2-run1,alakazam,starmie,alakazam,1,-1,13,5,1,3,2,DECK_OUT,
tier2,2026-07-03T18:06:58,tier2-run1,alakazam,starmie,alakazam,1,-1,15,2,0,3,4,DECK_OUT,
tier2,2026-07-03T18:06:58,tier2-run1,alakazam,starmie,starmie,-1,1,18,1,5,3,6,DECK_OUT,
tier2,2026-07-03T18:06:58,tier2-run1,alakazam,starmie,alakazam,1,-1,15,4,2,3,2,DECK_OUT,
tier2,2026-07-03T18:06:58,tier2-run1,alakazam,starmie,starmie,-1,1,16,5,2,5,2,DECK_OUT,
tier2,2026-07-03T18:06:58,tier2-run1,alakazam,starmie,starmie,-1,1,16,1,2,7,6,DECK_OUT,
tier2,2026-07-03T18:06:58,tier2-run1,alakazam,starmie,starmie,-1,1,12,3,3,3,2,DECK_OUT,
tier2,2026-07-03T18:06:58,tier2-run1,alakazam,starmie,starmie,-1,1,14,0,4,3,2,DECK_OUT,
tier2,2026-07-03T18:06:58,tier2-run1,alakazam,starmie,alakazam,1,-1,13,5,3,3,6,DECK_OUT,
tier2,2026-07-03T18:06:58,tier2-run1,alakazam,starmie,starmie,-1,1,14,1,4,3,2,DECK_OUT,
tier2,2026-07-03T18:06:58,tier2-run1,alakazam,starmie,alakazam,1,-1,15,0,4,,6,DECK_OUT,
tier2,2026-07-03T18:06:58,tier2-run1,alakazam,starmie,alakazam,1,-1,15,4,3,3,4,DECK_OUT,
tier2,2026-07-03T18:06:58,tier2-run1,alakazam,starmie,alakazam,1,-1,13,3,2,3,2,DECK_OUT,
tier2,2026-07-03T18:06:58,tier2-run1,alakazam,starmie,starmie,-1,1,16,2,5,5,6,OTHER,
tier2,2026-07-03T18:06:58,tier2-run1,alakazam,starmie,starmie,-1,1,14,2,5,9,2,DECK_OUT,
tier2,2026-07-03T18:06:58,tier2-run1,alakazam,starmie,starmie,-1,1,14,1,2,5,10,DECK_OUT,
tier2,2026-07-03T18:06:58,tier2-run1,alakazam,starmie,alakazam,1,-1,13,5,3,7,4,DECK_OUT,
tier2,2026-07-03T18:06:58,tier2-run1,alakazam,starmie,alakazam,1,-1,13,5,0,3,12,OTHER,
tier2,2026-07-03T18:06:58,tier2-run1,alakazam,starmie,alakazam,1,-1,23,1,2,3,2,DECK_OUT,
tier2,2026-07-03T18:06:58,tier2-run1,alakazam,starmie,starmie,-1,1,14,3,3,3,2,DECK_OUT,
tier2,2026-07-03T18:06:58,tier2-run1,alakazam,starmie,starmie,-1,1,16,4,3,7,2,DECK_OUT,
tier2,2026-07-03T18:06:58,tier2-run1,alakazam,starmie,starmie,-1,1,20,3,2,5,14,DECK_OUT,
tier2,2026-07-03T18:06:58,tier2-run1,alakazam,starmie,starmie,-1,1,20,2,1,11,2,DECK_OUT,
tier2,2026-07-03T18:06:58,tier2-run1,alakazam,starmie,alakazam,1,-1,13,0,3,5,2,DECK_OUT,
tier2,2026-07-03T18:06:58,tier2-run1,alakazam,starmie,starmie,-1,1,28,0,0,19,10,DECK_OUT,
tier2,2026-07-03T18:06:58,tier2-run1,alakazam,starmie,starmie,-1,1,14,3,2,3,4,DECK_OUT,
tier2,2026-07-03T18:06:58,tier2-run1,alakazam,starmie,alakazam,1,-1,13,3,2,3,2,DECK_OUT,
tier2,2026-07-03T18:06:58,tier2-run1,alakazam,starmie,alakazam,1,-1,13,2,3,3,2,DECK_OUT,
tier2,2026-07-03T18:06:58,tier2-run1,alakazam,starmie,starmie,-1,1,14,1,5,13,2,DECK_OUT,
tier2,2026-07-03T18:06:58,tier2-run1,alakazam,starmie,alakazam,1,-1,7,1,0,3,4,OTHER,
tier2,2026-07-03T18:06:58,tier2-run1,alakazam,starmie,starmie,-1,1,18,4,5,9,6,OTHER,
tier2,2026-07-03T18:06:58,tier2-run1,alakazam,starmie,starmie,-1,1,18,2,1,3,14,DECK_OUT,
tier2,2026-07-03T18:06:58,tier2-run1,alakazam,starmie,starmie,-1,1,16,2,3,3,2,DECK_OUT,
tier2,2026-07-03T18:06:58,tier2-run1,alakazam,starmie,starmie,-1,1,16,3,3,3,10,DECK_OUT,
tier2,2026-07-03T18:06:58,tier2-run1,alakazam,starmie,starmie,-1,1,16,2,0,3,10,DECK_OUT,
tier2,2026-07-03T18:06:58,tier2-run1,alakazam,starmie,alakazam,1,-1,23,0,0,,10,DECK_OUT,
tier2,2026-07-03T18:06:58,tier2-run1,alakazam,starmie,starmie,-1,1,12,4,3,3,6,DECK_OUT,
tier2,2026-07-03T18:06:58,tier2-run1,alakazam,starmie,alakazam,1,-1,21,4,1,3,16,DECK_OUT,
tier2,2026-07-03T18:06:58,tier2-run1,alakazam,starmie,alakazam,1,-1,11,2,3,5,4,DECK_OUT,
tier2,2026-07-03T18:06:58,tier2-run1,alakazam,starmie,starmie,-1,1,14,3,1,5,4,DECK_OUT,
tier2,2026-07-03T18:06:58,tier2-run1,alakazam,starmie,alakazam,1,-1,15,1,4,7,4,DECK_OUT,
tier2,2026-07-03T18:06:58,tier2-run1,alakazam,starmie,alakazam,1,-1,5,0,0,3,,OTHER,
tier2,2026-07-03T18:06:58,tier2-run1,alakazam,starmie,alakazam,1,-1,15,2,3,7,6,DECK_OUT,
tier2,2026-07-03T18:06:58,tier2-run1,alakazam,starmie,alakazam,1,-1,11,4,2,5,2,DECK_OUT,
tier2,2026-07-03T18:06:58,tier2-run1,alakazam,starmie,alakazam,1,-1,11,2,3,3,2,DECK_OUT,
tier2,2026-07-03T18:06:58,tier2-run1,alakazam,starmie,starmie,-1,1,18,0,2,5,4,DECK_OUT,
tier2,2026-07-03T18:06:58,tier2-run1,alakazam,starmie,starmie,-1,1,20,4,4,3,6,DECK_OUT,
tier2,2026-07-03T18:06:58,tier2-run1,alakazam,starmie,starmie,-1,1,20,5,3,3,4,DECK_OUT,
tier2,2026-07-03T18:06:58,tier2-run1,alakazam,starmie,starmie,-1,1,14,1,5,11,2,OTHER,
tier2,2026-07-03T18:06:58,tier2-run1,alakazam,starmie,starmie,-1,1,16,3,2,3,8,DECK_OUT,
tier2,2026-07-03T18:06:58,tier2-run1,alakazam,starmie,alakazam,1,-1,15,5,1,3,10,OTHER,
tier2,2026-07-03T18:06:58,tier2-run1,alakazam,starmie,alakazam,1,-1,15,3,4,9,2,DECK_OUT,
tier2,2026-07-03T18:06:58,tier2-run1,alakazam,starmie,alakazam,1,-1,13,4,3,3,6,OTHER,
tier2,2026-07-03T18:06:58,tier2-run1,alakazam,starmie,alakazam,1,-1,13,4,2,5,2,OTHER,
tier2,2026-07-03T18:06:58,tier2-run1,alakazam,starmie,alakazam,1,-1,15,4,3,3,2,DECK_OUT,
tier2,2026-07-03T18:06:58,tier2-run1,alakazam,starmie,alakazam,1,-1,15,3,4,7,6,DECK_OUT,
tier2,2026-07-03T18:06:58,tier2-run1,alakazam,starmie,starmie,-1,1,24,5,0,3,4,DECK_OUT,
tier2,2026-07-03T18:06:58,tier2-run1,alakazam,starmie,alakazam,1,-1,13,5,0,5,6,OTHER,
tier2,2026-07-03T18:06:58,tier2-run1,alakazam,starmie,starmie,-1,1,12,3,3,3,2,DECK_OUT,
tier2,2026-07-03T18:06:58,tier2-run1,alakazam,starmie,alakazam,1,-1,15,5,2,3,2,DECK_OUT,
tier2,2026-07-03T18:06:58,tier2-run1,alakazam,starmie,alakazam,1,-1,13,4,2,3,2,DECK_OUT,
tier2,2026-07-03T18:06:58,tier2-run1,alakazam,starmie,starmie,-1,1,18,2,2,3,2,DECK_OUT,
tier2,2026-07-03T18:06:58,tier2-run1,alakazam,starmie,alakazam,1,-1,19,2,0,17,2,DECK_OUT,
tier2,2026-07-03T18:06:58,tier2-run1,alakazam,starmie,alakazam,1,-1,17,5,3,5,4,DECK_OUT,
tier2,2026-07-03T18:06:58,tier2-run1,alakazam,starmie,alakazam,1,-1,13,5,0,5,4,DECK_OUT,
tier2,2026-07-03T18:06:58,tier2-run1,alakazam,starmie,alakazam,1,-1,11,4,1,5,2,DECK_OUT,
tier2,2026-07-03T18:06:58,tier2-run1,alakazam,starmie,starmie,-1,1,14,1,3,5,6,DECK_OUT,
tier2,2026-07-03T18:06:58,tier2-run1,alakazam,starmie,alakazam,1,-1,15,5,1,3,6,DECK_OUT,
tier2,2026-07-03T18:06:58,tier2-run1,alakazam,starmie,alakazam,1,-1,6,1,0,3,,OTHER,
tier2,2026-07-03T18:06:58,tier2-run1,alakazam,starmie,starmie,-1,1,16,2,4,3,2,DECK_OUT,
tier2,2026-07-03T18:06:58,tier2-run1,alakazam,starmie,starmie,-1,1,16,0,0,,6,DECK_OUT,
tier2,2026-07-03T18:06:58,tier2-run1,alakazam,starmie,starmie,-1,1,22,1,2,9,2,DECK_OUT,
tier2,2026-07-03T18:06:58,tier2-run1,alakazam,starmie,alakazam,1,-1,15,4,2,5,2,DECK_OUT,
tier2,2026-07-03T18:06:58,tier2-run1,alakazam,starmie,starmie,-1,1,12,2,3,7,2,DECK_OUT,
tier2,2026-07-03T18:06:58,tier2-run1,alakazam,starmie,starmie,-1,1,16,4,3,7,8,DECK_OUT,
tier2,2026-07-03T18:06:58,tier2-run1,alakazam,starmie,starmie,-1,1,8,0,1,,2,NO_POKEMON_IN_PLAY,
tier2,2026-07-03T18:06:58,tier2-run1,alakazam,starmie,alakazam,1,-1,13,5,2,3,6,OTHER,
tier2,2026-07-03T18:06:58,tier2-run1,alakazam,starmie,starmie,-1,1,18,1,1,7,2,DECK_OUT,
tier2,2026-07-03T18:06:58,tier2-run1,alakazam,starmie,alakazam,1,-1,15,5,2,3,2,DECK_OUT,
tier2,2026-07-03T18:06:58,tier2-run1,alakazam,starmie,alakazam,1,-1,13,5,0,5,,DECK_OUT,
tier2,2026-07-03T18:06:58,tier2-run1,alakazam,starmie,alakazam,1,-1,15,4,3,3,2,DECK_OUT,
tier2,2026-07-03T18:06:58,tier2-run1,alakazam,starmie,alakazam,1,-1,9,2,0,5,,OTHER,
tier2,2026-07-03T18:06:58,tier2-run1,alakazam,starmie,alakazam,1,-1,21,5,3,13,10,DECK_OUT,
tier2,2026-07-03T18:06:58,tier2-run1,starmie,alakazam,alakazam,-1,1,10,3,3,5,2,DECK_OUT,
tier2,2026-07-03T18:06:58,tier2-run1,starmie,alakazam,starmie,1,-1,15,3,4,3,2,DECK_OUT,
tier2,2026-07-03T18:06:58,tier2-run1,starmie,alakazam,starmie,1,-1,13,1,3,7,2,DECK_OUT,
tier2,2026-07-03T18:06:58,tier2-run1,starmie,alakazam,starmie,1,-1,17,5,0,3,,DECK_OUT,
tier2,2026-07-03T18:06:58,tier2-run1,starmie,alakazam,starmie,1,-1,13,5,1,3,10,DECK_OUT,
tier2,2026-07-03T18:06:58,tier2-run1,starmie,alakazam,alakazam,-1,1,12,4,2,3,8,DECK_OUT,
tier2,2026-07-03T18:06:58,tier2-run1,starmie,alakazam,alakazam,-1,1,18,0,3,5,2,DECK_OUT,
tier2,2026-07-03T18:06:58,tier2-run1,starmie,alakazam,alakazam,-1,1,16,0,4,3,2,DECK_OUT,
tier2,2026-07-03T18:06:58,tier2-run1,starmie,alakazam,alakazam,-1,1,6,0,0,,6,NO_POKEMON_IN_PLAY,
tier2,2026-07-03T18:06:58,tier2-run1,starmie,alakazam,starmie,1,-1,19,1,4,3,8,DECK_OUT,
tier2,2026-07-03T18:06:58,tier2-run1,starmie,alakazam,starmie,1,-1,17,5,1,3,2,DECK_OUT,
tier2,2026-07-03T18:06:58,tier2-run1,starmie,alakazam,starmie,1,-1,17,3,5,7,2,DECK_OUT,
tier2,2026-07-03T18:06:58,tier2-run1,starmie,alakazam,starmie,1,-1,13,2,3,3,2,DECK_OUT,
tier2,2026-07-03T18:06:58,tier2-run1,starmie,alakazam,starmie,1,-1,19,4,1,9,10,DECK_OUT,
tier2,2026-07-03T18:06:58,tier2-run1,starmie,alakazam,starmie,1,-1,13,4,2,5,2,DECK_OUT,
tier2,2026-07-03T18:06:58,tier2-run1,starmie,alakazam,starmie,1,-1,29,0,0,3,2,DECK_OUT,
tier2,2026-07-03T18:06:58,tier2-run1,starmie,alakazam,alakazam,-1,1,3,0,0,,,OTHER,
tier2,2026-07-03T18:06:58,tier2-run1,starmie,alakazam,starmie,1,-1,19,5,0,5,2,DECK_OUT,
tier2,2026-07-03T18:06:58,tier2-run1,starmie,alakazam,alakazam,-1,1,18,0,1,7,16,DECK_OUT,
tier2,2026-07-03T18:06:58,tier2-run1,starmie,alakazam,alakazam,-1,1,14,3,5,3,2,OTHER,
tier2,2026-07-03T18:06:58,tier2-run1,starmie,alakazam,starmie,1,-1,19,1,0,7,6,DECK_OUT,
tier2,2026-07-03T18:06:58,tier2-run1,starmie,alakazam,alakazam,-1,1,14,5,0,7,2,DECK_OUT,
tier2,2026-07-03T18:06:58,tier2-run1,starmie,alakazam,alakazam,-1,1,7,0,0,3,4,OTHER,
tier2,2026-07-03T18:06:58,tier2-run1,starmie,alakazam,starmie,1,-1,15,5,2,3,8,DECK_OUT,
tier2,2026-07-03T18:06:58,tier2-run1,starmie,alakazam,alakazam,-1,1,12,4,3,3,6,DECK_OUT,
tier2,2026-07-03T18:06:58,tier2-run1,starmie,alakazam,alakazam,-1,1,14,3,2,9,8,DECK_OUT,
tier2,2026-07-03T18:06:58,tier2-run1,starmie,alakazam,alakazam,-1,1,14,2,3,5,2,DECK_OUT,
tier2,2026-07-03T18:06:58,tier2-run1,starmie,alakazam,alakazam,-1,1,3,0,0,,,OTHER,
tier2,2026-07-03T18:06:58,tier2-run1,starmie,alakazam,starmie,1,-1,13,4,2,3,2,DECK_OUT,
tier2,2026-07-03T18:06:58,tier2-run1,starmie,alakazam,alakazam,-1,1,14,4,2,3,10,DECK_OUT,
tier2,2026-07-03T18:06:58,tier2-run1,starmie,alakazam,alakazam,-1,1,18,0,4,3,8,DECK_OUT,
tier2,2026-07-03T18:06:58,tier2-run1,starmie,alakazam,starmie,1,-1,15,5,1,3,4,OTHER,
tier2,2026-07-03T18:06:58,tier2-run1,starmie,alakazam,alakazam,-1,1,10,2,3,7,2,DECK_OUT,
tier2,2026-07-03T18:06:58,tier2-run1,starmie,alakazam,alakazam,-1,1,22,3,2,13,8,DECK_OUT,
tier2,2026-07-03T18:06:58,tier2-run1,starmie,alakazam,starmie,1,-1,15,5,2,7,2,DECK_OUT,
tier2,2026-07-03T18:06:58,tier2-run1,starmie,alakazam,alakazam,-1,1,16,2,2,11,8,DECK_OUT,
tier2,2026-07-03T18:06:58,tier2-run1,starmie,alakazam,starmie,1,-1,17,3,4,5,8,DECK_OUT,
tier2,2026-07-03T18:06:58,tier2-run1,starmie,alakazam,alakazam,-1,1,16,5,2,5,10,DECK_OUT,
tier2,2026-07-03T18:06:58,tier2-run1,starmie,alakazam,starmie,1,-1,15,5,0,3,2,DECK_OUT,
tier2,2026-07-03T18:06:58,tier2-run1,starmie,alakazam,starmie,1,-1,17,1,5,3,2,DECK_OUT,
tier2,2026-07-03T18:06:58,tier2-run1,starmie,alakazam,alakazam,-1,1,14,1,1,3,6,DECK_OUT,
tier2,2026-07-03T18:06:58,tier2-run1,starmie,alakazam,starmie,1,-1,11,3,0,3,,OTHER,
tier2,2026-07-03T18:06:58,tier2-run1,starmie,alakazam,alakazam,-1,1,12,2,3,3,4,DECK_OUT,
tier2,2026-07-03T18:06:58,tier2-run1,starmie,alakazam,alakazam,-1,1,12,2,2,3,2,DECK_OUT,
tier2,2026-07-03T18:06:58,tier2-run1,starmie,alakazam,starmie,1,-1,15,5,1,3,10,DECK_OUT,
tier2,2026-07-03T18:06:58,tier2-run1,starmie,alakazam,starmie,1,-1,11,5,2,3,8,DECK_OUT,
tier2,2026-07-03T18:06:58,tier2-run1,starmie,alakazam,starmie,1,-1,17,3,0,5,2,DECK_OUT,
tier2,2026-07-03T18:06:58,tier2-run1,starmie,alakazam,alakazam,-1,1,12,4,0,3,2,DECK_OUT,
tier2,2026-07-03T18:06:58,tier2-run1,starmie,alakazam,alakazam,-1,1,12,2,2,7,8,DECK_OUT,
tier2,2026-07-03T18:06:58,tier2-run1,starmie,alakazam,starmie,1,-1,13,4,1,3,4,DECK_OUT,
tier2,2026-07-03T18:06:58,tier2-run1,starmie,alakazam,starmie,1,-1,17,4,2,9,2,DECK_OUT,
tier2,2026-07-03T18:06:58,tier2-run1,starmie,alakazam,starmie,1,-1,15,5,1,3,2,DECK_OUT,
tier2,2026-07-03T18:06:58,tier2-run1,starmie,alakazam,alakazam,-1,1,16,2,3,5,10,DECK_OUT,
tier2,2026-07-03T18:06:58,tier2-run1,starmie,alakazam,alakazam,-1,1,3,0,0,,,OTHER,
tier2,2026-07-03T18:06:58,tier2-run1,starmie,alakazam,alakazam,-1,1,14,1,4,7,2,DECK_OUT,
tier2,2026-07-03T18:06:58,tier2-run1,starmie,alakazam,starmie,1,-1,17,4,0,3,2,OTHER,
tier2,2026-07-03T18:06:58,tier2-run1,starmie,alakazam,alakazam,-1,1,14,4,2,3,4,DECK_OUT,
tier2,2026-07-03T18:06:58,tier2-run1,starmie,alakazam,alakazam,-1,1,12,4,3,3,6,DECK_OUT,
tier2,2026-07-03T18:06:58,tier2-run1,starmie,alakazam,starmie,1,-1,13,5,2,3,6,DECK_OUT,
tier2,2026-07-03T18:06:58,tier2-run1,starmie,alakazam,starmie,1,-1,19,2,1,17,2,DECK_OUT,
tier2,2026-07-03T18:06:58,tier2-run1,starmie,alakazam,alakazam,-1,1,12,3,1,3,2,DECK_OUT,
tier2,2026-07-03T18:06:58,tier2-run1,starmie,alakazam,starmie,1,-1,11,2,0,7,,OTHER,
tier2,2026-07-03T18:06:58,tier2-run1,starmie,alakazam,alakazam,-1,1,14,3,3,5,8,DECK_OUT,
tier2,2026-07-03T18:06:58,tier2-run1,starmie,alakazam,starmie,1,-1,17,2,4,3,2,DECK_OUT,
tier2,2026-07-03T18:06:58,tier2-run1,starmie,alakazam,starmie,1,-1,11,1,3,7,4,DECK_OUT,
tier2,2026-07-03T18:06:58,tier2-run1,starmie,alakazam,alakazam,-1,1,14,4,2,5,6,DECK_OUT,
tier2,2026-07-03T18:06:58,tier2-run1,starmie,alakazam,starmie,1,-1,13,2,3,5,2,DECK_OUT,
tier2,2026-07-03T18:06:58,tier2-run1,starmie,alakazam,starmie,1,-1,17,3,1,3,14,DECK_OUT,
tier2,2026-07-03T18:06:58,tier2-run1,starmie,alakazam,alakazam,-1,1,16,3,2,3,2,DECK_OUT,
tier2,2026-07-03T18:06:58,tier2-run1,starmie,alakazam,starmie,1,-1,17,5,0,9,,OTHER,
tier2,2026-07-03T18:06:58,tier2-run1,starmie,alakazam,starmie,1,-1,13,4,4,3,2,DECK_OUT,
tier2,2026-07-03T18:06:58,tier2-run1,starmie,alakazam,starmie,1,-1,11,4,0,3,2,DECK_OUT,
tier2,2026-07-03T18:06:58,tier2-run1,starmie,alakazam,starmie,1,-1,15,5,3,3,8,DECK_OUT,
tier2,2026-07-03T18:06:58,tier2-run1,starmie,alakazam,starmie,1,-1,15,5,0,3,2,OTHER,
tier2,2026-07-03T18:06:58,tier2-run1,starmie,alakazam,alakazam,-1,1,14,1,2,5,4,DECK_OUT,
tier2,2026-07-03T18:06:58,tier2-run1,starmie,alakazam,starmie,1,-1,15,5,0,3,2,OTHER,
tier2,2026-07-03T18:06:58,tier2-run1,starmie,alakazam,starmie,1,-1,21,5,0,11,2,DECK_OUT,
tier2,2026-07-03T18:06:58,tier2-run1,starmie,alakazam,alakazam,-1,1,12,3,1,3,8,DECK_OUT,
tier2,2026-07-03T18:06:58,tier2-run1,starmie,alakazam,starmie,1,-1,13,0,4,3,4,DECK_OUT,
tier2,2026-07-03T18:06:58,tier2-run1,starmie,alakazam,starmie,1,-1,15,4,2,5,4,OTHER,
tier2,2026-07-03T18:06:58,tier2-run1,starmie,alakazam,starmie,1,-1,15,3,2,7,6,DECK_OUT,
tier2,2026-07-03T18:06:58,tier2-run1,starmie,alakazam,alakazam,-1,1,16,3,2,7,12,DECK_OUT,
tier2,2026-07-03T18:06:58,tier2-run1,starmie,alakazam,alakazam,-1,1,20,0,2,,14,DECK_OUT,
tier2,2026-07-03T18:06:58,tier2-run1,starmie,alakazam,alakazam,-1,1,16,4,0,3,16,DECK_OUT,
tier2,2026-07-03T18:06:58,tier2-run1,starmie,alakazam,alakazam,-1,1,14,2,4,3,4,DECK_OUT,
tier2,2026-07-03T18:06:58,tier2-run1,starmie,alakazam,alakazam,-1,1,14,1,2,9,6,DECK_OUT,
tier2,2026-07-03T18:06:58,tier2-run1,starmie,alakazam,alakazam,-1,1,3,0,0,,,OTHER,
tier2,2026-07-03T18:06:58,tier2-run1,starmie,alakazam,alakazam,-1,1,20,1,4,3,2,DECK_OUT,
tier2,2026-07-03T18:06:58,tier2-run1,starmie,alakazam,starmie,1,-1,13,2,1,3,8,DECK_OUT,
tier2,2026-07-03T18:06:58,tier2-run1,starmie,alakazam,alakazam,-1,1,14,3,3,7,2,DECK_OUT,
tier2,2026-07-03T18:06:58,tier2-run1,starmie,alakazam,alakazam,-1,1,16,2,4,9,10,DECK_OUT,
tier2,2026-07-03T18:06:58,tier2-run1,starmie,alakazam,alakazam,-1,1,16,4,3,3,2,DECK_OUT,
tier2,2026-07-03T18:06:58,tier2-run1,starmie,alakazam,starmie,1,-1,15,4,1,7,2,DECK_OUT,
tier2,2026-07-03T18:06:58,tier2-run1,starmie,alakazam,starmie,1,-1,19,3,0,7,12,DECK_OUT,
tier2,2026-07-03T18:06:58,tier2-run1,starmie,alakazam,alakazam,-1,1,18,1,5,15,2,DECK_OUT,
tier2,2026-07-03T18:06:58,tier2-run1,starmie,alakazam,alakazam,-1,1,12,3,2,3,8,DECK_OUT,
tier2,2026-07-03T18:06:58,tier2-run1,starmie,alakazam,starmie,1,-1,23,3,0,15,,DECK_OUT,
tier2,2026-07-03T18:06:58,tier2-run1,starmie,alakazam,starmie,1,-1,19,4,1,7,2,DECK_OUT,
tier2,2026-07-03T18:06:58,tier2-run1,starmie,alakazam,starmie,1,-1,19,1,0,13,10,DECK_OUT,
tier2,2026-07-03T18:06:58,tier2-run1,starmie,alakazam,starmie,1,-1,11,3,1,3,8,DECK_OUT,
tier2,2026-07-03T18:07:31,tier2-run1,alakazam,dragapult,dragapult,-1,1,16,0,5,3,4,OTHER,
tier2,2026-07-03T18:07:31,tier2-run1,alakazam,dragapult,alakazam,1,-1,17,3,2,9,10,DECK_OUT,
tier2,2026-07-03T18:07:31,tier2-run1,alakazam,dragapult,dragapult,-1,1,14,3,2,7,2,DECK_OUT,
tier2,2026-07-03T18:07:31,tier2-run1,alakazam,dragapult,alakazam,1,-1,17,4,2,3,10,DECK_OUT,
tier2,2026-07-03T18:07:31,tier2-run1,alakazam,dragapult,alakazam,1,-1,15,1,4,3,2,DECK_OUT,
tier2,2026-07-03T18:07:31,tier2-run1,alakazam,dragapult,alakazam,1,-1,23,0,0,,8,DECK_OUT,
tier2,2026-07-03T18:07:31,tier2-run1,alakazam,dragapult,dragapult,-1,1,12,5,0,3,6,DECK_OUT,
tier2,2026-07-03T18:07:31,tier2-run1,alakazam,dragapult,dragapult,-1,1,16,4,4,3,6,DECK_OUT,
tier2,2026-07-03T18:07:31,tier2-run1,alakazam,dragapult,alakazam,1,-1,13,0,0,3,2,DECK_OUT,
tier2,2026-07-03T18:07:31,tier2-run1,alakazam,dragapult,dragapult,-1,1,16,2,2,11,2,DECK_OUT,
tier2,2026-07-03T18:07:31,tier2-run1,alakazam,dragapult,dragapult,-1,1,14,0,2,3,2,DECK_OUT,
tier2,2026-07-03T18:07:31,tier2-run1,alakazam,dragapult,alakazam,1,-1,13,2,2,3,2,DECK_OUT,
tier2,2026-07-03T18:07:31,tier2-run1,alakazam,dragapult,dragapult,-1,1,18,4,4,3,2,DECK_OUT,
tier2,2026-07-03T18:07:31,tier2-run1,alakazam,dragapult,dragapult,-1,1,14,0,2,3,10,DECK_OUT,
tier2,2026-07-03T18:07:31,tier2-run1,alakazam,dragapult,dragapult,-1,1,12,4,0,5,2,DECK_OUT,
tier2,2026-07-03T18:07:31,tier2-run1,alakazam,dragapult,alakazam,1,-1,17,5,0,7,4,OTHER,
tier2,2026-07-03T18:07:31,tier2-run1,alakazam,dragapult,alakazam,1,-1,25,2,1,19,22,DECK_OUT,
tier2,2026-07-03T18:07:31,tier2-run1,alakazam,dragapult,alakazam,1,-1,15,3,4,3,2,DECK_OUT,
tier2,2026-07-03T18:07:31,tier2-run1,alakazam,dragapult,alakazam,1,-1,19,1,1,15,16,DECK_OUT,
tier2,2026-07-03T18:07:31,tier2-run1,alakazam,dragapult,dragapult,-1,1,12,2,3,5,6,DECK_OUT,
tier2,2026-07-03T18:07:31,tier2-run1,alakazam,dragapult,dragapult,-1,1,16,2,2,7,2,DECK_OUT,
tier2,2026-07-03T18:07:31,tier2-run1,alakazam,dragapult,dragapult,-1,1,18,4,3,7,4,DECK_OUT,
tier2,2026-07-03T18:07:31,tier2-run1,alakazam,dragapult,dragapult,-1,1,14,3,3,9,6,DECK_OUT,
tier2,2026-07-03T18:07:31,tier2-run1,alakazam,dragapult,alakazam,1,-1,15,5,2,7,8,DECK_OUT,
tier2,2026-07-03T18:07:31,tier2-run1,alakazam,dragapult,dragapult,-1,1,12,3,4,5,4,DECK_OUT,
tier2,2026-07-03T18:07:31,tier2-run1,alakazam,dragapult,alakazam,1,-1,25,4,4,3,18,DECK_OUT,
tier2,2026-07-03T18:07:31,tier2-run1,alakazam,dragapult,alakazam,1,-1,11,3,2,3,6,DECK_OUT,
tier2,2026-07-03T18:07:31,tier2-run1,alakazam,dragapult,alakazam,1,-1,11,2,3,9,2,DECK_OUT,
tier2,2026-07-03T18:07:31,tier2-run1,alakazam,dragapult,dragapult,-1,1,24,2,2,19,4,DECK_OUT,
tier2,2026-07-03T18:07:31,tier2-run1,alakazam,dragapult,alakazam,1,-1,15,5,1,3,14,DECK_OUT,
tier2,2026-07-03T18:07:31,tier2-run1,alakazam,dragapult,dragapult,-1,1,18,4,1,3,2,DECK_OUT,
tier2,2026-07-03T18:07:31,tier2-run1,alakazam,dragapult,dragapult,-1,1,18,3,0,11,2,DECK_OUT,
tier2,2026-07-03T18:07:31,tier2-run1,alakazam,dragapult,dragapult,-1,1,14,5,3,5,2,DECK_OUT,
tier2,2026-07-03T18:07:31,tier2-run1,alakazam,dragapult,alakazam,1,-1,19,3,1,13,6,DECK_OUT,
tier2,2026-07-03T18:07:31,tier2-run1,alakazam,dragapult,alakazam,1,-1,15,5,1,3,4,DECK_OUT,
tier2,2026-07-03T18:07:31,tier2-run1,alakazam,dragapult,dragapult,-1,1,16,2,3,3,4,DECK_OUT,
tier2,2026-07-03T18:07:31,tier2-run1,alakazam,dragapult,dragapult,-1,1,20,2,3,11,4,DECK_OUT,
tier2,2026-07-03T18:07:31,tier2-run1,alakazam,dragapult,dragapult,-1,1,3,0,0,,,OTHER,
tier2,2026-07-03T18:07:31,tier2-run1,alakazam,dragapult,alakazam,1,-1,15,1,1,5,12,DECK_OUT,
tier2,2026-07-03T18:07:31,tier2-run1,alakazam,dragapult,dragapult,-1,1,14,0,5,7,2,OTHER,
tier2,2026-07-03T18:07:31,tier2-run1,alakazam,dragapult,dragapult,-1,1,16,1,5,5,2,DECK_OUT,
tier2,2026-07-03T18:07:31,tier2-run1,alakazam,dragapult,alakazam,1,-1,17,3,1,3,6,DECK_OUT,
tier2,2026-07-03T18:07:31,tier2-run1,alakazam,dragapult,alakazam,1,-1,37,0,0,,8,DECK_OUT,
tier2,2026-07-03T18:07:31,tier2-run1,alakazam,dragapult,alakazam,1,-1,13,5,0,3,2,OTHER,
tier2,2026-07-03T18:07:31,tier2-run1,alakazam,dragapult,alakazam,1,-1,17,3,2,3,2,DECK_OUT,
tier2,2026-07-03T18:07:31,tier2-run1,alakazam,dragapult,alakazam,1,-1,13,4,0,3,2,OTHER,
tier2,2026-07-03T18:07:31,tier2-run1,alakazam,dragapult,dragapult,-1,1,14,4,2,3,8,DECK_OUT,
tier2,2026-07-03T18:07:31,tier2-run1,alakazam,dragapult,dragapult,-1,1,16,0,5,5,4,DECK_OUT,
tier2,2026-07-03T18:07:31,tier2-run1,alakazam,dragapult,dragapult,-1,1,16,1,5,7,4,OTHER,
tier2,2026-07-03T18:07:31,tier2-run1,alakazam,dragapult,dragapult,-1,1,14,0,3,,2,DECK_OUT,
tier2,2026-07-03T18:07:31,tier2-run1,alakazam,dragapult,alakazam,1,-1,17,3,3,5,2,DECK_OUT,
tier2,2026-07-03T18:07:31,tier2-run1,alakazam,dragapult,dragapult,-1,1,14,2,5,9,2,DECK_OUT,
tier2,2026-07-03T18:07:31,tier2-run1,alakazam,dragapult,dragapult,-1,1,20,0,4,15,8,DECK_OUT,
tier2,2026-07-03T18:07:31,tier2-run1,alakazam,dragapult,alakazam,1,-1,5,0,0,5,,OTHER,
tier2,2026-07-03T18:07:31,tier2-run1,alakazam,dragapult,alakazam,1,-1,4,0,0,,,OTHER,
tier2,2026-07-03T18:07:31,tier2-run1,alakazam,dragapult,dragapult,-1,1,12,3,1,3,8,DECK_OUT,
tier2,2026-07-03T18:07:31,tier2-run1,alakazam,dragapult,alakazam,1,-1,17,4,4,13,8,DECK_OUT,
tier2,2026-07-03T18:07:31,tier2-run1,alakazam,dragapult,alakazam,1,-1,13,5,2,3,4,DECK_OUT,
tier2,2026-07-03T18:07:31,tier2-run1,alakazam,dragapult,dragapult,-1,1,3,0,0,,,OTHER,
tier2,2026-07-03T18:07:31,tier2-run1,alakazam,dragapult,alakazam,1,-1,15,3,4,3,6,DECK_OUT,
tier2,2026-07-03T18:07:31,tier2-run1,alakazam,dragapult,dragapult,-1,1,20,0,1,5,2,DECK_OUT,
tier2,2026-07-03T18:07:31,tier2-run1,alakazam,dragapult,alakazam,1,-1,19,5,0,5,8,DECK_OUT,
tier2,2026-07-03T18:07:31,tier2-run1,alakazam,dragapult,dragapult,-1,1,18,0,2,,8,DECK_OUT,
tier2,2026-07-03T18:07:31,tier2-run1,alakazam,dragapult,dragapult,-1,1,14,3,4,3,4,DECK_OUT,
tier2,2026-07-03T18:07:31,tier2-run1,alakazam,dragapult,dragapult,-1,1,12,3,3,3,4,DECK_OUT,
tier2,2026-07-03T18:07:31,tier2-run1,alakazam,dragapult,dragapult,-1,1,14,0,1,7,4,DECK_OUT,
tier2,2026-07-03T18:07:31,tier2-run1,alakazam,dragapult,dragapult,-1,1,16,5,1,3,4,DECK_OUT,
tier2,2026-07-03T18:07:31,tier2-run1,alakazam,dragapult,alakazam,1,-1,13,3,4,3,2,DECK_OUT,
tier2,2026-07-03T18:07:31,tier2-run1,alakazam,dragapult,alakazam,1,-1,15,5,0,5,8,DECK_OUT,
tier2,2026-07-03T18:07:31,tier2-run1,alakazam,dragapult,dragapult,-1,1,12,2,4,3,6,DECK_OUT,
tier2,2026-07-03T18:07:31,tier2-run1,alakazam,dragapult,dragapult,-1,1,16,1,4,3,8,DECK_OUT,
tier2,2026-07-03T18:07:31,tier2-run1,alakazam,dragapult,dragapult,-1,1,16,3,5,5,4,DECK_OUT,
tier2,2026-07-03T18:07:31,tier2-run1,alakazam,dragapult,dragapult,-1,1,14,2,4,3,6,DECK_OUT,
tier2,2026-07-03T18:07:31,tier2-run1,alakazam,dragapult,alakazam,1,-1,13,5,1,3,4,DECK_OUT,
tier2,2026-07-03T18:07:31,tier2-run1,alakazam,dragapult,alakazam,1,-1,15,5,0,3,8,OTHER,
tier2,2026-07-03T18:07:31,tier2-run1,alakazam,dragapult,alakazam,1,-1,19,2,2,3,16,DECK_OUT,
tier2,2026-07-03T18:07:31,tier2-run1,alakazam,dragapult,dragapult,-1,1,14,5,3,5,2,DECK_OUT,
tier2,2026-07-03T18:07:31,tier2-run1,alakazam,dragapult,dragapult,-1,1,14,4,1,3,10,DECK_OUT,
tier2,2026-07-03T18:07:31,tier2-run1,alakazam,dragapult,alakazam,1,-1,15,2,0,5,2,DECK_OUT,
tier2,2026-07-03T18:07:31,tier2-run1,alakazam,dragapult,dragapult,-1,1,14,1,5,7,2,DECK_OUT,
tier2,2026-07-03T18:07:31,tier2-run1,alakazam,dragapult,alakazam,1,-1,17,3,3,5,4,DECK_OUT,
tier2,2026-07-03T18:07:31,tier2-run1,alakazam,dragapult,alakazam,1,-1,13,1,5,13,2,DECK_OUT,
tier2,2026-07-03T18:07:31,tier2-run1,alakazam,dragapult,alakazam,1,-1,13,3,3,5,8,DECK_OUT,
tier2,2026-07-03T18:07:31,tier2-run1,alakazam,dragapult,dragapult,-1,1,14,2,3,3,8,DECK_OUT,
tier2,2026-07-03T18:07:31,tier2-run1,alakazam,dragapult,alakazam,1,-1,15,3,1,3,12,DECK_OUT,
tier2,2026-07-03T18:07:31,tier2-run1,alakazam,dragapult,alakazam,1,-1,13,5,1,3,2,DECK_OUT,
tier2,2026-07-03T18:07:31,tier2-run1,alakazam,dragapult,alakazam,1,-1,17,1,0,9,2,DECK_OUT,
tier2,2026-07-03T18:07:31,tier2-run1,alakazam,dragapult,dragapult,-1,1,20,1,4,13,4,DECK_OUT,
tier2,2026-07-03T18:07:31,tier2-run1,alakazam,dragapult,alakazam,1,-1,4,0,0,3,,OTHER,
tier2,2026-07-03T18:07:31,tier2-run1,alakazam,dragapult,alakazam,1,-1,11,4,1,3,2,DECK_OUT,
tier2,2026-07-03T18:07:31,tier2-run1,alakazam,dragapult,alakazam,1,-1,4,0,0,3,,OTHER,
tier2,2026-07-03T18:07:31,tier2-run1,alakazam,dragapult,dragapult,-1,1,3,0,0,,,OTHER,
tier2,2026-07-03T18:07:31,tier2-run1,alakazam,dragapult,alakazam,1,-1,13,4,3,5,6,DECK_OUT,
tier2,2026-07-03T18:07:31,tier2-run1,alakazam,dragapult,alakazam,1,-1,19,1,0,3,6,DECK_OUT,
tier2,2026-07-03T18:07:31,tier2-run1,alakazam,dragapult,alakazam,1,-1,15,4,0,3,10,DECK_OUT,
tier2,2026-07-03T18:07:31,tier2-run1,alakazam,dragapult,alakazam,1,-1,13,4,0,3,2,DECK_OUT,
tier2,2026-07-03T18:07:31,tier2-run1,alakazam,dragapult,dragapult,-1,1,18,1,3,11,6,DECK_OUT,
tier2,2026-07-03T18:07:31,tier2-run1,alakazam,dragapult,dragapult,-1,1,3,0,0,,,OTHER,
tier2,2026-07-03T18:07:31,tier2-run1,alakazam,dragapult,alakazam,1,-1,13,5,0,7,,DECK_OUT,
tier2,2026-07-03T18:07:31,tier2-run1,alakazam,dragapult,dragapult,-1,1,16,3,4,3,2,DECK_OUT,
tier2,2026-07-03T18:07:31,tier2-run1,dragapult,alakazam,alakazam,-1,1,12,0,1,3,10,NO_POKEMON_IN_PLAY,
tier2,2026-07-03T18:07:31,tier2-run1,dragapult,alakazam,alakazam,-1,1,12,2,3,3,2,DECK_OUT,
tier2,2026-07-03T18:07:31,tier2-run1,dragapult,alakazam,dragapult,1,-1,11,5,1,3,2,DECK_OUT,
tier2,2026-07-03T18:07:31,tier2-run1,dragapult,alakazam,alakazam,-1,1,14,2,1,3,10,DECK_OUT,
tier2,2026-07-03T18:07:31,tier2-run1,dragapult,alakazam,dragapult,1,-1,4,0,0,,,OTHER,
tier2,2026-07-03T18:07:31,tier2-run1,dragapult,alakazam,dragapult,1,-1,15,3,3,3,4,DECK_OUT,
tier2,2026-07-03T18:07:31,tier2-run1,dragapult,alakazam,alakazam,-1,1,16,0,5,3,4,OTHER,
tier2,2026-07-03T18:07:31,tier2-run1,dragapult,alakazam,alakazam,-1,1,14,1,5,7,2,DECK_OUT,
tier2,2026-07-03T18:07:31,tier2-run1,dragapult,alakazam,alakazam,-1,1,10,0,2,3,4,NO_POKEMON_IN_PLAY,
tier2,2026-07-03T18:07:31,tier2-run1,dragapult,alakazam,dragapult,1,-1,13,0,5,9,2,DECK_OUT,
tier2,2026-07-03T18:07:31,tier2-run1,dragapult,alakazam,alakazam,-1,1,8,0,0,3,2,NO_POKEMON_IN_PLAY,
tier2,2026-07-03T18:07:31,tier2-run1,dragapult,alakazam,alakazam,-1,1,24,0,2,,6,DECK_OUT,
tier2,2026-07-03T18:07:31,tier2-run1,dragapult,alakazam,alakazam,-1,1,18,0,3,9,8,DECK_OUT,
tier2,2026-07-03T18:07:31,tier2-run1,dragapult,alakazam,dragapult,1,-1,11,5,1,5,2,DECK_OUT,
tier2,2026-07-03T18:07:31,tier2-run1,dragapult,alakazam,dragapult,1,-1,13,4,0,5,2,OTHER,
tier2,2026-07-03T18:07:31,tier2-run1,dragapult,alakazam,dragapult,1,-1,4,0,0,3,,OTHER,
tier2,2026-07-03T18:07:31,tier2-run1,dragapult,alakazam,dragapult,1,-1,15,0,3,11,2,DECK_OUT,
tier2,2026-07-03T18:07:31,tier2-run1,dragapult,alakazam,alakazam,-1,1,16,4,1,5,2,DECK_OUT,
tier2,2026-07-03T18:07:31,tier2-run1,dragapult,alakazam,alakazam,-1,1,16,4,0,3,,DECK_OUT,
tier2,2026-07-03T18:07:31,tier2-run1,dragapult,alakazam,alakazam,-1,1,16,2,4,3,2,DECK_OUT,
tier2,2026-07-03T18:07:31,tier2-run1,dragapult,alakazam,alakazam,-1,1,14,5,1,3,8,DECK_OUT,
tier2,2026-07-03T18:07:31,tier2-run1,dragapult,alakazam,alakazam,-1,1,3,0,0,,2,OTHER,
tier2,2026-07-03T18:07:31,tier2-run1,dragapult,alakazam,alakazam,-1,1,12,3,2,3,2,DECK_OUT,
tier2,2026-07-03T18:07:31,tier2-run1,dragapult,alakazam,alakazam,-1,1,30,0,0,7,2,DECK_OUT,
tier2,2026-07-03T18:07:31,tier2-run1,dragapult,alakazam,alakazam,-1,1,14,2,3,11,4,DECK_OUT,
tier2,2026-07-03T18:07:31,tier2-run1,dragapult,alakazam,dragapult,1,-1,23,3,1,19,2,DECK_OUT,
tier2,2026-07-03T18:07:31,tier2-run1,dragapult,alakazam,alakazam,-1,1,14,4,1,5,4,DECK_OUT,
tier2,2026-07-03T18:07:31,tier2-run1,dragapult,alakazam,dragapult,1,-1,17,2,4,11,8,DECK_OUT,
tier2,2026-07-03T18:07:31,tier2-run1,dragapult,alakazam,alakazam,-1,1,14,1,0,3,,DECK_OUT,
tier2,2026-07-03T18:07:31,tier2-run1,dragapult,alakazam,dragapult,1,-1,15,3,4,3,2,DECK_OUT,
tier2,2026-07-03T18:07:31,tier2-run1,dragapult,alakazam,alakazam,-1,1,3,0,0,,,OTHER,
tier2,2026-07-03T18:07:31,tier2-run1,dragapult,alakazam,alakazam,-1,1,30,0,0,,,DECK_OUT,
tier2,2026-07-03T18:07:31,tier2-run1,dragapult,alakazam,alakazam,-1,1,12,1,2,3,6,DECK_OUT,
tier2,2026-07-03T18:07:31,tier2-run1,dragapult,alakazam,dragapult,1,-1,13,2,4,9,2,DECK_OUT,
tier2,2026-07-03T18:07:31,tier2-run1,dragapult,alakazam,dragapult,1,-1,15,4,1,3,6,DECK_OUT,
tier2,2026-07-03T18:07:31,tier2-run1,dragapult,alakazam,alakazam,-1,1,14,5,1,3,2,DECK_OUT,
tier2,2026-07-03T18:07:31,tier2-run1,dragapult,alakazam,dragapult,1,-1,15,0,4,,4,DECK_OUT,
tier2,2026-07-03T18:07:31,tier2-run1,dragapult,alakazam,dragapult,1,-1,15,5,2,3,6,DECK_OUT,
tier2,2026-07-03T18:07:31,tier2-run1,dragapult,alakazam,alakazam,-1,1,16,1,5,13,6,DECK_OUT,
tier2,2026-07-03T18:07:31,tier2-run1,dragapult,alakazam,dragapult,1,-1,13,5,0,3,2,OTHER,
tier2,2026-07-03T18:07:31,tier2-run1,dragapult,alakazam,dragapult,1,-1,11,3,2,7,4,DECK_OUT,
tier2,2026-07-03T18:07:31,tier2-run1,dragapult,alakazam,alakazam,-1,1,14,1,4,11,2,DECK_OUT,
tier2,2026-07-03T18:07:31,tier2-run1,dragapult,alakazam,alakazam,-1,1,14,2,2,5,4,DECK_OUT,
tier2,2026-07-03T18:07:31,tier2-run1,dragapult,alakazam,dragapult,1,-1,13,3,3,3,8,DECK_OUT,
tier2,2026-07-03T18:07:31,tier2-run1,dragapult,alakazam,dragapult,1,-1,19,1,0,7,8,DECK_OUT,
tier2,2026-07-03T18:07:31,tier2-run1,dragapult,alakazam,alakazam,-1,1,16,0,2,,2,DECK_OUT,
tier2,2026-07-03T18:07:31,tier2-run1,dragapult,alakazam,alakazam,-1,1,12,4,2,3,8,DECK_OUT,
tier2,2026-07-03T18:07:31,tier2-run1,dragapult,alakazam,alakazam,-1,1,12,1,4,3,2,DECK_OUT,
tier2,2026-07-03T18:07:31,tier2-run1,dragapult,alakazam,alakazam,-1,1,14,4,1,3,12,DECK_OUT,
tier2,2026-07-03T18:07:31,tier2-run1,dragapult,alakazam,alakazam,-1,1,10,2,3,7,2,DECK_OUT,
tier2,2026-07-03T18:07:31,tier2-run1,dragapult,alakazam,alakazam,-1,1,20,3,1,7,2,DECK_OUT,
tier2,2026-07-03T18:07:31,tier2-run1,dragapult,alakazam,dragapult,1,-1,7,1,0,3,,OTHER,
tier2,2026-07-03T18:07:31,tier2-run1,dragapult,alakazam,alakazam,-1,1,10,0,0,5,2,NO_POKEMON_IN_PLAY,
tier2,2026-07-03T18:07:31,tier2-run1,dragapult,alakazam,dragapult,1,-1,13,1,3,3,2,DECK_OUT,
tier2,2026-07-03T18:07:31,tier2-run1,dragapult,alakazam,alakazam,-1,1,10,1,2,9,4,DECK_OUT,
tier2,2026-07-03T18:07:31,tier2-run1,dragapult,alakazam,dragapult,1,-1,13,3,2,9,4,DECK_OUT,
tier2,2026-07-03T18:07:31,tier2-run1,dragapult,alakazam,dragapult,1,-1,15,2,3,7,8,DECK_OUT,
tier2,2026-07-03T18:07:31,tier2-run1,dragapult,alakazam,alakazam,-1,1,12,2,3,5,6,DECK_OUT,
tier2,2026-07-03T18:07:31,tier2-run1,dragapult,alakazam,alakazam,-1,1,24,2,3,11,4,DECK_OUT,
tier2,2026-07-03T18:07:31,tier2-run1,dragapult,alakazam,dragapult,1,-1,19,5,1,3,4,OTHER,
tier2,2026-07-03T18:07:31,tier2-run1,dragapult,alakazam,dragapult,1,-1,19,4,2,3,14,DECK_OUT,
tier2,2026-07-03T18:07:31,tier2-run1,dragapult,alakazam,dragapult,1,-1,15,5,3,3,10,DECK_OUT,
tier2,2026-07-03T18:07:31,tier2-run1,dragapult,alakazam,alakazam,-1,1,20,5,0,3,8,DECK_OUT,
tier2,2026-07-03T18:07:31,tier2-run1,dragapult,alakazam,alakazam,-1,1,18,2,3,9,2,DECK_OUT,
tier2,2026-07-03T18:07:31,tier2-run1,dragapult,alakazam,dragapult,1,-1,13,3,3,5,2,DECK_OUT,
tier2,2026-07-03T18:07:31,tier2-run1,dragapult,alakazam,alakazam,-1,1,12,3,4,7,6,DECK_OUT,
tier2,2026-07-03T18:07:31,tier2-run1,dragapult,alakazam,dragapult,1,-1,15,4,4,5,6,DECK_OUT,
tier2,2026-07-03T18:07:31,tier2-run1,dragapult,alakazam,alakazam,-1,1,14,5,2,3,2,DECK_OUT,
tier2,2026-07-03T18:07:31,tier2-run1,dragapult,alakazam,alakazam,-1,1,16,2,2,3,2,DECK_OUT,
tier2,2026-07-03T18:07:31,tier2-run1,dragapult,alakazam,dragapult,1,-1,13,2,3,7,2,DECK_OUT,
tier2,2026-07-03T18:07:31,tier2-run1,dragapult,alakazam,dragapult,1,-1,19,2,2,3,8,DECK_OUT,
tier2,2026-07-03T18:07:31,tier2-run1,dragapult,alakazam,dragapult,1,-1,13,4,3,5,2,DECK_OUT,
tier2,2026-07-03T18:07:31,tier2-run1,dragapult,alakazam,dragapult,1,-1,13,4,0,5,4,OTHER,
tier2,2026-07-03T18:07:31,tier2-run1,dragapult,alakazam,dragapult,1,-1,15,5,1,3,10,DECK_OUT,
tier2,2026-07-03T18:07:31,tier2-run1,dragapult,alakazam,dragapult,1,-1,13,4,4,3,6,DECK_OUT,
tier2,2026-07-03T18:07:31,tier2-run1,dragapult,alakazam,dragapult,1,-1,15,5,1,7,2,OTHER,
tier2,2026-07-03T18:07:31,tier2-run1,dragapult,alakazam,dragapult,1,-1,17,1,2,15,2,DECK_OUT,
tier2,2026-07-03T18:07:31,tier2-run1,dragapult,alakazam,dragapult,1,-1,4,0,0,3,,OTHER,
tier2,2026-07-03T18:07:31,tier2-run1,dragapult,alakazam,dragapult,1,-1,15,5,1,5,2,OTHER,
tier2,2026-07-03T18:07:31,tier2-run1,dragapult,alakazam,dragapult,1,-1,13,2,3,7,2,DECK_OUT,
tier2,2026-07-03T18:07:31,tier2-run1,dragapult,alakazam,dragapult,1,-1,19,5,0,3,2,DECK_OUT,
tier2,2026-07-03T18:07:31,tier2-run1,dragapult,alakazam,dragapult,1,-1,15,3,3,5,4,DECK_OUT,
tier2,2026-07-03T18:07:31,tier2-run1,dragapult,alakazam,dragapult,1,-1,11,3,2,3,6,DECK_OUT,
tier2,2026-07-03T18:07:31,tier2-run1,dragapult,alakazam,dragapult,1,-1,19,3,0,3,2,DECK_OUT,
tier2,2026-07-03T18:07:31,tier2-run1,dragapult,alakazam,dragapult,1,-1,19,4,0,9,16,DECK_OUT,
tier2,2026-07-03T18:07:31,tier2-run1,dragapult,alakazam,dragapult,1,-1,15,5,1,3,2,OTHER,
tier2,2026-07-03T18:07:31,tier2-run1,dragapult,alakazam,alakazam,-1,1,3,0,0,,,OTHER,
tier2,2026-07-03T18:07:31,tier2-run1,dragapult,alakazam,alakazam,-1,1,18,4,1,11,4,DECK_OUT,
tier2,2026-07-03T18:07:31,tier2-run1,dragapult,alakazam,dragapult,1,-1,17,4,0,5,4,DECK_OUT,
tier2,2026-07-03T18:07:31,tier2-run1,dragapult,alakazam,alakazam,-1,1,14,3,2,3,2,DECK_OUT,
tier2,2026-07-03T18:07:31,tier2-run1,dragapult,alakazam,dragapult,1,-1,11,1,0,9,,OTHER,
tier2,2026-07-03T18:07:31,tier2-run1,dragapult,alakazam,dragapult,1,-1,11,3,3,5,4,DECK_OUT,
tier2,2026-07-03T18:07:31,tier2-run1,dragapult,alakazam,dragapult,1,-1,15,3,2,3,6,DECK_OUT,
tier2,2026-07-03T18:07:31,tier2-run1,dragapult,alakazam,dragapult,1,-1,17,5,2,3,6,DECK_OUT,
tier2,2026-07-03T18:07:31,tier2-run1,dragapult,alakazam,dragapult,1,-1,7,2,0,5,6,OTHER,
tier2,2026-07-03T18:07:31,tier2-run1,dragapult,alakazam,alakazam,-1,1,22,2,2,7,2,DECK_OUT,
tier2,2026-07-03T18:07:31,tier2-run1,dragapult,alakazam,alakazam,-1,1,3,0,0,,2,OTHER,
tier2,2026-07-03T18:07:31,tier2-run1,dragapult,alakazam,alakazam,-1,1,14,1,4,11,4,DECK_OUT,
tier2,2026-07-03T18:07:31,tier2-run1,dragapult,alakazam,alakazam,-1,1,14,0,4,3,2,NO_POKEMON_IN_PLAY,
tier2,2026-07-03T18:07:31,tier2-run1,dragapult,alakazam,alakazam,-1,1,16,1,3,9,4,DECK_OUT,
tier2,2026-07-03T18:08:03,tier2-run1,lucario,abomasnow,lucario,1,-1,15,0,2,15,4,DECK_OUT,
tier2,2026-07-03T18:08:03,tier2-run1,lucario,abomasnow,abomasnow,-1,1,24,1,2,5,20,DECK_OUT,
tier2,2026-07-03T18:08:03,tier2-run1,lucario,abomasnow,abomasnow,-1,1,12,0,4,5,4,DECK_OUT,
tier2,2026-07-03T18:08:03,tier2-run1,lucario,abomasnow,lucario,1,-1,15,5,1,3,4,DECK_OUT,
tier2,2026-07-03T18:08:03,tier2-run1,lucario,abomasnow,abomasnow,-1,1,16,1,5,3,2,OTHER,
tier2,2026-07-03T18:08:03,tier2-run1,lucario,abomasnow,abomasnow,-1,1,14,0,4,,2,DECK_OUT,
tier2,2026-07-03T18:08:03,tier2-run1,lucario,abomasnow,abomasnow,-1,1,16,0,4,3,4,DECK_OUT,
tier2,2026-07-03T18:08:03,tier2-run1,lucario,abomasnow,lucario,1,-1,13,4,1,3,6,DECK_OUT,
tier2,2026-07-03T18:08:03,tier2-run1,lucario,abomasnow,lucario,1,-1,15,5,0,3,4,OTHER,
tier2,2026-07-03T18:08:03,tier2-run1,lucario,abomasnow,abomasnow,-1,1,16,0,5,5,2,OTHER,
tier2,2026-07-03T18:08:03,tier2-run1,lucario,abomasnow,lucario,1,-1,15,4,4,3,2,DECK_OUT,
tier2,2026-07-03T18:08:03,tier2-run1,lucario,abomasnow,lucario,1,-1,4,0,0,3,,OTHER,
tier2,2026-07-03T18:08:03,tier2-run1,lucario,abomasnow,abomasnow,-1,1,12,4,1,3,2,DECK_OUT,
tier2,2026-07-03T18:08:03,tier2-run1,lucario,abomasnow,lucario,1,-1,15,4,4,5,4,DECK_OUT,
tier2,2026-07-03T18:08:03,tier2-run1,lucario,abomasnow,abomasnow,-1,1,16,1,5,5,2,OTHER,
tier2,2026-07-03T18:08:03,tier2-run1,lucario,abomasnow,abomasnow,-1,1,12,2,2,3,2,DECK_OUT,
tier2,2026-07-03T18:08:03,tier2-run1,lucario,abomasnow,lucario,1,-1,13,4,3,7,2,DECK_OUT,
tier2,2026-07-03T18:08:03,tier2-run1,lucario,abomasnow,abomasnow,-1,1,9,0,1,7,2,OTHER,
tier2,2026-07-03T18:08:03,tier2-run1,lucario,abomasnow,abomasnow,-1,1,18,1,4,9,2,DECK_OUT,
tier2,2026-07-03T18:08:03,tier2-run1,lucario,abomasnow,lucario,1,-1,15,4,2,3,2,DECK_OUT,
tier2,2026-07-03T18:08:03,tier2-run1,lucario,abomasnow,abomasnow,-1,1,14,1,3,5,2,DECK_OUT,
tier2,2026-07-03T18:08:03,tier2-run1,lucario,abomasnow,abomasnow,-1,1,16,1,3,3,2,DECK_OUT,
tier2,2026-07-03T18:08:03,tier2-run1,lucario,abomasnow,abomasnow,-1,1,3,0,0,,2,OTHER,
tier2,2026-07-03T18:08:03,tier2-run1,lucario,abomasnow,lucario,1,-1,15,2,1,3,12,DECK_OUT,
tier2,2026-07-03T18:08:03,tier2-run1,lucario,abomasnow,lucario,1,-1,11,5,1,3,4,DECK_OUT,
tier2,2026-07-03T18:08:03,tier2-run1,lucario,abomasnow,lucario,1,-1,5,0,0,5,,OTHER,
tier2,2026-07-03T18:08:03,tier2-run1,lucario,abomasnow,abomasnow,-1,1,24,0,1,7,12,DECK_OUT,
tier2,2026-07-03T18:08:03,tier2-run1,lucario,abomasnow,lucario,1,-1,13,5,2,5,2,DECK_OUT,
tier2,2026-07-03T18:08:03,tier2-run1,lucario,abomasnow,abomasnow,-1,1,3,0,0,,,OTHER,
tier2,2026-07-03T18:08:03,tier2-run1,lucario,abomasnow,lucario,1,-1,13,4,2,3,8,DECK_OUT,
tier2,2026-07-03T18:08:03,tier2-run1,lucario,abomasnow,lucario,1,-1,13,5,1,5,2,DECK_OUT,
tier2,2026-07-03T18:08:03,tier2-run1,lucario,abomasnow,lucario,1,-1,21,1,5,3,2,DECK_OUT,
tier2,2026-07-03T18:08:03,tier2-run1,lucario,abomasnow,abomasnow,-1,1,14,0,4,,2,DECK_OUT,
tier2,2026-07-03T18:08:03,tier2-run1,lucario,abomasnow,lucario,1,-1,5,0,0,5,,OTHER,
tier2,2026-07-03T18:08:03,tier2-run1,lucario,abomasnow,abomasnow,-1,1,16,3,1,7,2,DECK_OUT,
tier2,2026-07-03T18:08:03,tier2-run1,lucario,abomasnow,abomasnow,-1,1,16,1,5,3,4,OTHER,
tier2,2026-07-03T18:08:03,tier2-run1,lucario,abomasnow,lucario,1,-1,21,1,0,7,4,DECK_OUT,
tier2,2026-07-03T18:08:03,tier2-run1,lucario,abomasnow,lucario,1,-1,19,1,3,3,4,DECK_OUT,
tier2,2026-07-03T18:08:03,tier2-run1,lucario,abomasnow,lucario,1,-1,17,3,1,3,2,DECK_OUT,
tier2,2026-07-03T18:08:03,tier2-run1,lucario,abomasnow,abomasnow,-1,1,18,1,2,3,2,DECK_OUT,
tier2,2026-07-03T18:08:03,tier2-run1,lucario,abomasnow,lucario,1,-1,15,5,0,3,12,DECK_OUT,
tier2,2026-07-03T18:08:03,tier2-run1,lucario,abomasnow,abomasnow,-1,1,18,2,4,3,2,DECK_OUT,
tier2,2026-07-03T18:08:03,tier2-run1,lucario,abomasnow,lucario,1,-1,13,1,3,3,2,DECK_OUT,
tier2,2026-07-03T18:08:03,tier2-run1,lucario,abomasnow,abomasnow,-1,1,14,5,1,3,8,DECK_OUT,
tier2,2026-07-03T18:08:03,tier2-run1,lucario,abomasnow,abomasnow,-1,1,18,3,1,5,12,DECK_OUT,
tier2,2026-07-03T18:08:03,tier2-run1,lucario,abomasnow,lucario,1,-1,11,2,0,5,6,OTHER,
tier2,2026-07-03T18:08:03,tier2-run1,lucario,abomasnow,abomasnow,-1,1,24,1,4,15,12,DECK_OUT,
tier2,2026-07-03T18:08:03,tier2-run1,lucario,abomasnow,lucario,1,-1,15,5,0,3,,OTHER,
tier2,2026-07-03T18:08:03,tier2-run1,lucario,abomasnow,lucario,1,-1,13,4,2,3,4,DECK_OUT,
tier2,2026-07-03T18:08:03,tier2-run1,lucario,abomasnow,lucario,1,-1,17,1,1,15,8,DECK_OUT,
tier2,2026-07-03T18:08:03,tier2-run1,lucario,abomasnow,abomasnow,-1,1,14,0,5,11,2,OTHER,
tier2,2026-07-03T18:08:03,tier2-run1,lucario,abomasnow,lucario,1,-1,15,4,3,5,4,DECK_OUT,
tier2,2026-07-03T18:08:03,tier2-run1,lucario,abomasnow,abomasnow,-1,1,16,5,1,3,2,DECK_OUT,
tier2,2026-07-03T18:08:03,tier2-run1,lucario,abomasnow,abomasnow,-1,1,18,1,2,3,6,DECK_OUT,
tier2,2026-07-03T18:08:03,tier2-run1,lucario,abomasnow,lucario,1,-1,17,5,3,7,12,DECK_OUT,
tier2,2026-07-03T18:08:03,tier2-run1,lucario,abomasnow,abomasnow,-1,1,16,4,4,5,6,DECK_OUT,
tier2,2026-07-03T18:08:03,tier2-run1,lucario,abomasnow,lucario,1,-1,19,1,2,3,12,DECK_OUT,
tier2,2026-07-03T18:08:03,tier2-run1,lucario,abomasnow,abomasnow,-1,1,18,5,2,5,2,DECK_OUT,
tier2,2026-07-03T18:08:03,tier2-run1,lucario,abomasnow,lucario,1,-1,19,4,4,13,2,DECK_OUT,
tier2,2026-07-03T18:08:03,tier2-run1,lucario,abomasnow,abomasnow,-1,1,16,0,5,3,2,OTHER,
tier2,2026-07-03T18:08:03,tier2-run1,lucario,abomasnow,lucario,1,-1,17,2,2,9,2,DECK_OUT,
tier2,2026-07-03T18:08:03,tier2-run1,lucario,abomasnow,abomasnow,-1,1,18,1,3,3,4,DECK_OUT,
tier2,2026-07-03T18:08:03,tier2-run1,lucario,abomasnow,abomasnow,-1,1,20,4,2,3,2,DECK_OUT,
tier2,2026-07-03T18:08:03,tier2-run1,lucario,abomasnow,abomasnow,-1,1,18,4,5,9,2,DECK_OUT,
tier2,2026-07-03T18:08:03,tier2-run1,lucario,abomasnow,lucario,1,-1,15,5,2,3,4,DECK_OUT,
tier2,2026-07-03T18:08:03,tier2-run1,lucario,abomasnow,lucario,1,-1,15,5,3,3,10,OTHER,
tier2,2026-07-03T18:08:03,tier2-run1,lucario,abomasnow,lucario,1,-1,13,4,2,3,2,DECK_OUT,
tier2,2026-07-03T18:08:03,tier2-run1,lucario,abomasnow,abomasnow,-1,1,16,0,5,,2,OTHER,
tier2,2026-07-03T18:08:03,tier2-run1,lucario,abomasnow,lucario,1,-1,13,2,5,11,2,DECK_OUT,
tier2,2026-07-03T18:08:03,tier2-run1,lucario,abomasnow,lucario,1,-1,13,3,2,7,8,DECK_OUT,
tier2,2026-07-03T18:08:03,tier2-run1,lucario,abomasnow,lucario,1,-1,13,4,2,3,2,DECK_OUT,
tier2,2026-07-03T18:08:03,tier2-run1,lucario,abomasnow,lucario,1,-1,13,4,3,3,2,DECK_OUT,
tier2,2026-07-03T18:08:03,tier2-run1,lucario,abomasnow,abomasnow,-1,1,3,0,0,,,OTHER,
tier2,2026-07-03T18:08:03,tier2-run1,lucario,abomasnow,lucario,1,-1,15,1,3,15,2,DECK_OUT,
tier2,2026-07-03T18:08:03,tier2-run1,lucario,abomasnow,lucario,1,-1,13,4,4,5,2,DECK_OUT,
tier2,2026-07-03T18:08:03,tier2-run1,lucario,abomasnow,abomasnow,-1,1,14,1,5,7,4,OTHER,
tier2,2026-07-03T18:08:03,tier2-run1,lucario,abomasnow,abomasnow,-1,1,18,1,0,3,14,DECK_OUT,
tier2,2026-07-03T18:08:03,tier2-run1,lucario,abomasnow,lucario,1,-1,4,0,0,,,OTHER,
tier2,2026-07-03T18:08:03,tier2-run1,lucario,abomasnow,lucario,1,-1,11,3,1,3,4,DECK_OUT,
tier2,2026-07-03T18:08:03,tier2-run1,lucario,abomasnow,abomasnow,-1,1,12,1,3,3,4,DECK_OUT,
tier2,2026-07-03T18:08:03,tier2-run1,lucario,abomasnow,abomasnow,-1,1,12,1,1,3,10,DECK_OUT,
tier2,2026-07-03T18:08:03,tier2-run1,lucario,abomasnow,lucario,1,-1,4,0,0,,2,OTHER,
tier2,2026-07-03T18:08:03,tier2-run1,lucario,abomasnow,lucario,1,-1,15,4,1,3,2,DECK_OUT,
tier2,2026-07-03T18:08:03,tier2-run1,lucario,abomasnow,lucario,1,-1,27,0,0,,4,DECK_OUT,
tier2,2026-07-03T18:08:03,tier2-run1,lucario,abomasnow,abomasnow,-1,1,16,1,2,15,2,DECK_OUT,
tier2,2026-07-03T18:08:03,tier2-run1,lucario,abomasnow,abomasnow,-1,1,16,0,0,,8,DECK_OUT,
tier2,2026-07-03T18:08:03,tier2-run1,lucario,abomasnow,abomasnow,-1,1,12,3,2,3,4,DECK_OUT,
tier2,2026-07-03T18:08:03,tier2-run1,lucario,abomasnow,abomasnow,-1,1,16,0,5,9,2,OTHER,
tier2,2026-07-03T18:08:03,tier2-run1,lucario,abomasnow,abomasnow,-1,1,20,0,2,,16,DECK_OUT,
tier2,2026-07-03T18:08:03,tier2-run1,lucario,abomasnow,lucario,1,-1,19,5,1,3,8,DECK_OUT,
tier2,2026-07-03T18:08:03,tier2-run1,lucario,abomasnow,lucario,1,-1,13,2,0,5,4,DECK_OUT,
tier2,2026-07-03T18:08:03,tier2-run1,lucario,abomasnow,abomasnow,-1,1,3,0,0,,2,OTHER,
tier2,2026-07-03T18:08:03,tier2-run1,lucario,abomasnow,abomasnow,-1,1,3,0,0,,2,OTHER,
tier2,2026-07-03T18:08:03,tier2-run1,lucario,abomasnow,lucario,1,-1,17,4,2,11,8,DECK_OUT,
tier2,2026-07-03T18:08:03,tier2-run1,lucario,abomasnow,abomasnow,-1,1,14,3,2,9,8,DECK_OUT,
tier2,2026-07-03T18:08:03,tier2-run1,lucario,abomasnow,abomasnow,-1,1,22,0,5,9,2,OTHER,
tier2,2026-07-03T18:08:03,tier2-run1,lucario,abomasnow,lucario,1,-1,13,5,2,3,2,DECK_OUT,
tier2,2026-07-03T18:08:03,tier2-run1,lucario,abomasnow,lucario,1,-1,13,3,0,9,8,DECK_OUT,
tier2,2026-07-03T18:08:03,tier2-run1,lucario,abomasnow,abomasnow,-1,1,16,2,2,3,2,DECK_OUT,
tier2,2026-07-03T18:08:03,tier2-run1,lucario,abomasnow,lucario,1,-1,17,5,2,3,4,DECK_OUT,
tier2,2026-07-03T18:08:03,tier2-run1,abomasnow,lucario,lucario,-1,1,14,1,5,7,2,OTHER,
tier2,2026-07-03T18:08:03,tier2-run1,abomasnow,lucario,abomasnow,1,-1,13,1,3,5,4,DECK_OUT,
tier2,2026-07-03T18:08:03,tier2-run1,abomasnow,lucario,abomasnow,1,-1,17,4,2,5,2,DECK_OUT,
tier2,2026-07-03T18:08:03,tier2-run1,abomasnow,lucario,abomasnow,1,-1,4,0,0,,,OTHER,
tier2,2026-07-03T18:08:03,tier2-run1,abomasnow,lucario,lucario,-1,1,16,4,2,5,2,DECK_OUT,
tier2,2026-07-03T18:08:03,tier2-run1,abomasnow,lucario,lucario,-1,1,10,2,2,5,6,DECK_OUT,
tier2,2026-07-03T18:08:03,tier2-run1,abomasnow,lucario,abomasnow,1,-1,15,3,5,5,6,DECK_OUT,
tier2,2026-07-03T18:08:03,tier2-run1,abomasnow,lucario,abomasnow,1,-1,6,1,0,3,2,OTHER,
tier2,2026-07-03T18:08:03,tier2-run1,abomasnow,lucario,lucario,-1,1,12,3,4,7,2,DECK_OUT,
tier2,2026-07-03T18:08:03,tier2-run1,abomasnow,lucario,lucario,-1,1,3,0,0,,2,OTHER,
tier2,2026-07-03T18:08:03,tier2-run1,abomasnow,lucario,abomasnow,1,-1,19,2,5,3,4,DECK_OUT,
tier2,2026-07-03T18:08:03,tier2-run1,abomasnow,lucario,abomasnow,1,-1,17,1,0,15,8,DECK_OUT,
tier2,2026-07-03T18:08:03,tier2-run1,abomasnow,lucario,abomasnow,1,-1,11,4,0,3,8,DECK_OUT,
tier2,2026-07-03T18:08:03,tier2-run1,abomasnow,lucario,abomasnow,1,-1,15,5,2,3,4,DECK_OUT,
tier2,2026-07-03T18:08:03,tier2-run1,abomasnow,lucario,abomasnow,1,-1,17,4,1,3,6,DECK_OUT,
tier2,2026-07-03T18:08:03,tier2-run1,abomasnow,lucario,abomasnow,1,-1,17,5,1,9,12,DECK_OUT,
tier2,2026-07-03T18:08:03,tier2-run1,abomasnow,lucario,abomasnow,1,-1,15,2,3,3,2,DECK_OUT,
tier2,2026-07-03T18:08:03,tier2-run1,abomasnow,lucario,abomasnow,1,-1,11,2,1,3,2,DECK_OUT,
tier2,2026-07-03T18:08:03,tier2-run1,abomasnow,lucario,lucario,-1,1,22,0,0,,2,DECK_OUT,
tier2,2026-07-03T18:08:03,tier2-run1,abomasnow,lucario,lucario,-1,1,20,0,1,7,4,DECK_OUT,
tier2,2026-07-03T18:08:03,tier2-run1,abomasnow,lucario,lucario,-1,1,14,4,2,3,6,DECK_OUT,
tier2,2026-07-03T18:08:03,tier2-run1,abomasnow,lucario,lucario,-1,1,16,0,4,3,4,DECK_OUT,
tier2,2026-07-03T18:08:03,tier2-run1,abomasnow,lucario,lucario,-1,1,18,0,5,,4,OTHER,
tier2,2026-07-03T18:08:03,tier2-run1,abomasnow,lucario,abomasnow,1,-1,13,3,3,3,2,DECK_OUT,
tier2,2026-07-03T18:08:03,tier2-run1,abomasnow,lucario,abomasnow,1,-1,5,0,0,5,4,OTHER,
tier2,2026-07-03T18:08:03,tier2-run1,abomasnow,lucario,lucario,-1,1,14,4,3,3,4,DECK_OUT,
tier2,2026-07-03T18:08:03,tier2-run1,abomasnow,lucario,abomasnow,1,-1,13,2,1,7,6,DECK_OUT,
tier2,2026-07-03T18:08:03,tier2-run1,abomasnow,lucario,lucario,-1,1,16,2,1,7,6,DECK_OUT,
tier2,2026-07-03T18:08:03,tier2-run1,abomasnow,lucario,abomasnow,1,-1,15,5,1,3,12,DECK_OUT,
tier2,2026-07-03T18:08:03,tier2-run1,abomasnow,lucario,abomasnow,1,-1,15,5,0,5,14,OTHER,
tier2,2026-07-03T18:08:03,tier2-run1,abomasnow,lucario,abomasnow,1,-1,21,4,3,9,14,DECK_OUT,
tier2,2026-07-03T18:08:03,tier2-run1,abomasnow,lucario,lucario,-1,1,3,0,0,,,OTHER,
tier2,2026-07-03T18:08:03,tier2-run1,abomasnow,lucario,abomasnow,1,-1,13,3,3,7,6,DECK_OUT,
tier2,2026-07-03T18:08:03,tier2-run1,abomasnow,lucario,abomasnow,1,-1,4,0,0,,,OTHER,
tier2,2026-07-03T18:08:03,tier2-run1,abomasnow,lucario,lucario,-1,1,14,3,5,3,4,DECK_OUT,
tier2,2026-07-03T18:08:03,tier2-run1,abomasnow,lucario,lucario,-1,1,18,5,0,3,18,DECK_OUT,
tier2,2026-07-03T18:08:03,tier2-run1,abomasnow,lucario,abomasnow,1,-1,15,5,1,3,4,DECK_OUT,
tier2,2026-07-03T18:08:03,tier2-run1,abomasnow,lucario,abomasnow,1,-1,13,5,2,5,10,DECK_OUT,
tier2,2026-07-03T18:08:03,tier2-run1,abomasnow,lucario,lucario,-1,1,14,2,2,5,2,DECK_OUT,
tier2,2026-07-03T18:08:03,tier2-run1,abomasnow,lucario,lucario,-1,1,3,0,0,,,OTHER,
tier2,2026-07-03T18:08:03,tier2-run1,abomasnow,lucario,lucario,-1,1,14,3,2,5,6,DECK_OUT,
tier2,2026-07-03T18:08:03,tier2-run1,abomasnow,lucario,lucario,-1,1,14,2,1,3,2,DECK_OUT,
tier2,2026-07-03T18:08:03,tier2-run1,abomasnow,lucario,abomasnow,1,-1,15,5,2,3,6,DECK_OUT,
tier2,2026-07-03T18:08:03,tier2-run1,abomasnow,lucario,lucario,-1,1,14,2,4,7,6,OTHER,
tier2,2026-07-03T18:08:03,tier2-run1,abomasnow,lucario,lucario,-1,1,14,0,5,13,4,DECK_OUT,
tier2,2026-07-03T18:08:03,tier2-run1,abomasnow,lucario,abomasnow,1,-1,15,4,3,3,2,DECK_OUT,
tier2,2026-07-03T18:08:03,tier2-run1,abomasnow,lucario,lucario,-1,1,18,3,0,11,6,DECK_OUT,
tier2,2026-07-03T18:08:03,tier2-run1,abomasnow,lucario,abomasnow,1,-1,17,3,2,3,4,DECK_OUT,
tier2,2026-07-03T18:08:03,tier2-run1,abomasnow,lucario,abomasnow,1,-1,19,4,0,13,,DECK_OUT,
tier2,2026-07-03T18:08:03,tier2-run1,abomasnow,lucario,abomasnow,1,-1,13,5,3,5,2,DECK_OUT,
tier2,2026-07-03T18:08:03,tier2-run1,abomasnow,lucario,lucario,-1,1,14,1,4,3,4,DECK_OUT,
tier2,2026-07-03T18:08:03,tier2-run1,abomasnow,lucario,lucario,-1,1,14,0,2,7,2,DECK_OUT,
tier2,2026-07-03T18:08:03,tier2-run1,abomasnow,lucario,abomasnow,1,-1,13,4,4,3,2,DECK_OUT,
tier2,2026-07-03T18:08:03,tier2-run1,abomasnow,lucario,abomasnow,1,-1,13,4,3,3,2,DECK_OUT,
tier2,2026-07-03T18:08:03,tier2-run1,abomasnow,lucario,abomasnow,1,-1,15,5,1,3,2,DECK_OUT,
tier2,2026-07-03T18:08:03,tier2-run1,abomasnow,lucario,abomasnow,1,-1,13,5,1,3,12,DECK_OUT,
tier2,2026-07-03T18:08:03,tier2-run1,abomasnow,lucario,lucario,-1,1,20,4,2,5,10,DECK_OUT,
tier2,2026-07-03T18:08:03,tier2-run1,abomasnow,lucario,lucario,-1,1,12,3,3,3,4,DECK_OUT,
tier2,2026-07-03T18:08:03,tier2-run1,abomasnow,lucario,lucario,-1,1,14,2,3,3,2,DECK_OUT,
tier2,2026-07-03T18:08:03,tier2-run1,abomasnow,lucario,lucario,-1,1,14,3,2,3,2,DECK_OUT,
tier2,2026-07-03T18:08:03,tier2-run1,abomasnow,lucario,lucario,-1,1,14,2,5,3,2,DECK_OUT,
tier2,2026-07-03T18:08:03,tier2-run1,abomasnow,lucario,lucario,-1,1,20,1,3,3,6,DECK_OUT,
tier2,2026-07-03T18:08:03,tier2-run1,abomasnow,lucario,abomasnow,1,-1,11,1,2,3,6,DECK_OUT,
tier2,2026-07-03T18:08:03,tier2-run1,abomasnow,lucario,lucario,-1,1,14,5,4,3,6,DECK_OUT,
tier2,2026-07-03T18:08:03,tier2-run1,abomasnow,lucario,abomasnow,1,-1,17,3,0,7,4,DECK_OUT,
tier2,2026-07-03T18:08:03,tier2-run1,abomasnow,lucario,lucario,-1,1,22,3,3,11,4,DECK_OUT,
tier2,2026-07-03T18:08:03,tier2-run1,abomasnow,lucario,lucario,-1,1,14,5,1,5,4,DECK_OUT,
tier2,2026-07-03T18:08:03,tier2-run1,abomasnow,lucario,lucario,-1,1,10,0,2,5,2,DECK_OUT,
tier2,2026-07-03T18:08:03,tier2-run1,abomasnow,lucario,abomasnow,1,-1,25,3,2,3,2,DECK_OUT,
tier2,2026-07-03T18:08:03,tier2-run1,abomasnow,lucario,abomasnow,1,-1,13,5,1,5,2,DECK_OUT,
tier2,2026-07-03T18:08:03,tier2-run1,abomasnow,lucario,abomasnow,1,-1,11,0,0,7,,OTHER,
tier2,2026-07-03T18:08:03,tier2-run1,abomasnow,lucario,abomasnow,1,-1,19,2,4,15,2,DECK_OUT,
tier2,2026-07-03T18:08:03,tier2-run1,abomasnow,lucario,abomasnow,1,-1,12,4,0,3,,OTHER,
tier2,2026-07-03T18:08:03,tier2-run1,abomasnow,lucario,lucario,-1,1,14,2,2,7,8,DECK_OUT,
tier2,2026-07-03T18:08:03,tier2-run1,abomasnow,lucario,abomasnow,1,-1,11,4,1,3,6,DECK_OUT,
tier2,2026-07-03T18:08:03,tier2-run1,abomasnow,lucario,lucario,-1,1,9,0,1,,4,OTHER,
tier2,2026-07-03T18:08:03,tier2-run1,abomasnow,lucario,lucario,-1,1,12,4,2,3,8,DECK_OUT,
tier2,2026-07-03T18:08:03,tier2-run1,abomasnow,lucario,lucario,-1,1,3,0,0,,,OTHER,
tier2,2026-07-03T18:08:03,tier2-run1,abomasnow,lucario,abomasnow,1,-1,15,5,1,3,10,DECK_OUT,
tier2,2026-07-03T18:08:03,tier2-run1,abomasnow,lucario,lucario,-1,1,18,2,2,3,6,DECK_OUT,
tier2,2026-07-03T18:08:03,tier2-run1,abomasnow,lucario,lucario,-1,1,22,3,4,11,12,OTHER,
tier2,2026-07-03T18:08:03,tier2-run1,abomasnow,lucario,abomasnow,1,-1,4,0,0,,,OTHER,
tier2,2026-07-03T18:08:03,tier2-run1,abomasnow,lucario,lucario,-1,1,14,5,3,5,6,DECK_OUT,
tier2,2026-07-03T18:08:03,tier2-run1,abomasnow,lucario,abomasnow,1,-1,17,4,2,5,2,DECK_OUT,
tier2,2026-07-03T18:08:03,tier2-run1,abomasnow,lucario,abomasnow,1,-1,15,5,0,3,4,OTHER,
tier2,2026-07-03T18:08:03,tier2-run1,abomasnow,lucario,abomasnow,1,-1,17,2,5,11,4,DECK_OUT,
tier2,2026-07-03T18:08:03,tier2-run1,abomasnow,lucario,abomasnow,1,-1,15,2,3,11,6,DECK_OUT,
tier2,2026-07-03T18:08:03,tier2-run1,abomasnow,lucario,lucario,-1,1,12,4,2,3,8,DECK_OUT,
tier2,2026-07-03T18:08:03,tier2-run1,abomasnow,lucario,abomasnow,1,-1,15,5,0,3,2,DECK_OUT,
tier2,2026-07-03T18:08:03,tier2-run1,abomasnow,lucario,abomasnow,1,-1,15,1,3,15,6,DECK_OUT,
tier2,2026-07-03T18:08:03,tier2-run1,abomasnow,lucario,abomasnow,1,-1,13,2,4,3,2,DECK_OUT,
tier2,2026-07-03T18:08:03,tier2-run1,abomasnow,lucario,abomasnow,1,-1,7,1,0,3,2,OTHER,
tier2,2026-07-03T18:08:03,tier2-run1,abomasnow,lucario,lucario,-1,1,22,0,1,3,2,DECK_OUT,
tier2,2026-07-03T18:08:03,tier2-run1,abomasnow,lucario,lucario,-1,1,14,0,5,11,4,OTHER,
tier2,2026-07-03T18:08:03,tier2-run1,abomasnow,lucario,lucario,-1,1,14,1,3,5,6,DECK_OUT,
tier2,2026-07-03T18:08:03,tier2-run1,abomasnow,lucario,lucario,-1,1,20,0,3,3,8,DECK_OUT,
tier2,2026-07-03T18:08:03,tier2-run1,abomasnow,lucario,abomasnow,1,-1,13,2,2,3,4,DECK_OUT,
tier2,2026-07-03T18:08:03,tier2-run1,abomasnow,lucario,abomasnow,1,-1,15,3,3,11,4,DECK_OUT,
tier2,2026-07-03T18:08:03,tier2-run1,abomasnow,lucario,abomasnow,1,-1,15,3,2,3,2,DECK_OUT,
tier2,2026-07-03T18:08:03,tier2-run1,abomasnow,lucario,lucario,-1,1,16,2,4,9,2,DECK_OUT,
tier2,2026-07-03T18:08:36,tier2-run1,lucario,starmie,starmie,-1,1,14,4,2,7,2,DECK_OUT,
tier2,2026-07-03T18:08:36,tier2-run1,lucario,starmie,starmie,-1,1,3,0,0,,,OTHER,
tier2,2026-07-03T18:08:36,tier2-run1,lucario,starmie,lucario,1,-1,17,4,2,3,2,DECK_OUT,
tier2,2026-07-03T18:08:36,tier2-run1,lucario,starmie,starmie,-1,1,10,4,2,3,2,DECK_OUT,
tier2,2026-07-03T18:08:36,tier2-run1,lucario,starmie,starmie,-1,1,16,3,0,5,,DECK_OUT,
tier2,2026-07-03T18:08:36,tier2-run1,lucario,starmie,lucario,1,-1,21,4,4,17,2,DECK_OUT,
tier2,2026-07-03T18:08:36,tier2-run1,lucario,starmie,lucario,1,-1,15,4,2,3,2,DECK_OUT,
tier2,2026-07-03T18:08:36,tier2-run1,lucario,starmie,starmie,-1,1,12,5,2,5,8,DECK_OUT,
tier2,2026-07-03T18:08:36,tier2-run1,lucario,starmie,starmie,-1,1,8,0,1,7,2,NO_POKEMON_IN_PLAY,
tier2,2026-07-03T18:08:36,tier2-run1,lucario,starmie,starmie,-1,1,3,0,0,,,OTHER,
tier2,2026-07-03T18:08:36,tier2-run1,lucario,starmie,starmie,-1,1,12,5,0,3,12,DECK_OUT,
tier2,2026-07-03T18:08:36,tier2-run1,lucario,starmie,lucario,1,-1,19,3,5,3,10,DECK_OUT,
tier2,2026-07-03T18:08:36,tier2-run1,lucario,starmie,lucario,1,-1,15,2,3,3,2,DECK_OUT,
tier2,2026-07-03T18:08:36,tier2-run1,lucario,starmie,starmie,-1,1,18,3,5,3,8,DECK_OUT,
tier2,2026-07-03T18:08:36,tier2-run1,lucario,starmie,lucario,1,-1,15,5,1,3,8,DECK_OUT,
tier2,2026-07-03T18:08:36,tier2-run1,lucario,starmie,starmie,-1,1,16,0,5,3,2,OTHER,
tier2,2026-07-03T18:08:36,tier2-run1,lucario,starmie,starmie,-1,1,12,3,2,3,2,DECK_OUT,
tier2,2026-07-03T18:08:36,tier2-run1,lucario,starmie,lucario,1,-1,7,0,0,7,,OTHER,
tier2,2026-07-03T18:08:36,tier2-run1,lucario,starmie,starmie,-1,1,16,2,5,9,2,DECK_OUT,
tier2,2026-07-03T18:08:36,tier2-run1,lucario,starmie,starmie,-1,1,18,3,1,7,2,DECK_OUT,
tier2,2026-07-03T18:08:36,tier2-run1,lucario,starmie,lucario,1,-1,13,4,3,3,8,DECK_OUT,
tier2,2026-07-03T18:08:36,tier2-run1,lucario,starmie,starmie,-1,1,12,4,3,5,4,DECK_OUT,
tier2,2026-07-03T18:08:36,tier2-run1,lucario,starmie,lucario,1,-1,21,0,0,,2,DECK_OUT,
tier2,2026-07-03T18:08:36,tier2-run1,lucario,starmie,lucario,1,-1,11,5,1,3,6,DECK_OUT,
tier2,2026-07-03T18:08:36,tier2-run1,lucario,starmie,starmie,-1,1,16,4,5,3,6,DECK_OUT,
tier2,2026-07-03T18:08:36,tier2-run1,lucario,starmie,starmie,-1,1,18,1,1,7,8,DECK_OUT,
tier2,2026-07-03T18:08:36,tier2-run1,lucario,starmie,starmie,-1,1,14,1,1,11,6,DECK_OUT,
tier2,2026-07-03T18:08:36,tier2-run1,lucario,starmie,starmie,-1,1,20,0,5,3,6,DECK_OUT,
tier2,2026-07-03T18:08:36,tier2-run1,lucario,starmie,lucario,1,-1,15,4,4,3,4,DECK_OUT,
tier2,2026-07-03T18:08:36,tier2-run1,lucario,starmie,starmie,-1,1,16,3,3,7,2,DECK_OUT,
tier2,2026-07-03T18:08:36,tier2-run1,lucario,starmie,starmie,-1,1,16,2,5,5,4,DECK_OUT,
tier2,2026-07-03T18:08:36,tier2-run1,lucario,starmie,lucario,1,-1,9,1,0,7,,OTHER,
tier2,2026-07-03T18:08:36,tier2-run1,lucario,starmie,lucario,1,-1,11,4,2,3,6,DECK_OUT,
tier2,2026-07-03T18:08:36,tier2-run1,lucario,starmie,lucario,1,-1,15,5,0,3,8,OTHER,
tier2,2026-07-03T18:08:36,tier2-run1,lucario,starmie,starmie,-1,1,14,4,2,5,6,DECK_OUT,
tier2,2026-07-03T18:08:36,tier2-run1,lucario,starmie,starmie,-1,1,14,3,3,5,6,DECK_OUT,
tier2,2026-07-03T18:08:36,tier2-run1,lucario,starmie,starmie,-1,1,14,1,1,9,4,DECK_OUT,
tier2,2026-07-03T18:08:36,tier2-run1,lucario,starmie,lucario,1,-1,6,1,0,3,,OTHER,
tier2,2026-07-03T18:08:36,tier2-run1,lucario,starmie,starmie,-1,1,8,0,1,5,2,NO_POKEMON_IN_PLAY,
tier2,2026-07-03T18:08:36,tier2-run1,lucario,starmie,lucario,1,-1,15,5,0,3,4,DECK_OUT,
tier2,2026-07-03T18:08:36,tier2-run1,lucario,starmie,lucario,1,-1,15,2,3,9,2,DECK_OUT,
tier2,2026-07-03T18:08:36,tier2-run1,lucario,starmie,lucario,1,-1,19,0,3,11,8,DECK_OUT,
tier2,2026-07-03T18:08:36,tier2-run1,lucario,starmie,starmie,-1,1,22,2,0,3,8,DECK_OUT,
tier2,2026-07-03T18:08:36,tier2-run1,lucario,starmie,starmie,-1,1,12,3,2,5,8,DECK_OUT,
tier2,2026-07-03T18:08:36,tier2-run1,lucario,starmie,lucario,1,-1,17,2,1,3,4,DECK_OUT,
tier2,2026-07-03T18:08:36,tier2-run1,lucario,starmie,starmie,-1,1,16,1,3,13,4,DECK_OUT,
tier2,2026-07-03T18:08:36,tier2-run1,lucario,starmie,lucario,1,-1,15,4,0,7,6,DECK_OUT,
tier2,2026-07-03T18:08:36,tier2-run1,lucario,starmie,lucario,1,-1,15,3,0,3,8,DECK_OUT,
tier2,2026-07-03T18:08:36,tier2-run1,lucario,starmie,starmie,-1,1,20,0,0,7,2,DECK_OUT,
tier2,2026-07-03T18:08:36,tier2-run1,lucario,starmie,lucario,1,-1,15,4,4,9,2,DECK_OUT,
tier2,2026-07-03T18:08:36,tier2-run1,lucario,starmie,starmie,-1,1,16,3,3,5,2,DECK_OUT,
tier2,2026-07-03T18:08:36,tier2-run1,lucario,starmie,starmie,-1,1,16,3,5,9,6,DECK_OUT,
tier2,2026-07-03T18:08:36,tier2-run1,lucario,starmie,starmie,-1,1,18,2,3,15,12,DECK_OUT,
tier2,2026-07-03T18:08:36,tier2-run1,lucario,starmie,starmie,-1,1,8,0,0,,4,NO_POKEMON_IN_PLAY,
tier2,2026-07-03T18:08:36,tier2-run1,lucario,starmie,lucario,1,-1,11,5,1,3,4,DECK_OUT,
tier2,2026-07-03T18:08:36,tier2-run1,lucario,starmie,starmie,-1,1,14,2,3,7,6,DECK_OUT,
tier2,2026-07-03T18:08:36,tier2-run1,lucario,starmie,starmie,-1,1,20,1,1,3,18,DECK_OUT,
tier2,2026-07-03T18:08:36,tier2-run1,lucario,starmie,lucario,1,-1,15,0,1,9,4,DECK_OUT,
tier2,2026-07-03T18:08:36,tier2-run1,lucario,starmie,starmie,-1,1,16,4,2,7,4,DECK_OUT,
tier2,2026-07-03T18:08:36,tier2-run1,lucario,starmie,lucario,1,-1,17,5,1,3,2,DECK_OUT,
tier2,2026-07-03T18:08:36,tier2-run1,lucario,starmie,starmie,-1,1,14,4,4,3,6,DECK_OUT,
tier2,2026-07-03T18:08:36,tier2-run1,lucario,starmie,lucario,1,-1,13,4,1,3,4,DECK_OUT,
tier2,2026-07-03T18:08:36,tier2-run1,lucario,starmie,starmie,-1,1,12,2,0,5,,DECK_OUT,
tier2,2026-07-03T18:08:36,tier2-run1,lucario,starmie,starmie,-1,1,12,4,1,5,2,DECK_OUT,
tier2,2026-07-03T18:08:36,tier2-run1,lucario,starmie,starmie,-1,1,14,1,2,13,8,DECK_OUT,
tier2,2026-07-03T18:08:36,tier2-run1,lucario,starmie,starmie,-1,1,12,2,3,3,6,DECK_OUT,
tier2,2026-07-03T18:08:36,tier2-run1,lucario,starmie,lucario,1,-1,19,0,0,,2,DECK_OUT,
tier2,2026-07-03T18:08:36,tier2-run1,lucario,starmie,lucario,1,-1,15,5,1,3,2,OTHER,
tier2,2026-07-03T18:08:36,tier2-run1,lucario,starmie,lucario,1,-1,15,3,3,3,2,DECK_OUT,
tier2,2026-07-03T18:08:36,tier2-run1,lucario,starmie,lucario,1,-1,17,3,0,3,4,DECK_OUT,
tier2,2026-07-03T18:08:36,tier2-run1,lucario,starmie,lucario,1,-1,13,0,3,,2,DECK_OUT,
tier2,2026-07-03T18:08:36,tier2-run1,lucario,starmie,starmie,-1,1,16,3,4,7,2,DECK_OUT,
tier2,2026-07-03T18:08:36,tier2-run1,lucario,starmie,starmie,-1,1,14,2,4,5,2,DECK_OUT,
tier2,2026-07-03T18:08:36,tier2-run1,lucario,starmie,lucario,1,-1,3,0,0,3,,OTHER,
tier2,2026-07-03T18:08:36,tier2-run1,lucario,starmie,lucario,1,-1,11,4,0,3,6,OTHER,
tier2,2026-07-03T18:08:36,tier2-run1,lucario,starmie,lucario,1,-1,19,1,0,17,2,OTHER,
tier2,2026-07-03T18:08:36,tier2-run1,lucario,starmie,starmie,-1,1,18,4,3,3,8,DECK_OUT,
tier2,2026-07-03T18:08:36,tier2-run1,lucario,starmie,starmie,-1,1,14,0,4,3,2,DECK_OUT,
tier2,2026-07-03T18:08:36,tier2-run1,lucario,starmie,starmie,-1,1,20,1,2,19,14,DECK_OUT,
tier2,2026-07-03T18:08:36,tier2-run1,lucario,starmie,starmie,-1,1,18,5,4,5,4,DECK_OUT,
tier2,2026-07-03T18:08:36,tier2-run1,lucario,starmie,lucario,1,-1,13,5,0,3,2,OTHER,
tier2,2026-07-03T18:08:36,tier2-run1,lucario,starmie,starmie,-1,1,16,4,1,3,8,DECK_OUT,
tier2,2026-07-03T18:08:36,tier2-run1,lucario,starmie,lucario,1,-1,13,5,2,3,2,DECK_OUT,
tier2,2026-07-03T18:08:36,tier2-run1,lucario,starmie,starmie,-1,1,14,0,5,11,6,DECK_OUT,
tier2,2026-07-03T18:08:36,tier2-run1,lucario,starmie,starmie,-1,1,12,2,2,3,6,DECK_OUT,
tier2,2026-07-03T18:08:36,tier2-run1,lucario,starmie,starmie,-1,1,3,0,0,,,OTHER,
tier2,2026-07-03T18:08:36,tier2-run1,lucario,starmie,starmie,-1,1,16,4,1,3,4,DECK_OUT,
tier2,2026-07-03T18:08:36,tier2-run1,lucario,starmie,starmie,-1,1,14,2,2,5,2,DECK_OUT,
tier2,2026-07-03T18:08:36,tier2-run1,lucario,starmie,lucario,1,-1,17,1,2,17,14,DECK_OUT,
tier2,2026-07-03T18:08:36,tier2-run1,lucario,starmie,lucario,1,-1,21,3,0,3,8,DECK_OUT,
tier2,2026-07-03T18:08:36,tier2-run1,lucario,starmie,lucario,1,-1,15,4,0,3,12,DECK_OUT,
tier2,2026-07-03T18:08:36,tier2-run1,lucario,starmie,lucario,1,-1,4,0,0,,2,OTHER,
tier2,2026-07-03T18:08:36,tier2-run1,lucario,starmie,starmie,-1,1,16,0,4,3,2,DECK_OUT,
tier2,2026-07-03T18:08:36,tier2-run1,lucario,starmie,starmie,-1,1,14,5,1,5,2,DECK_OUT,
tier2,2026-07-03T18:08:36,tier2-run1,lucario,starmie,starmie,-1,1,14,2,2,5,2,DECK_OUT,
tier2,2026-07-03T18:08:36,tier2-run1,lucario,starmie,lucario,1,-1,21,1,0,3,20,DECK_OUT,
tier2,2026-07-03T18:08:36,tier2-run1,lucario,starmie,lucario,1,-1,13,3,2,3,8,DECK_OUT,
tier2,2026-07-03T18:08:36,tier2-run1,lucario,starmie,starmie,-1,1,3,0,0,,2,OTHER,
tier2,2026-07-03T18:08:36,tier2-run1,lucario,starmie,starmie,-1,1,24,0,0,5,10,DECK_OUT,
tier2,2026-07-03T18:08:36,tier2-run1,lucario,starmie,starmie,-1,1,12,3,2,3,6,DECK_OUT,
tier2,2026-07-03T18:08:36,tier2-run1,starmie,lucario,starmie,1,-1,17,3,1,9,4,DECK_OUT,
tier2,2026-07-03T18:08:36,tier2-run1,starmie,lucario,starmie,1,-1,13,5,2,3,6,DECK_OUT,
tier2,2026-07-03T18:08:36,tier2-run1,starmie,lucario,starmie,1,-1,11,2,3,3,4,DECK_OUT,
tier2,2026-07-03T18:08:36,tier2-run1,starmie,lucario,starmie,1,-1,15,5,3,3,2,DECK_OUT,
tier2,2026-07-03T18:08:36,tier2-run1,starmie,lucario,lucario,-1,1,14,4,2,3,2,DECK_OUT,
tier2,2026-07-03T18:08:36,tier2-run1,starmie,lucario,starmie,1,-1,15,4,1,3,10,DECK_OUT,
tier2,2026-07-03T18:08:36,tier2-run1,starmie,lucario,lucario,-1,1,14,3,2,3,2,DECK_OUT,
tier2,2026-07-03T18:08:36,tier2-run1,starmie,lucario,lucario,-1,1,20,0,0,,8,DECK_OUT,
tier2,2026-07-03T18:08:36,tier2-run1,starmie,lucario,starmie,1,-1,9,0,1,,4,DECK_OUT,
tier2,2026-07-03T18:08:36,tier2-run1,starmie,lucario,starmie,1,-1,19,0,0,9,4,DECK_OUT,
tier2,2026-07-03T18:08:36,tier2-run1,starmie,lucario,lucario,-1,1,12,1,3,7,2,DECK_OUT,
tier2,2026-07-03T18:08:36,tier2-run1,starmie,lucario,starmie,1,-1,13,3,1,3,6,DECK_OUT,
tier2,2026-07-03T18:08:36,tier2-run1,starmie,lucario,lucario,-1,1,12,3,0,3,8,DECK_OUT,
tier2,2026-07-03T18:08:36,tier2-run1,starmie,lucario,starmie,1,-1,15,5,0,5,8,OTHER,
tier2,2026-07-03T18:08:36,tier2-run1,starmie,lucario,starmie,1,-1,15,5,1,3,10,DECK_OUT,
tier2,2026-07-03T18:08:36,tier2-run1,starmie,lucario,starmie,1,-1,15,3,1,3,6,DECK_OUT,
tier2,2026-07-03T18:08:36,tier2-run1,starmie,lucario,lucario,-1,1,14,1,2,7,4,DECK_OUT,
tier2,2026-07-03T18:08:36,tier2-run1,starmie,lucario,lucario,-1,1,14,1,5,3,2,OTHER,
tier2,2026-07-03T18:08:36,tier2-run1,starmie,lucario,starmie,1,-1,17,1,2,3,14,DECK_OUT,
tier2,2026-07-03T18:08:36,tier2-run1,starmie,lucario,lucario,-1,1,16,2,2,5,2,DECK_OUT,
tier2,2026-07-03T18:08:36,tier2-run1,starmie,lucario,starmie,1,-1,7,2,0,3,,OTHER,
tier2,2026-07-03T18:08:36,tier2-run1,starmie,lucario,starmie,1,-1,15,3,2,7,4,DECK_OUT,
tier2,2026-07-03T18:08:36,tier2-run1,starmie,lucario,starmie,1,-1,19,2,1,15,2,DECK_OUT,
tier2,2026-07-03T18:08:36,tier2-run1,starmie,lucario,lucario,-1,1,20,2,3,15,2,DECK_OUT,
tier2,2026-07-03T18:08:36,tier2-run1,starmie,lucario,lucario,-1,1,22,3,4,5,4,DECK_OUT,
tier2,2026-07-03T18:08:36,tier2-run1,starmie,lucario,lucario,-1,1,12,1,3,9,2,DECK_OUT,
tier2,2026-07-03T18:08:36,tier2-run1,starmie,lucario,lucario,-1,1,14,2,4,5,4,DECK_OUT,
tier2,2026-07-03T18:08:36,tier2-run1,starmie,lucario,lucario,-1,1,12,2,3,3,4,DECK_OUT,
tier2,2026-07-03T18:08:36,tier2-run1,starmie,lucario,starmie,1,-1,17,2,2,15,12,DECK_OUT,
tier2,2026-07-03T18:08:36,tier2-run1,starmie,lucario,lucario,-1,1,10,2,2,5,2,DECK_OUT,
tier2,2026-07-03T18:08:36,tier2-run1,starmie,lucario,starmie,1,-1,13,5,2,3,2,DECK_OUT,
tier2,2026-07-03T18:08:36,tier2-run1,starmie,lucario,lucario,-1,1,3,0,0,,,OTHER,
tier2,2026-07-03T18:08:36,tier2-run1,starmie,lucario,lucario,-1,1,14,5,1,3,8,DECK_OUT,
tier2,2026-07-03T18:08:36,tier2-run1,starmie,lucario,lucario,-1,1,14,2,4,3,6,DECK_OUT,
tier2,2026-07-03T18:08:36,tier2-run1,starmie,lucario,lucario,-1,1,14,3,4,5,6,DECK_OUT,
tier2,2026-07-03T18:08:36,tier2-run1,starmie,lucario,starmie,1,-1,17,5,1,5,4,DECK_OUT,
tier2,2026-07-03T18:08:36,tier2-run1,starmie,lucario,starmie,1,-1,15,4,2,5,2,DECK_OUT,
tier2,2026-07-03T18:08:36,tier2-run1,starmie,lucario,starmie,1,-1,13,5,1,3,2,DECK_OUT,
tier2,2026-07-03T18:08:36,tier2-run1,starmie,lucario,lucario,-1,1,14,1,5,11,2,OTHER,
tier2,2026-07-03T18:08:36,tier2-run1,starmie,lucario,lucario,-1,1,14,0,4,3,2,DECK_OUT,
tier2,2026-07-03T18:08:36,tier2-run1,starmie,lucario,lucario,-1,1,16,3,2,3,12,DECK_OUT,
tier2,2026-07-03T18:08:36,tier2-run1,starmie,lucario,lucario,-1,1,14,2,4,3,6,DECK_OUT,
tier2,2026-07-03T18:08:36,tier2-run1,starmie,lucario,lucario,-1,1,16,2,5,9,8,DECK_OUT,
tier2,2026-07-03T18:08:36,tier2-run1,starmie,lucario,starmie,1,-1,17,1,3,3,10,DECK_OUT,
tier2,2026-07-03T18:08:36,tier2-run1,starmie,lucario,starmie,1,-1,4,0,0,3,,OTHER,
tier2,2026-07-03T18:08:36,tier2-run1,starmie,lucario,lucario,-1,1,18,3,2,3,2,DECK_OUT,
tier2,2026-07-03T18:08:36,tier2-run1,starmie,lucario,starmie,1,-1,15,5,0,3,2,OTHER,
tier2,2026-07-03T18:08:36,tier2-run1,starmie,lucario,lucario,-1,1,18,1,2,13,2,DECK_OUT,
tier2,2026-07-03T18:08:36,tier2-run1,starmie,lucario,lucario,-1,1,18,4,5,13,2,DECK_OUT,
tier2,2026-07-03T18:08:36,tier2-run1,starmie,lucario,starmie,1,-1,13,1,3,9,6,DECK_OUT,
tier2,2026-07-03T18:08:36,tier2-run1,starmie,lucario,lucario,-1,1,16,1,5,3,2,OTHER,
tier2,2026-07-03T18:08:36,tier2-run1,starmie,lucario,starmie,1,-1,13,4,2,3,4,DECK_OUT,
tier2,2026-07-03T18:08:36,tier2-run1,starmie,lucario,lucario,-1,1,16,4,4,5,8,DECK_OUT,
tier2,2026-07-03T18:08:36,tier2-run1,starmie,lucario,lucario,-1,1,14,2,1,5,4,DECK_OUT,
tier2,2026-07-03T18:08:36,tier2-run1,starmie,lucario,starmie,1,-1,15,0,5,9,2,DECK_OUT,
tier2,2026-07-03T18:08:36,tier2-run1,starmie,lucario,starmie,1,-1,9,2,0,5,2,DECK_OUT,
tier2,2026-07-03T18:08:36,tier2-run1,starmie,lucario,starmie,1,-1,15,4,1,3,8,DECK_OUT,
tier2,2026-07-03T18:08:36,tier2-run1,starmie,lucario,starmie,1,-1,19,5,0,3,2,OTHER,
tier2,2026-07-03T18:08:36,tier2-run1,starmie,lucario,starmie,1,-1,11,2,3,3,4,DECK_OUT,
tier2,2026-07-03T18:08:36,tier2-run1,starmie,lucario,lucario,-1,1,16,2,4,13,2,DECK_OUT,
tier2,2026-07-03T18:08:36,tier2-run1,starmie,lucario,starmie,1,-1,13,4,2,3,4,DECK_OUT,
tier2,2026-07-03T18:08:36,tier2-run1,starmie,lucario,lucario,-1,1,18,5,2,3,2,DECK_OUT,
tier2,2026-07-03T18:08:36,tier2-run1,starmie,lucario,starmie,1,-1,31,0,0,3,12,DECK_OUT,
tier2,2026-07-03T18:08:36,tier2-run1,starmie,lucario,starmie,1,-1,13,4,1,3,2,DECK_OUT,
tier2,2026-07-03T18:08:36,tier2-run1,starmie,lucario,starmie,1,-1,15,2,4,11,6,DECK_OUT,
tier2,2026-07-03T18:08:36,tier2-run1,starmie,lucario,starmie,1,-1,15,5,3,5,8,DECK_OUT,
tier2,2026-07-03T18:08:36,tier2-run1,starmie,lucario,lucario,-1,1,18,1,5,3,2,OTHER,
tier2,2026-07-03T18:08:36,tier2-run1,starmie,lucario,lucario,-1,1,24,2,2,17,2,DECK_OUT,
tier2,2026-07-03T18:08:36,tier2-run1,starmie,lucario,starmie,1,-1,13,5,0,3,,OTHER,
tier2,2026-07-03T18:08:36,tier2-run1,starmie,lucario,lucario,-1,1,16,4,1,3,2,DECK_OUT,
tier2,2026-07-03T18:08:36,tier2-run1,starmie,lucario,lucario,-1,1,9,1,1,5,6,OTHER,
tier2,2026-07-03T18:08:36,tier2-run1,starmie,lucario,starmie,1,-1,15,5,0,3,12,OTHER,
tier2,2026-07-03T18:08:36,tier2-run1,starmie,lucario,starmie,1,-1,15,3,4,3,2,DECK_OUT,
tier2,2026-07-03T18:08:36,tier2-run1,starmie,lucario,starmie,1,-1,4,0,0,3,2,OTHER,
tier2,2026-07-03T18:08:36,tier2-run1,starmie,lucario,lucario,-1,1,14,0,3,7,2,DECK_OUT,
tier2,2026-07-03T18:08:36,tier2-run1,starmie,lucario,starmie,1,-1,18,2,0,9,16,OTHER,
tier2,2026-07-03T18:08:36,tier2-run1,starmie,lucario,lucario,-1,1,14,2,4,9,4,DECK_OUT,
tier2,2026-07-03T18:08:36,tier2-run1,starmie,lucario,starmie,1,-1,17,4,2,3,4,DECK_OUT,
tier2,2026-07-03T18:08:36,tier2-run1,starmie,lucario,lucario,-1,1,3,0,0,,2,OTHER,
tier2,2026-07-03T18:08:36,tier2-run1,starmie,lucario,lucario,-1,1,22,2,2,7,2,DECK_OUT,
tier2,2026-07-03T18:08:36,tier2-run1,starmie,lucario,starmie,1,-1,15,5,2,3,2,OTHER,
tier2,2026-07-03T18:08:36,tier2-run1,starmie,lucario,lucario,-1,1,16,5,1,3,2,DECK_OUT,
tier2,2026-07-03T18:08:36,tier2-run1,starmie,lucario,lucario,-1,1,3,0,0,,,OTHER,
tier2,2026-07-03T18:08:36,tier2-run1,starmie,lucario,starmie,1,-1,15,3,3,5,6,DECK_OUT,
tier2,2026-07-03T18:08:36,tier2-run1,starmie,lucario,starmie,1,-1,15,2,0,3,2,DECK_OUT,
tier2,2026-07-03T18:08:36,tier2-run1,starmie,lucario,lucario,-1,1,12,3,3,3,6,DECK_OUT,
tier2,2026-07-03T18:08:36,tier2-run1,starmie,lucario,starmie,1,-1,15,3,3,3,4,DECK_OUT,
tier2,2026-07-03T18:08:36,tier2-run1,starmie,lucario,lucario,-1,1,12,0,3,3,2,DECK_OUT,
tier2,2026-07-03T18:08:36,tier2-run1,starmie,lucario,lucario,-1,1,12,2,3,3,6,DECK_OUT,
tier2,2026-07-03T18:08:36,tier2-run1,starmie,lucario,lucario,-1,1,20,2,2,9,2,DECK_OUT,
tier2,2026-07-03T18:08:36,tier2-run1,starmie,lucario,lucario,-1,1,12,4,1,3,6,DECK_OUT,
tier2,2026-07-03T18:08:36,tier2-run1,starmie,lucario,starmie,1,-1,15,5,3,5,8,OTHER,
tier2,2026-07-03T18:08:36,tier2-run1,starmie,lucario,starmie,1,-1,17,5,1,5,4,DECK_OUT,
tier2,2026-07-03T18:08:36,tier2-run1,starmie,lucario,lucario,-1,1,12,5,2,3,2,DECK_OUT,
tier2,2026-07-03T18:08:36,tier2-run1,starmie,lucario,starmie,1,-1,17,5,0,5,8,OTHER,
tier2,2026-07-03T18:08:36,tier2-run1,starmie,lucario,starmie,1,-1,19,4,4,13,2,DECK_OUT,
tier2,2026-07-03T18:08:36,tier2-run1,starmie,lucario,starmie,1,-1,17,3,3,7,2,DECK_OUT,
tier2,2026-07-03T18:08:36,tier2-run1,starmie,lucario,lucario,-1,1,14,2,4,11,2,DECK_OUT,
tier2,2026-07-03T18:08:36,tier2-run1,starmie,lucario,lucario,-1,1,14,2,0,9,2,DECK_OUT,
tier2,2026-07-03T18:08:36,tier2-run1,starmie,lucario,starmie,1,-1,19,3,3,5,2,DECK_OUT,
tier2,2026-07-03T18:09:07,tier2-run1,lucario,dragapult,dragapult,-1,1,12,3,3,3,4,DECK_OUT,
tier2,2026-07-03T18:09:07,tier2-run1,lucario,dragapult,lucario,1,-1,15,5,1,3,2,OTHER,
tier2,2026-07-03T18:09:07,tier2-run1,lucario,dragapult,lucario,1,-1,15,0,0,11,4,DECK_OUT,
tier2,2026-07-03T18:09:07,tier2-run1,lucario,dragapult,lucario,1,-1,17,4,2,3,2,DECK_OUT,
tier2,2026-07-03T18:09:07,tier2-run1,lucario,dragapult,lucario,1,-1,15,5,3,3,4,DECK_OUT,
tier2,2026-07-03T18:09:07,tier2-run1,lucario,dragapult,dragapult,-1,1,6,0,0,3,4,NO_POKEMON_IN_PLAY,
tier2,2026-07-03T18:09:07,tier2-run1,lucario,dragapult,dragapult,-1,1,14,0,0,3,4,DECK_OUT,
tier2,2026-07-03T18:09:07,tier2-run1,lucario,dragapult,dragapult,-1,1,12,1,3,7,6,DECK_OUT,
tier2,2026-07-03T18:09:07,tier2-run1,lucario,dragapult,lucario,1,-1,13,4,2,3,2,DECK_OUT,
tier2,2026-07-03T18:09:07,tier2-run1,lucario,dragapult,dragapult,-1,1,14,0,4,5,6,DECK_OUT,
tier2,2026-07-03T18:09:07,tier2-run1,lucario,dragapult,dragapult,-1,1,14,0,4,3,2,DECK_OUT,
tier2,2026-07-03T18:09:07,tier2-run1,lucario,dragapult,lucario,1,-1,11,4,2,5,6,DECK_OUT,
tier2,2026-07-03T18:09:07,tier2-run1,lucario,dragapult,lucario,1,-1,17,4,4,3,6,DECK_OUT,
tier2,2026-07-03T18:09:07,tier2-run1,lucario,dragapult,dragapult,-1,1,14,4,2,3,8,DECK_OUT,
tier2,2026-07-03T18:09:07,tier2-run1,lucario,dragapult,dragapult,-1,1,14,4,0,5,8,DECK_OUT,
tier2,2026-07-03T18:09:07,tier2-run1,lucario,dragapult,dragapult,-1,1,16,2,3,5,4,DECK_OUT,
tier2,2026-07-03T18:09:07,tier2-run1,lucario,dragapult,dragapult,-1,1,20,4,1,3,4,DECK_OUT,
tier2,2026-07-03T18:09:07,tier2-run1,lucario,dragapult,dragapult,-1,1,14,2,5,5,2,DECK_OUT,
tier2,2026-07-03T18:09:07,tier2-run1,lucario,dragapult,dragapult,-1,1,14,1,5,3,2,OTHER,
tier2,2026-07-03T18:09:07,tier2-run1,lucario,dragapult,dragapult,-1,1,14,3,4,3,2,DECK_OUT,
tier2,2026-07-03T18:09:07,tier2-run1,lucario,dragapult,lucario,1,-1,15,4,4,3,2,DECK_OUT,
tier2,2026-07-03T18:09:07,tier2-run1,lucario,dragapult,dragapult,-1,1,16,3,4,3,4,DECK_OUT,
tier2,2026-07-03T18:09:07,tier2-run1,lucario,dragapult,lucario,1,-1,13,4,3,3,2,DECK_OUT,
tier2,2026-07-03T18:09:07,tier2-run1,lucario,dragapult,lucario,1,-1,13,3,4,3,6,DECK_OUT,
tier2,2026-07-03T18:09:07,tier2-run1,lucario,dragapult,lucario,1,-1,23,0,0,11,,DECK_OUT,
tier2,2026-07-03T18:09:07,tier2-run1,lucario,dragapult,lucario,1,-1,15,2,4,3,6,DECK_OUT,
tier2,2026-07-03T18:09:07,tier2-run1,lucario,dragapult,dragapult,-1,1,16,4,2,11,10,DECK_OUT,
tier2,2026-07-03T18:09:07,tier2-run1,lucario,dragapult,dragapult,-1,1,14,0,4,3,6,DECK_OUT,
tier2,2026-07-03T18:09:07,tier2-run1,lucario,dragapult,dragapult,-1,1,12,2,3,5,2,DECK_OUT,
tier2,2026-07-03T18:09:07,tier2-run1,lucario,dragapult,lucario,1,-1,11,2,0,3,2,OTHER,
tier2,2026-07-03T18:09:07,tier2-run1,lucario,dragapult,dragapult,-1,1,14,1,5,3,2,DECK_OUT,
tier2,2026-07-03T18:09:07,tier2-run1,lucario,dragapult,dragapult,-1,1,32,0,0,5,4,DECK_OUT,
tier2,2026-07-03T18:09:07,tier2-run1,lucario,dragapult,lucario,1,-1,13,3,3,3,4,DECK_OUT,
tier2,2026-07-03T18:09:07,tier2-run1,lucario,dragapult,dragapult,-1,1,14,1,2,9,8,DECK_OUT,
tier2,2026-07-03T18:09:07,tier2-run1,lucario,dragapult,dragapult,-1,1,16,4,3,5,10,DECK_OUT,
tier2,2026-07-03T18:09:07,tier2-run1,lucario,dragapult,dragapult,-1,1,16,0,0,,12,DECK_OUT,
tier2,2026-07-03T18:09:07,tier2-run1,lucario,dragapult,lucario,1,-1,15,3,4,11,2,DECK_OUT,
tier2,2026-07-03T18:09:07,tier2-run1,lucario,dragapult,lucario,1,-1,5,0,0,3,4,OTHER,
tier2,2026-07-03T18:09:07,tier2-run1,lucario,dragapult,dragapult,-1,1,14,4,1,3,4,DECK_OUT,
tier2,2026-07-03T18:09:07,tier2-run1,lucario,dragapult,lucario,1,-1,15,3,3,3,4,DECK_OUT,
tier2,2026-07-03T18:09:07,tier2-run1,lucario,dragapult,lucario,1,-1,15,2,2,13,4,DECK_OUT,
tier2,2026-07-03T18:09:07,tier2-run1,lucario,dragapult,lucario,1,-1,11,5,2,3,8,DECK_OUT,
tier2,2026-07-03T18:09:07,tier2-run1,lucario,dragapult,lucario,1,-1,23,1,1,23,4,DECK_OUT,
tier2,2026-07-03T18:09:07,tier2-run1,lucario,dragapult,dragapult,-1,1,14,4,2,3,2,DECK_OUT,
tier2,2026-07-03T18:09:07,tier2-run1,lucario,dragapult,lucario,1,-1,15,1,3,3,2,DECK_OUT,
tier2,2026-07-03T18:09:07,tier2-run1,lucario,dragapult,dragapult,-1,1,18,1,1,3,14,DECK_OUT,
tier2,2026-07-03T18:09:07,tier2-run1,lucario,dragapult,lucario,1,-1,19,2,4,3,4,DECK_OUT,
tier2,2026-07-03T18:09:07,tier2-run1,lucario,dragapult,lucario,1,-1,11,3,1,3,4,DECK_OUT,
tier2,2026-07-03T18:09:07,tier2-run1,lucario,dragapult,lucario,1,-1,13,5,1,3,2,OTHER,
tier2,2026-07-03T18:09:07,tier2-run1,lucario,dragapult,dragapult,-1,1,12,3,2,5,8,DECK_OUT,
tier2,2026-07-03T18:09:07,tier2-run1,lucario,dragapult,dragapult,-1,1,14,5,3,5,6,DECK_OUT,
tier2,2026-07-03T18:09:07,tier2-run1,lucario,dragapult,dragapult,-1,1,14,1,5,11,4,DECK_OUT,
tier2,2026-07-03T18:09:07,tier2-run1,lucario,dragapult,lucario,1,-1,13,4,2,7,8,DECK_OUT,
tier2,2026-07-03T18:09:07,tier2-run1,lucario,dragapult,dragapult,-1,1,16,4,3,3,8,DECK_OUT,
tier2,2026-07-03T18:09:07,tier2-run1,lucario,dragapult,lucario,1,-1,13,5,0,3,4,OTHER,
tier2,2026-07-03T18:09:07,tier2-run1,lucario,dragapult,dragapult,-1,1,16,1,3,5,2,DECK_OUT,
tier2,2026-07-03T18:09:07,tier2-run1,lucario,dragapult,dragapult,-1,1,16,2,1,7,2,DECK_OUT,
tier2,2026-07-03T18:09:07,tier2-run1,lucario,dragapult,lucario,1,-1,13,4,2,9,4,DECK_OUT,
tier2,2026-07-03T18:09:07,tier2-run1,lucario,dragapult,dragapult,-1,1,20,3,2,13,12,DECK_OUT,
tier2,2026-07-03T18:09:07,tier2-run1,lucario,dragapult,dragapult,-1,1,14,1,2,13,2,DECK_OUT,
tier2,2026-07-03T18:09:07,tier2-run1,lucario,dragapult,lucario,1,-1,3,0,0,3,,OTHER,
tier2,2026-07-03T18:09:07,tier2-run1,lucario,dragapult,dragapult,-1,1,12,0,2,5,4,DECK_OUT,
tier2,2026-07-03T18:09:07,tier2-run1,lucario,dragapult,lucario,1,-1,13,5,1,3,6,OTHER,
tier2,2026-07-03T18:09:07,tier2-run1,lucario,dragapult,lucario,1,-1,21,2,2,13,16,DECK_OUT,
tier2,2026-07-03T18:09:07,tier2-run1,lucario,dragapult,lucario,1,-1,13,3,2,7,6,DECK_OUT,
tier2,2026-07-03T18:09:07,tier2-run1,lucario,dragapult,dragapult,-1,1,16,0,0,,12,DECK_OUT,
tier2,2026-07-03T18:09:07,tier2-run1,lucario,dragapult,lucario,1,-1,13,3,2,7,8,DECK_OUT,
tier2,2026-07-03T18:09:07,tier2-run1,lucario,dragapult,dragapult,-1,1,14,4,3,3,4,DECK_OUT,
tier2,2026-07-03T18:09:07,tier2-run1,lucario,dragapult,lucario,1,-1,17,3,4,3,6,DECK_OUT,
tier2,2026-07-03T18:09:07,tier2-run1,lucario,dragapult,dragapult,-1,1,12,2,2,3,2,DECK_OUT,
tier2,2026-07-03T18:09:07,tier2-run1,lucario,dragapult,dragapult,-1,1,12,3,1,3,4,DECK_OUT,
tier2,2026-07-03T18:09:07,tier2-run1,lucario,dragapult,lucario,1,-1,17,3,1,3,16,DECK_OUT,
tier2,2026-07-03T18:09:07,tier2-run1,lucario,dragapult,dragapult,-1,1,18,3,1,3,14,DECK_OUT,
tier2,2026-07-03T18:09:07,tier2-run1,lucario,dragapult,lucario,1,-1,19,1,2,3,2,DECK_OUT,
tier2,2026-07-03T18:09:07,tier2-run1,lucario,dragapult,dragapult,-1,1,16,5,0,3,6,DECK_OUT,
tier2,2026-07-03T18:09:07,tier2-run1,lucario,dragapult,lucario,1,-1,23,5,2,9,14,DECK_OUT,
tier2,2026-07-03T18:09:07,tier2-run1,lucario,dragapult,dragapult,-1,1,22,0,2,11,10,DECK_OUT,
tier2,2026-07-03T18:09:07,tier2-run1,lucario,dragapult,dragapult,-1,1,12,3,1,7,2,DECK_OUT,
tier2,2026-07-03T18:09:07,tier2-run1,lucario,dragapult,lucario,1,-1,13,5,3,3,2,OTHER,
tier2,2026-07-03T18:09:07,tier2-run1,lucario,dragapult,dragapult,-1,1,14,1,3,7,8,DECK_OUT,
tier2,2026-07-03T18:09:07,tier2-run1,lucario,dragapult,lucario,1,-1,8,3,0,3,,OTHER,
tier2,2026-07-03T18:09:07,tier2-run1,lucario,dragapult,lucario,1,-1,19,3,0,7,2,DECK_OUT,
tier2,2026-07-03T18:09:07,tier2-run1,lucario,dragapult,dragapult,-1,1,18,1,5,3,2,OTHER,
tier2,2026-07-03T18:09:07,tier2-run1,lucario,dragapult,dragapult,-1,1,16,2,5,7,2,DECK_OUT,
tier2,2026-07-03T18:09:07,tier2-run1,lucario,dragapult,dragapult,-1,1,16,2,2,13,8,DECK_OUT,
tier2,2026-07-03T18:09:07,tier2-run1,lucario,dragapult,lucario,1,-1,13,4,2,5,4,DECK_OUT,
tier2,2026-07-03T18:09:07,tier2-run1,lucario,dragapult,lucario,1,-1,13,1,4,3,2,DECK_OUT,
tier2,2026-07-03T18:09:07,tier2-run1,lucario,dragapult,dragapult,-1,1,3,0,0,,2,OTHER,
tier2,2026-07-03T18:09:07,tier2-run1,lucario,dragapult,lucario,1,-1,13,1,3,3,2,DECK_OUT,
tier2,2026-07-03T18:09:07,tier2-run1,lucario,dragapult,dragapult,-1,1,3,0,0,,,OTHER,
tier2,2026-07-03T18:09:07,tier2-run1,lucario,dragapult,lucario,1,-1,13,4,4,7,2,DECK_OUT,
tier2,2026-07-03T18:09:07,tier2-run1,lucario,dragapult,dragapult,-1,1,12,4,1,3,2,DECK_OUT,
tier2,2026-07-03T18:09:07,tier2-run1,lucario,dragapult,dragapult,-1,1,6,0,0,,4,NO_POKEMON_IN_PLAY,
tier2,2026-07-03T18:09:07,tier2-run1,lucario,dragapult,lucario,1,-1,13,1,2,7,8,DECK_OUT,
tier2,2026-07-03T18:09:07,tier2-run1,lucario,dragapult,dragapult,-1,1,16,0,5,3,4,OTHER,
tier2,2026-07-03T18:09:07,tier2-run1,lucario,dragapult,lucario,1,-1,4,1,0,3,2,OTHER,
tier2,2026-07-03T18:09:07,tier2-run1,lucario,dragapult,lucario,1,-1,15,5,0,3,6,OTHER,
tier2,2026-07-03T18:09:07,tier2-run1,lucario,dragapult,dragapult,-1,1,16,1,5,5,2,OTHER,
tier2,2026-07-03T18:09:07,tier2-run1,lucario,dragapult,lucario,1,-1,13,5,1,3,2,DECK_OUT,
tier2,2026-07-03T18:09:07,tier2-run1,lucario,dragapult,dragapult,-1,1,18,5,0,3,,DECK_OUT,
tier2,2026-07-03T18:09:07,tier2-run1,dragapult,lucario,lucario,-1,1,18,0,4,,2,DECK_OUT,
tier2,2026-07-03T18:09:07,tier2-run1,dragapult,lucario,lucario,-1,1,12,3,2,5,8,DECK_OUT,
tier2,2026-07-03T18:09:07,tier2-run1,dragapult,lucario,lucario,-1,1,14,3,2,3,10,DECK_OUT,
tier2,2026-07-03T18:09:07,tier2-run1,dragapult,lucario,lucario,-1,1,18,1,1,15,6,DECK_OUT,
tier2,2026-07-03T18:09:07,tier2-run1,dragapult,lucario,dragapult,1,-1,19,5,0,11,,DECK_OUT,
tier2,2026-07-03T18:09:07,tier2-run1,dragapult,lucario,dragapult,1,-1,13,5,2,7,2,DECK_OUT,
tier2,2026-07-03T18:09:07,tier2-run1,dragapult,lucario,lucario,-1,1,22,0,1,19,10,DECK_OUT,
tier2,2026-07-03T18:09:07,tier2-run1,dragapult,lucario,dragapult,1,-1,6,2,0,3,2,OTHER,
tier2,2026-07-03T18:09:07,tier2-run1,dragapult,lucario,dragapult,1,-1,19,0,4,3,4,DECK_OUT,
tier2,2026-07-03T18:09:07,tier2-run1,dragapult,lucario,dragapult,1,-1,15,4,1,3,6,DECK_OUT,
tier2,2026-07-03T18:09:07,tier2-run1,dragapult,lucario,lucario,-1,1,18,1,5,3,2,DECK_OUT,
tier2,2026-07-03T18:09:07,tier2-run1,dragapult,lucario,lucario,-1,1,16,2,5,11,4,OTHER,
tier2,2026-07-03T18:09:07,tier2-run1,dragapult,lucario,lucario,-1,1,14,1,5,13,2,OTHER,
tier2,2026-07-03T18:09:07,tier2-run1,dragapult,lucario,dragapult,1,-1,15,5,3,3,2,DECK_OUT,
tier2,2026-07-03T18:09:07,tier2-run1,dragapult,lucario,dragapult,1,-1,11,2,3,7,4,DECK_OUT,
tier2,2026-07-03T18:09:07,tier2-run1,dragapult,lucario,dragapult,1,-1,15,5,2,5,2,DECK_OUT,
tier2,2026-07-03T18:09:07,tier2-run1,dragapult,lucario,lucario,-1,1,22,1,1,3,4,DECK_OUT,
tier2,2026-07-03T18:09:07,tier2-run1,dragapult,lucario,lucario,-1,1,10,0,3,,4,NO_POKEMON_IN_PLAY,
tier2,2026-07-03T18:09:07,tier2-run1,dragapult,lucario,lucario,-1,1,12,3,3,3,2,DECK_OUT,
tier2,2026-07-03T18:09:07,tier2-run1,dragapult,lucario,lucario,-1,1,16,2,2,3,10,DECK_OUT,
tier2,2026-07-03T18:09:07,tier2-run1,dragapult,lucario,lucario,-1,1,14,3,5,3,4,DECK_OUT,
tier2,2026-07-03T18:09:07,tier2-run1,dragapult,lucario,lucario,-1,1,10,1,2,9,2,DECK_OUT,
tier2,2026-07-03T18:09:07,tier2-run1,dragapult,lucario,lucario,-1,1,14,2,4,9,2,DECK_OUT,
tier2,2026-07-03T18:09:07,tier2-run1,dragapult,lucario,lucario,-1,1,12,4,2,5,2,DECK_OUT,
tier2,2026-07-03T18:09:07,tier2-run1,dragapult,lucario,dragapult,1,-1,17,4,0,9,2,DECK_OUT,
tier2,2026-07-03T18:09:07,tier2-run1,dragapult,lucario,dragapult,1,-1,13,2,0,7,10,DECK_OUT,
tier2,2026-07-03T18:09:07,tier2-run1,dragapult,lucario,dragapult,1,-1,11,2,0,3,,OTHER,
tier2,2026-07-03T18:09:07,tier2-run1,dragapult,lucario,dragapult,1,-1,13,5,0,3,,DECK_OUT,
tier2,2026-07-03T18:09:07,tier2-run1,dragapult,lucario,dragapult,1,-1,15,5,1,3,8,DECK_OUT,
tier2,2026-07-03T18:09:07,tier2-run1,dragapult,lucario,lucario,-1,1,12,2,5,7,4,DECK_OUT,
tier2,2026-07-03T18:09:07,tier2-run1,dragapult,lucario,lucario,-1,1,26,1,0,11,16,DECK_OUT,
tier2,2026-07-03T18:09:07,tier2-run1,dragapult,lucario,lucario,-1,1,16,5,1,5,2,DECK_OUT,
tier2,2026-07-03T18:09:07,tier2-run1,dragapult,lucario,lucario,-1,1,14,2,2,7,4,DECK_OUT,
tier2,2026-07-03T18:09:07,tier2-run1,dragapult,lucario,lucario,-1,1,14,5,1,3,4,DECK_OUT,
tier2,2026-07-03T18:09:07,tier2-run1,dragapult,lucario,dragapult,1,-1,15,2,1,3,12,DECK_OUT,
tier2,2026-07-03T18:09:07,tier2-run1,dragapult,lucario,dragapult,1,-1,13,4,4,3,2,DECK_OUT,
tier2,2026-07-03T18:09:07,tier2-run1,dragapult,lucario,dragapult,1,-1,4,0,0,3,,OTHER,
tier2,2026-07-03T18:09:07,tier2-run1,dragapult,lucario,dragapult,1,-1,13,5,2,3,4,DECK_OUT,
tier2,2026-07-03T18:09:07,tier2-run1,dragapult,lucario,lucario,-1,1,16,0,2,15,2,DECK_OUT,
tier2,2026-07-03T18:09:07,tier2-run1,dragapult,lucario,lucario,-1,1,16,2,4,3,2,DECK_OUT,
tier2,2026-07-03T18:09:07,tier2-run1,dragapult,lucario,dragapult,1,-1,15,5,3,3,10,DECK_OUT,
tier2,2026-07-03T18:09:07,tier2-run1,dragapult,lucario,dragapult,1,-1,15,3,3,3,2,DECK_OUT,
tier2,2026-07-03T18:09:07,tier2-run1,dragapult,lucario,dragapult,1,-1,15,3,3,3,10,DECK_OUT,
tier2,2026-07-03T18:09:07,tier2-run1,dragapult,lucario,lucario,-1,1,12,0,4,3,2,DECK_OUT,
tier2,2026-07-03T18:09:07,tier2-run1,dragapult,lucario,lucario,-1,1,14,1,2,5,4,DECK_OUT,
tier2,2026-07-03T18:09:07,tier2-run1,dragapult,lucario,lucario,-1,1,10,2,2,3,2,DECK_OUT,
tier2,2026-07-03T18:09:07,tier2-run1,dragapult,lucario,lucario,-1,1,14,2,0,7,12,DECK_OUT,
tier2,2026-07-03T18:09:07,tier2-run1,dragapult,lucario,dragapult,1,-1,4,0,0,,,OTHER,
tier2,2026-07-03T18:09:07,tier2-run1,dragapult,lucario,lucario,-1,1,16,3,5,11,4,DECK_OUT,
tier2,2026-07-03T18:09:07,tier2-run1,dragapult,lucario,lucario,-1,1,3,0,0,,,OTHER,
tier2,2026-07-03T18:09:07,tier2-run1,dragapult,lucario,lucario,-1,1,20,1,5,7,6,DECK_OUT,
tier2,2026-07-03T18:09:07,tier2-run1,dragapult,lucario,dragapult,1,-1,11,2,1,3,6,DECK_OUT,
tier2,2026-07-03T18:09:07,tier2-run1,dragapult,lucario,dragapult,1,-1,15,5,0,5,8,DECK_OUT,
tier2,2026-07-03T18:09:07,tier2-run1,dragapult,lucario,lucario,-1,1,18,1,5,11,8,OTHER,
tier2,2026-07-03T18:09:07,tier2-run1,dragapult,lucario,lucario,-1,1,18,2,1,5,2,DECK_OUT,
tier2,2026-07-03T18:09:07,tier2-run1,dragapult,lucario,lucario,-1,1,3,0,0,,,OTHER,
tier2,2026-07-03T18:09:07,tier2-run1,dragapult,lucario,dragapult,1,-1,13,3,3,5,2,DECK_OUT,
tier2,2026-07-03T18:09:07,tier2-run1,dragapult,lucario,lucario,-1,1,5,0,0,,2,OTHER,
tier2,2026-07-03T18:09:07,tier2-run1,dragapult,lucario,dragapult,1,-1,5,0,0,5,2,OTHER,
tier2,2026-07-03T18:09:07,tier2-run1,dragapult,lucario,lucario,-1,1,16,0,3,3,2,DECK_OUT,
tier2,2026-07-03T18:09:07,tier2-run1,dragapult,lucario,lucario,-1,1,14,0,3,7,4,DECK_OUT,
tier2,2026-07-03T18:09:07,tier2-run1,dragapult,lucario,lucario,-1,1,14,4,0,3,6,DECK_OUT,
tier2,2026-07-03T18:09:07,tier2-run1,dragapult,lucario,dragapult,1,-1,13,5,1,3,10,OTHER,
tier2,2026-07-03T18:09:07,tier2-run1,dragapult,lucario,dragapult,1,-1,13,2,3,5,8,DECK_OUT,
tier2,2026-07-03T18:09:07,tier2-run1,dragapult,lucario,lucario,-1,1,12,1,1,5,2,DECK_OUT,
tier2,2026-07-03T18:09:07,tier2-run1,dragapult,lucario,lucario,-1,1,8,0,1,3,6,NO_POKEMON_IN_PLAY,
tier2,2026-07-03T18:09:07,tier2-run1,dragapult,lucario,dragapult,1,-1,13,5,0,3,2,DECK_OUT,
tier2,2026-07-03T18:09:07,tier2-run1,dragapult,lucario,lucario,-1,1,20,1,3,3,12,DECK_OUT,
tier2,2026-07-03T18:09:07,tier2-run1,dragapult,lucario,dragapult,1,-1,9,1,0,7,2,OTHER,
tier2,2026-07-03T18:09:07,tier2-run1,dragapult,lucario,dragapult,1,-1,13,3,1,3,2,DECK_OUT,
tier2,2026-07-03T18:09:07,tier2-run1,dragapult,lucario,lucario,-1,1,10,0,2,,4,NO_POKEMON_IN_PLAY,
tier2,2026-07-03T18:09:07,tier2-run1,dragapult,lucario,lucario,-1,1,10,0,1,3,2,NO_POKEMON_IN_PLAY,
tier2,2026-07-03T18:09:07,tier2-run1,dragapult,lucario,dragapult,1,-1,13,4,2,5,2,DECK_OUT,
tier2,2026-07-03T18:09:07,tier2-run1,dragapult,lucario,dragapult,1,-1,13,5,1,5,2,DECK_OUT,
tier2,2026-07-03T18:09:07,tier2-run1,dragapult,lucario,lucario,-1,1,14,4,3,3,4,DECK_OUT,
tier2,2026-07-03T18:09:07,tier2-run1,dragapult,lucario,lucario,-1,1,14,5,1,3,10,DECK_OUT,
tier2,2026-07-03T18:09:07,tier2-run1,dragapult,lucario,dragapult,1,-1,19,3,3,11,10,DECK_OUT,
tier2,2026-07-03T18:09:07,tier2-run1,dragapult,lucario,lucario,-1,1,14,4,2,5,2,DECK_OUT,
tier2,2026-07-03T18:09:07,tier2-run1,dragapult,lucario,dragapult,1,-1,15,4,5,3,8,DECK_OUT,
tier2,2026-07-03T18:09:07,tier2-run1,dragapult,lucario,lucario,-1,1,14,3,2,5,4,DECK_OUT,
tier2,2026-07-03T18:09:07,tier2-run1,dragapult,lucario,lucario,-1,1,20,0,2,,2,DECK_OUT,
tier2,2026-07-03T18:09:07,tier2-run1,dragapult,lucario,lucario,-1,1,18,2,2,5,6,DECK_OUT,
tier2,2026-07-03T18:09:07,tier2-run1,dragapult,lucario,dragapult,1,-1,13,5,2,3,8,OTHER,
tier2,2026-07-03T18:09:07,tier2-run1,dragapult,lucario,lucario,-1,1,14,5,1,3,8,DECK_OUT,
tier2,2026-07-03T18:09:07,tier2-run1,dragapult,lucario,lucario,-1,1,14,2,3,5,4,DECK_OUT,
tier2,2026-07-03T18:09:07,tier2-run1,dragapult,lucario,lucario,-1,1,18,3,1,13,12,DECK_OUT,
tier2,2026-07-03T18:09:07,tier2-run1,dragapult,lucario,dragapult,1,-1,15,5,2,3,2,DECK_OUT,
tier2,2026-07-03T18:09:07,tier2-run1,dragapult,lucario,dragapult,1,-1,17,5,0,5,2,OTHER,
tier2,2026-07-03T18:09:07,tier2-run1,dragapult,lucario,lucario,-1,1,20,5,4,7,6,DECK_OUT,
tier2,2026-07-03T18:09:07,tier2-run1,dragapult,lucario,dragapult,1,-1,15,4,1,7,2,DECK_OUT,
tier2,2026-07-03T18:09:07,tier2-run1,dragapult,lucario,dragapult,1,-1,13,4,4,3,2,DECK_OUT,
tier2,2026-07-03T18:09:07,tier2-run1,dragapult,lucario,dragapult,1,-1,27,3,0,3,22,DECK_OUT,
tier2,2026-07-03T18:09:07,tier2-run1,dragapult,lucario,dragapult,1,-1,15,5,3,3,6,DECK_OUT,
tier2,2026-07-03T18:09:07,tier2-run1,dragapult,lucario,dragapult,1,-1,15,2,1,7,2,DECK_OUT,
tier2,2026-07-03T18:09:07,tier2-run1,dragapult,lucario,dragapult,1,-1,4,0,0,,,OTHER,
tier2,2026-07-03T18:09:07,tier2-run1,dragapult,lucario,dragapult,1,-1,4,1,0,3,2,OTHER,
tier2,2026-07-03T18:09:07,tier2-run1,dragapult,lucario,dragapult,1,-1,19,4,1,3,2,DECK_OUT,
tier2,2026-07-03T18:09:07,tier2-run1,dragapult,lucario,dragapult,1,-1,13,5,0,3,6,OTHER,
tier2,2026-07-03T18:09:07,tier2-run1,dragapult,lucario,dragapult,1,-1,23,1,3,7,10,DECK_OUT,
tier2,2026-07-03T18:09:07,tier2-run1,dragapult,lucario,lucario,-1,1,10,2,2,5,2,DECK_OUT,
tier2,2026-07-03T18:09:40,tier2-run1,abomasnow,starmie,starmie,-1,1,22,0,1,11,4,DECK_OUT,
tier2,2026-07-03T18:09:40,tier2-run1,abomasnow,starmie,starmie,-1,1,14,1,5,9,2,OTHER,
tier2,2026-07-03T18:09:40,tier2-run1,abomasnow,starmie,starmie,-1,1,16,3,1,11,4,DECK_OUT,
tier2,2026-07-03T18:09:40,tier2-run1,abomasnow,starmie,starmie,-1,1,14,5,0,3,2,DECK_OUT,
tier2,2026-07-03T18:09:40,tier2-run1,abomasnow,starmie,starmie,-1,1,12,3,2,3,2,DECK_OUT,
tier2,2026-07-03T18:09:40,tier2-run1,abomasnow,starmie,abomasnow,1,-1,17,5,1,3,8,DECK_OUT,
tier2,2026-07-03T18:09:40,tier2-run1,abomasnow,starmie,starmie,-1,1,14,1,5,5,6,DECK_OUT,
tier2,2026-07-03T18:09:40,tier2-run1,abomasnow,starmie,abomasnow,1,-1,17,2,1,15,2,DECK_OUT,
tier2,2026-07-03T18:09:40,tier2-run1,abomasnow,starmie,abomasnow,1,-1,13,4,3,3,2,DECK_OUT,
tier2,2026-07-03T18:09:40,tier2-run1,abomasnow,starmie,abomasnow,1,-1,17,2,4,3,10,DECK_OUT,
tier2,2026-07-03T18:09:40,tier2-run1,abomasnow,starmie,starmie,-1,1,12,3,1,5,2,DECK_OUT,
tier2,2026-07-03T18:09:40,tier2-run1,abomasnow,starmie,starmie,-1,1,16,4,1,3,14,DECK_OUT,
tier2,2026-07-03T18:09:40,tier2-run1,abomasnow,starmie,starmie,-1,1,14,4,2,3,4,DECK_OUT,
tier2,2026-07-03T18:09:40,tier2-run1,abomasnow,starmie,starmie,-1,1,14,4,1,3,2,DECK_OUT,
tier2,2026-07-03T18:09:40,tier2-run1,abomasnow,starmie,starmie,-1,1,14,3,4,5,6,DECK_OUT,
tier2,2026-07-03T18:09:40,tier2-run1,abomasnow,starmie,starmie,-1,1,14,1,4,9,2,DECK_OUT,
tier2,2026-07-03T18:09:40,tier2-run1,abomasnow,starmie,abomasnow,1,-1,11,2,1,3,4,DECK_OUT,
tier2,2026-07-03T18:09:40,tier2-run1,abomasnow,starmie,starmie,-1,1,14,5,2,5,2,DECK_OUT,
tier2,2026-07-03T18:09:40,tier2-run1,abomasnow,starmie,abomasnow,1,-1,19,2,3,11,2,DECK_OUT,
tier2,2026-07-03T18:09:40,tier2-run1,abomasnow,starmie,starmie,-1,1,12,2,3,5,2,DECK_OUT,
tier2,2026-07-03T18:09:40,tier2-run1,abomasnow,starmie,abomasnow,1,-1,15,3,4,13,8,DECK_OUT,
tier2,2026-07-03T18:09:40,tier2-run1,abomasnow,starmie,abomasnow,1,-1,13,5,2,3,2,OTHER,
tier2,2026-07-03T18:09:40,tier2-run1,abomasnow,starmie,starmie,-1,1,14,3,3,7,2,DECK_OUT,
tier2,2026-07-03T18:09:40,tier2-run1,abomasnow,starmie,abomasnow,1,-1,10,3,0,3,8,OTHER,
tier2,2026-07-03T18:09:40,tier2-run1,abomasnow,starmie,abomasnow,1,-1,4,0,0,3,,OTHER,
tier2,2026-07-03T18:09:40,tier2-run1,abomasnow,starmie,starmie,-1,1,6,0,0,,2,NO_POKEMON_IN_PLAY,
tier2,2026-07-03T18:09:40,tier2-run1,abomasnow,starmie,abomasnow,1,-1,3,0,0,3,,OTHER,
tier2,2026-07-03T18:09:40,tier2-run1,abomasnow,starmie,abomasnow,1,-1,19,3,1,9,8,DECK_OUT,
tier2,2026-07-03T18:09:40,tier2-run1,abomasnow,starmie,starmie,-1,1,10,3,2,3,2,DECK_OUT,
tier2,2026-07-03T18:09:40,tier2-run1,abomasnow,starmie,starmie,-1,1,3,0,0,,,OTHER,
tier2,2026-07-03T18:09:40,tier2-run1,abomasnow,starmie,starmie,-1,1,3,0,0,,2,OTHER,
tier2,2026-07-03T18:09:40,tier2-run1,abomasnow,starmie,starmie,-1,1,14,0,5,9,2,OTHER,
tier2,2026-07-03T18:09:40,tier2-run1,abomasnow,starmie,starmie,-1,1,14,1,3,3,8,DECK_OUT,
tier2,2026-07-03T18:09:40,tier2-run1,abomasnow,starmie,starmie,-1,1,3,0,0,,,OTHER,
tier2,2026-07-03T18:09:40,tier2-run1,abomasnow,starmie,abomasnow,1,-1,19,3,5,13,8,DECK_OUT,
tier2,2026-07-03T18:09:40,tier2-run1,abomasnow,starmie,starmie,-1,1,14,1,4,7,2,DECK_OUT,
tier2,2026-07-03T18:09:40,tier2-run1,abomasnow,starmie,starmie,-1,1,12,2,2,9,6,DECK_OUT,
tier2,2026-07-03T18:09:40,tier2-run1,abomasnow,starmie,starmie,-1,1,18,1,4,3,2,DECK_OUT,
tier2,2026-07-03T18:09:40,tier2-run1,abomasnow,starmie,starmie,-1,1,14,5,3,3,2,DECK_OUT,
tier2,2026-07-03T18:09:40,tier2-run1,abomasnow,starmie,starmie,-1,1,18,5,0,3,4,DECK_OUT,
tier2,2026-07-03T18:09:40,tier2-run1,abomasnow,starmie,abomasnow,1,-1,13,3,1,9,4,DECK_OUT,
tier2,2026-07-03T18:09:40,tier2-run1,abomasnow,starmie,abomasnow,1,-1,21,2,2,13,6,DECK_OUT,
tier2,2026-07-03T18:09:40,tier2-run1,abomasnow,starmie,abomasnow,1,-1,15,4,3,7,4,DECK_OUT,
tier2,2026-07-03T18:09:40,tier2-run1,abomasnow,starmie,starmie,-1,1,22,0,0,3,8,DECK_OUT,
tier2,2026-07-03T18:09:40,tier2-run1,abomasnow,starmie,abomasnow,1,-1,13,5,0,5,2,DECK_OUT,
tier2,2026-07-03T18:09:40,tier2-run1,abomasnow,starmie,starmie,-1,1,14,2,0,5,4,DECK_OUT,
tier2,2026-07-03T18:09:40,tier2-run1,abomasnow,starmie,abomasnow,1,-1,17,1,4,7,2,DECK_OUT,
tier2,2026-07-03T18:09:40,tier2-run1,abomasnow,starmie,starmie,-1,1,12,4,2,3,6,DECK_OUT,
tier2,2026-07-03T18:09:40,tier2-run1,abomasnow,starmie,abomasnow,1,-1,13,5,1,3,8,OTHER,
tier2,2026-07-03T18:09:40,tier2-run1,abomasnow,starmie,abomasnow,1,-1,13,5,1,3,10,OTHER,
tier2,2026-07-03T18:09:40,tier2-run1,abomasnow,starmie,starmie,-1,1,16,1,5,5,2,OTHER,
tier2,2026-07-03T18:09:40,tier2-run1,abomasnow,starmie,abomasnow,1,-1,13,5,0,3,8,OTHER,
tier2,2026-07-03T18:09:40,tier2-run1,abomasnow,starmie,starmie,-1,1,16,1,5,9,4,DECK_OUT,
tier2,2026-07-03T18:09:40,tier2-run1,abomasnow,starmie,abomasnow,1,-1,13,0,5,13,2,DECK_OUT,
tier2,2026-07-03T18:09:40,tier2-run1,abomasnow,starmie,abomasnow,1,-1,13,2,2,5,2,DECK_OUT,
tier2,2026-07-03T18:09:40,tier2-run1,abomasnow,starmie,starmie,-1,1,16,1,0,5,12,DECK_OUT,
tier2,2026-07-03T18:09:40,tier2-run1,abomasnow,starmie,abomasnow,1,-1,13,2,1,3,4,DECK_OUT,
tier2,2026-07-03T18:09:40,tier2-run1,abomasnow,starmie,starmie,-1,1,16,2,3,3,2,DECK_OUT,
tier2,2026-07-03T18:09:40,tier2-run1,abomasnow,starmie,starmie,-1,1,14,3,3,3,6,DECK_OUT,
tier2,2026-07-03T18:09:40,tier2-run1,abomasnow,starmie,abomasnow,1,-1,15,5,0,3,2,OTHER,
tier2,2026-07-03T18:09:40,tier2-run1,abomasnow,starmie,abomasnow,1,-1,15,2,0,11,4,OTHER,
tier2,2026-07-03T18:09:40,tier2-run1,abomasnow,starmie,abomasnow,1,-1,17,3,1,3,2,DECK_OUT,
tier2,2026-07-03T18:09:40,tier2-run1,abomasnow,starmie,starmie,-1,1,16,3,1,3,4,DECK_OUT,
tier2,2026-07-03T18:09:40,tier2-run1,abomasnow,starmie,starmie,-1,1,12,1,3,7,2,DECK_OUT,
tier2,2026-07-03T18:09:40,tier2-run1,abomasnow,starmie,abomasnow,1,-1,15,5,0,3,4,OTHER,
tier2,2026-07-03T18:09:40,tier2-run1,abomasnow,starmie,starmie,-1,1,16,2,2,7,2,DECK_OUT,
tier2,2026-07-03T18:09:40,tier2-run1,abomasnow,starmie,starmie,-1,1,24,0,2,,2,DECK_OUT,
tier2,2026-07-03T18:09:40,tier2-run1,abomasnow,starmie,abomasnow,1,-1,3,0,0,3,,OTHER,
tier2,2026-07-03T18:09:40,tier2-run1,abomasnow,starmie,abomasnow,1,-1,17,5,0,5,,DECK_OUT,
tier2,2026-07-03T18:09:40,tier2-run1,abomasnow,starmie,starmie,-1,1,14,3,2,5,10,DECK_OUT,
tier2,2026-07-03T18:09:40,tier2-run1,abomasnow,starmie,starmie,-1,1,18,0,1,,6,DECK_OUT,
tier2,2026-07-03T18:09:40,tier2-run1,abomasnow,starmie,abomasnow,1,-1,13,4,0,3,8,DECK_OUT,
tier2,2026-07-03T18:09:40,tier2-run1,abomasnow,starmie,abomasnow,1,-1,17,4,1,3,2,DECK_OUT,
tier2,2026-07-03T18:09:40,tier2-run1,abomasnow,starmie,abomasnow,1,-1,15,4,5,9,4,DECK_OUT,
tier2,2026-07-03T18:09:40,tier2-run1,abomasnow,starmie,starmie,-1,1,18,1,5,3,2,DECK_OUT,
tier2,2026-07-03T18:09:40,tier2-run1,abomasnow,starmie,starmie,-1,1,16,3,2,3,2,DECK_OUT,
tier2,2026-07-03T18:09:40,tier2-run1,abomasnow,starmie,abomasnow,1,-1,11,5,1,3,2,DECK_OUT,
tier2,2026-07-03T18:09:40,tier2-run1,abomasnow,starmie,abomasnow,1,-1,13,3,3,3,2,DECK_OUT,
tier2,2026-07-03T18:09:40,tier2-run1,abomasnow,starmie,abomasnow,1,-1,13,3,1,3,10,DECK_OUT,
tier2,2026-07-03T18:09:40,tier2-run1,abomasnow,starmie,abomasnow,1,-1,11,2,0,7,2,OTHER,
tier2,2026-07-03T18:09:40,tier2-run1,abomasnow,starmie,abomasnow,1,-1,17,2,1,9,8,DECK_OUT,
tier2,2026-07-03T18:09:40,tier2-run1,abomasnow,starmie,abomasnow,1,-1,11,4,1,3,8,DECK_OUT,
tier2,2026-07-03T18:09:40,tier2-run1,abomasnow,starmie,starmie,-1,1,10,3,2,3,2,DECK_OUT,
tier2,2026-07-03T18:09:40,tier2-run1,abomasnow,starmie,abomasnow,1,-1,13,2,2,9,4,DECK_OUT,
tier2,2026-07-03T18:09:40,tier2-run1,abomasnow,starmie,abomasnow,1,-1,15,0,1,5,6,DECK_OUT,
tier2,2026-07-03T18:09:40,tier2-run1,abomasnow,starmie,abomasnow,1,-1,15,3,2,9,4,DECK_OUT,
tier2,2026-07-03T18:09:40,tier2-run1,abomasnow,starmie,abomasnow,1,-1,33,2,1,3,20,DECK_OUT,
tier2,2026-07-03T18:09:40,tier2-run1,abomasnow,starmie,abomasnow,1,-1,15,2,3,7,4,DECK_OUT,
tier2,2026-07-03T18:09:40,tier2-run1,abomasnow,starmie,abomasnow,1,-1,15,4,3,3,4,DECK_OUT,
tier2,2026-07-03T18:09:40,tier2-run1,abomasnow,starmie,starmie,-1,1,10,1,2,3,2,DECK_OUT,
tier2,2026-07-03T18:09:40,tier2-run1,abomasnow,starmie,abomasnow,1,-1,11,2,0,7,6,OTHER,
tier2,2026-07-03T18:09:40,tier2-run1,abomasnow,starmie,abomasnow,1,-1,13,3,2,3,2,DECK_OUT,
tier2,2026-07-03T18:09:40,tier2-run1,abomasnow,starmie,starmie,-1,1,14,5,0,3,2,DECK_OUT,
tier2,2026-07-03T18:09:40,tier2-run1,abomasnow,starmie,abomasnow,1,-1,17,4,3,3,2,DECK_OUT,
tier2,2026-07-03T18:09:40,tier2-run1,abomasnow,starmie,starmie,-1,1,12,5,3,3,4,DECK_OUT,
tier2,2026-07-03T18:09:40,tier2-run1,abomasnow,starmie,starmie,-1,1,20,2,2,3,2,DECK_OUT,
tier2,2026-07-03T18:09:40,tier2-run1,abomasnow,starmie,starmie,-1,1,14,3,3,3,4,DECK_OUT,
tier2,2026-07-03T18:09:40,tier2-run1,abomasnow,starmie,starmie,-1,1,3,0,0,,2,OTHER,
tier2,2026-07-03T18:09:40,tier2-run1,abomasnow,starmie,abomasnow,1,-1,11,4,4,3,2,DECK_OUT,
tier2,2026-07-03T18:09:40,tier2-run1,abomasnow,starmie,abomasnow,1,-1,15,5,2,9,4,DECK_OUT,
tier2,2026-07-03T18:09:40,tier2-run1,starmie,abomasnow,abomasnow,-1,1,6,0,0,,2,NO_POKEMON_IN_PLAY,
tier2,2026-07-03T18:09:40,tier2-run1,starmie,abomasnow,abomasnow,-1,1,10,1,1,5,4,DECK_OUT,
tier2,2026-07-03T18:09:40,tier2-run1,starmie,abomasnow,starmie,1,-1,11,2,3,5,4,DECK_OUT,
tier2,2026-07-03T18:09:40,tier2-run1,starmie,abomasnow,starmie,1,-1,15,5,1,5,6,DECK_OUT,
tier2,2026-07-03T18:09:40,tier2-run1,starmie,abomasnow,abomasnow,-1,1,12,2,2,3,6,DECK_OUT,
tier2,2026-07-03T18:09:40,tier2-run1,starmie,abomasnow,starmie,1,-1,13,5,1,3,2,DECK_OUT,
tier2,2026-07-03T18:09:40,tier2-run1,starmie,abomasnow,abomasnow,-1,1,24,0,2,,6,DECK_OUT,
tier2,2026-07-03T18:09:40,tier2-run1,starmie,abomasnow,abomasnow,-1,1,14,1,4,3,4,OTHER,
tier2,2026-07-03T18:09:40,tier2-run1,starmie,abomasnow,abomasnow,-1,1,12,5,2,3,6,DECK_OUT,
tier2,2026-07-03T18:09:40,tier2-run1,starmie,abomasnow,abomasnow,-1,1,12,3,3,3,2,DECK_OUT,
tier2,2026-07-03T18:09:40,tier2-run1,starmie,abomasnow,abomasnow,-1,1,12,3,3,5,2,DECK_OUT,
tier2,2026-07-03T18:09:40,tier2-run1,starmie,abomasnow,abomasnow,-1,1,20,0,5,19,2,DECK_OUT,
tier2,2026-07-03T18:09:40,tier2-run1,starmie,abomasnow,abomasnow,-1,1,14,0,0,5,12,DECK_OUT,
tier2,2026-07-03T18:09:40,tier2-run1,starmie,abomasnow,starmie,1,-1,13,3,2,3,6,DECK_OUT,
tier2,2026-07-03T18:09:40,tier2-run1,starmie,abomasnow,starmie,1,-1,15,3,3,5,4,DECK_OUT,
tier2,2026-07-03T18:09:40,tier2-run1,starmie,abomasnow,starmie,1,-1,3,0,0,3,,OTHER,
tier2,2026-07-03T18:09:40,tier2-run1,starmie,abomasnow,starmie,1,-1,23,2,3,3,4,DECK_OUT,
tier2,2026-07-03T18:09:40,tier2-run1,starmie,abomasnow,abomasnow,-1,1,12,1,3,5,2,DECK_OUT,
tier2,2026-07-03T18:09:40,tier2-run1,starmie,abomasnow,abomasnow,-1,1,16,3,5,7,2,DECK_OUT,
tier2,2026-07-03T18:09:40,tier2-run1,starmie,abomasnow,abomasnow,-1,1,14,3,4,3,2,DECK_OUT,
tier2,2026-07-03T18:09:40,tier2-run1,starmie,abomasnow,starmie,1,-1,9,2,0,3,4,OTHER,
tier2,2026-07-03T18:09:40,tier2-run1,starmie,abomasnow,starmie,1,-1,19,0,1,19,4,DECK_OUT,
tier2,2026-07-03T18:09:40,tier2-run1,starmie,abomasnow,starmie,1,-1,23,1,2,3,4,DECK_OUT,
tier2,2026-07-03T18:09:40,tier2-run1,starmie,abomasnow,starmie,1,-1,17,5,4,9,4,DECK_OUT,
tier2,2026-07-03T18:09:40,tier2-run1,starmie,abomasnow,starmie,1,-1,15,5,2,5,4,DECK_OUT,
tier2,2026-07-03T18:09:40,tier2-run1,starmie,abomasnow,abomasnow,-1,1,22,1,1,7,2,DECK_OUT,
tier2,2026-07-03T18:09:40,tier2-run1,starmie,abomasnow,starmie,1,-1,23,5,1,11,2,DECK_OUT,
tier2,2026-07-03T18:09:40,tier2-run1,starmie,abomasnow,starmie,1,-1,15,1,1,3,12,DECK_OUT,
tier2,2026-07-03T18:09:40,tier2-run1,starmie,abomasnow,abomasnow,-1,1,12,1,3,3,2,DECK_OUT,
tier2,2026-07-03T18:09:40,tier2-run1,starmie,abomasnow,abomasnow,-1,1,20,4,4,3,2,DECK_OUT,
tier2,2026-07-03T18:09:40,tier2-run1,starmie,abomasnow,starmie,1,-1,13,5,0,5,12,DECK_OUT,
tier2,2026-07-03T18:09:40,tier2-run1,starmie,abomasnow,starmie,1,-1,19,2,0,3,4,DECK_OUT,
tier2,2026-07-03T18:09:40,tier2-run1,starmie,abomasnow,starmie,1,-1,13,1,4,3,4,DECK_OUT,
tier2,2026-07-03T18:09:40,tier2-run1,starmie,abomasnow,abomasnow,-1,1,14,0,5,9,2,DECK_OUT,
tier2,2026-07-03T18:09:40,tier2-run1,starmie,abomasnow,starmie,1,-1,13,2,3,3,2,DECK_OUT,
tier2,2026-07-03T18:09:40,tier2-run1,starmie,abomasnow,abomasnow,-1,1,16,4,1,3,2,DECK_OUT,
tier2,2026-07-03T18:09:40,tier2-run1,starmie,abomasnow,starmie,1,-1,15,4,4,3,2,DECK_OUT,
tier2,2026-07-03T18:09:40,tier2-run1,starmie,abomasnow,abomasnow,-1,1,8,0,1,3,6,NO_POKEMON_IN_PLAY,
tier2,2026-07-03T18:09:40,tier2-run1,starmie,abomasnow,starmie,1,-1,15,4,3,5,2,DECK_OUT,
tier2,2026-07-03T18:09:40,tier2-run1,starmie,abomasnow,abomasnow,-1,1,24,2,2,3,4,DECK_OUT,
tier2,2026-07-03T18:09:40,tier2-run1,starmie,abomasnow,abomasnow,-1,1,16,4,0,9,,DECK_OUT,
tier2,2026-07-03T18:09:40,tier2-run1,starmie,abomasnow,abomasnow,-1,1,10,1,3,3,2,DECK_OUT,
tier2,2026-07-03T18:09:40,tier2-run1,starmie,abomasnow,starmie,1,-1,17,2,1,5,2,DECK_OUT,
tier2,2026-07-03T18:09:40,tier2-run1,starmie,abomasnow,starmie,1,-1,13,5,2,3,2,DECK_OUT,
tier2,2026-07-03T18:09:40,tier2-run1,starmie,abomasnow,abomasnow,-1,1,14,2,2,3,4,DECK_OUT,
tier2,2026-07-03T18:09:40,tier2-run1,starmie,abomasnow,abomasnow,-1,1,12,4,1,3,6,DECK_OUT,
tier2,2026-07-03T18:09:40,tier2-run1,starmie,abomasnow,abomasnow,-1,1,12,3,3,7,6,DECK_OUT,
tier2,2026-07-03T18:09:40,tier2-run1,starmie,abomasnow,starmie,1,-1,17,5,1,5,2,OTHER,
tier2,2026-07-03T18:09:40,tier2-run1,starmie,abomasnow,abomasnow,-1,1,14,4,2,7,2,DECK_OUT,
tier2,2026-07-03T18:09:40,tier2-run1,starmie,abomasnow,starmie,1,-1,17,5,1,9,4,DECK_OUT,
tier2,2026-07-03T18:09:40,tier2-run1,starmie,abomasnow,starmie,1,-1,17,3,4,7,4,DECK_OUT,
tier2,2026-07-03T18:09:40,tier2-run1,starmie,abomasnow,starmie,1,-1,11,1,3,3,6,DECK_OUT,
tier2,2026-07-03T18:09:40,tier2-run1,starmie,abomasnow,abomasnow,-1,1,3,0,0,,,OTHER,
tier2,2026-07-03T18:09:40,tier2-run1,starmie,abomasnow,starmie,1,-1,15,2,4,3,4,DECK_OUT,
tier2,2026-07-03T18:09:40,tier2-run1,starmie,abomasnow,starmie,1,-1,13,0,1,5,10,DECK_OUT,
tier2,2026-07-03T18:09:40,tier2-run1,starmie,abomasnow,abomasnow,-1,1,16,5,2,9,2,DECK_OUT,
tier2,2026-07-03T18:09:40,tier2-run1,starmie,abomasnow,starmie,1,-1,13,2,4,7,2,DECK_OUT,
tier2,2026-07-03T18:09:40,tier2-run1,starmie,abomasnow,abomasnow,-1,1,12,4,3,3,6,DECK_OUT,
tier2,2026-07-03T18:09:40,tier2-run1,starmie,abomasnow,starmie,1,-1,21,1,1,3,2,DECK_OUT,
tier2,2026-07-03T18:09:40,tier2-run1,starmie,abomasnow,starmie,1,-1,13,1,3,3,2,DECK_OUT,
tier2,2026-07-03T18:09:40,tier2-run1,starmie,abomasnow,abomasnow,-1,1,12,4,0,3,2,DECK_OUT,
tier2,2026-07-03T18:09:40,tier2-run1,starmie,abomasnow,abomasnow,-1,1,16,2,3,7,2,DECK_OUT,
tier2,2026-07-03T18:09:40,tier2-run1,starmie,abomasnow,starmie,1,-1,17,3,0,5,,DECK_OUT,
tier2,2026-07-03T18:09:40,tier2-run1,starmie,abomasnow,abomasnow,-1,1,18,1,5,3,2,OTHER,
tier2,2026-07-03T18:09:40,tier2-run1,starmie,abomasnow,starmie,1,-1,13,5,1,3,2,OTHER,
tier2,2026-07-03T18:09:40,tier2-run1,starmie,abomasnow,abomasnow,-1,1,14,3,1,7,2,DECK_OUT,
tier2,2026-07-03T18:09:40,tier2-run1,starmie,abomasnow,abomasnow,-1,1,16,2,2,7,10,DECK_OUT,
tier2,2026-07-03T18:09:40,tier2-run1,starmie,abomasnow,abomasnow,-1,1,12,3,1,3,4,DECK_OUT,
tier2,2026-07-03T18:09:40,tier2-run1,starmie,abomasnow,starmie,1,-1,15,0,3,,8,DECK_OUT,
tier2,2026-07-03T18:09:40,tier2-run1,starmie,abomasnow,starmie,1,-1,17,0,4,,2,DECK_OUT,
tier2,2026-07-03T18:09:40,tier2-run1,starmie,abomasnow,starmie,1,-1,9,3,0,3,,OTHER,
tier2,2026-07-03T18:09:40,tier2-run1,starmie,abomasnow,abomasnow,-1,1,16,0,4,5,2,DECK_OUT,
tier2,2026-07-03T18:09:40,tier2-run1,starmie,abomasnow,abomasnow,-1,1,12,1,3,9,2,DECK_OUT,
tier2,2026-07-03T18:09:40,tier2-run1,starmie,abomasnow,abomasnow,-1,1,14,0,4,3,6,NO_POKEMON_IN_PLAY,
tier2,2026-07-03T18:09:40,tier2-run1,starmie,abomasnow,abomasnow,-1,1,18,4,1,3,2,DECK_OUT,
tier2,2026-07-03T18:09:40,tier2-run1,starmie,abomasnow,starmie,1,-1,13,3,0,3,6,DECK_OUT,
tier2,2026-07-03T18:09:40,tier2-run1,starmie,abomasnow,starmie,1,-1,9,3,1,3,2,DECK_OUT,
tier2,2026-07-03T18:09:40,tier2-run1,starmie,abomasnow,starmie,1,-1,13,5,3,3,4,DECK_OUT,
tier2,2026-07-03T18:09:40,tier2-run1,starmie,abomasnow,abomasnow,-1,1,14,5,3,3,2,DECK_OUT,
tier2,2026-07-03T18:09:40,tier2-run1,starmie,abomasnow,abomasnow,-1,1,12,5,2,3,6,DECK_OUT,
tier2,2026-07-03T18:09:40,tier2-run1,starmie,abomasnow,abomasnow,-1,1,14,2,2,9,4,DECK_OUT,
tier2,2026-07-03T18:09:40,tier2-run1,starmie,abomasnow,abomasnow,-1,1,18,1,0,7,18,DECK_OUT,
tier2,2026-07-03T18:09:40,tier2-run1,starmie,abomasnow,starmie,1,-1,17,0,4,,4,DECK_OUT,
tier2,2026-07-03T18:09:40,tier2-run1,starmie,abomasnow,starmie,1,-1,15,0,1,,4,DECK_OUT,
tier2,2026-07-03T18:09:40,tier2-run1,starmie,abomasnow,starmie,1,-1,15,4,1,5,4,DECK_OUT,
tier2,2026-07-03T18:09:40,tier2-run1,starmie,abomasnow,starmie,1,-1,13,5,1,5,6,DECK_OUT,
tier2,2026-07-03T18:09:40,tier2-run1,starmie,abomasnow,starmie,1,-1,13,4,3,3,2,DECK_OUT,
tier2,2026-07-03T18:09:40,tier2-run1,starmie,abomasnow,starmie,1,-1,15,5,2,5,4,OTHER,
tier2,2026-07-03T18:09:40,tier2-run1,starmie,abomasnow,starmie,1,-1,17,1,5,3,2,DECK_OUT,
tier2,2026-07-03T18:09:40,tier2-run1,starmie,abomasnow,abomasnow,-1,1,16,1,3,3,10,DECK_OUT,
tier2,2026-07-03T18:09:40,tier2-run1,starmie,abomasnow,abomasnow,-1,1,16,0,5,,2,DECK_OUT,
tier2,2026-07-03T18:09:40,tier2-run1,starmie,abomasnow,abomasnow,-1,1,18,5,2,5,8,DECK_OUT,
tier2,2026-07-03T18:09:40,tier2-run1,starmie,abomasnow,abomasnow,-1,1,18,1,5,17,4,DECK_OUT,
tier2,2026-07-03T18:09:40,tier2-run1,starmie,abomasnow,starmie,1,-1,13,4,4,3,2,DECK_OUT,
tier2,2026-07-03T18:09:40,tier2-run1,starmie,abomasnow,abomasnow,-1,1,16,2,4,5,4,DECK_OUT,
tier2,2026-07-03T18:09:40,tier2-run1,starmie,abomasnow,abomasnow,-1,1,14,0,0,,,DECK_OUT,
tier2,2026-07-03T18:09:40,tier2-run1,starmie,abomasnow,starmie,1,-1,3,0,0,3,,OTHER,
tier2,2026-07-03T18:09:40,tier2-run1,starmie,abomasnow,abomasnow,-1,1,16,4,3,3,2,DECK_OUT,
tier2,2026-07-03T18:09:40,tier2-run1,starmie,abomasnow,starmie,1,-1,15,5,1,3,2,OTHER,
tier2,2026-07-03T18:09:40,tier2-run1,starmie,abomasnow,abomasnow,-1,1,16,1,2,3,4,DECK_OUT,
tier2,2026-07-03T18:10:13,tier2-run1,abomasnow,dragapult,abomasnow,1,-1,15,0,1,,8,DECK_OUT,
tier2,2026-07-03T18:10:13,tier2-run1,abomasnow,dragapult,dragapult,-1,1,6,0,1,3,4,NO_POKEMON_IN_PLAY,
tier2,2026-07-03T18:10:13,tier2-run1,abomasnow,dragapult,dragapult,-1,1,14,3,2,3,2,DECK_OUT,
tier2,2026-07-03T18:10:13,tier2-run1,abomasnow,dragapult,dragapult,-1,1,12,4,0,3,,DECK_OUT,
tier2,2026-07-03T18:10:13,tier2-run1,abomasnow,dragapult,abomasnow,1,-1,15,5,3,5,4,DECK_OUT,
tier2,2026-07-03T18:10:13,tier2-run1,abomasnow,dragapult,dragapult,-1,1,12,3,2,3,2,DECK_OUT,
tier2,2026-07-03T18:10:13,tier2-run1,abomasnow,dragapult,dragapult,-1,1,14,4,2,3,8,DECK_OUT,
tier2,2026-07-03T18:10:13,tier2-run1,abomasnow,dragapult,abomasnow,1,-1,15,0,0,13,8,DECK_OUT,
tier2,2026-07-03T18:10:13,tier2-run1,abomasnow,dragapult,dragapult,-1,1,16,0,3,3,6,DECK_OUT,
tier2,2026-07-03T18:10:13,tier2-run1,abomasnow,dragapult,abomasnow,1,-1,13,3,3,5,6,DECK_OUT,
tier2,2026-07-03T18:10:13,tier2-run1,abomasnow,dragapult,abomasnow,1,-1,15,5,1,5,4,DECK_OUT,
tier2,2026-07-03T18:10:13,tier2-run1,abomasnow,dragapult,dragapult,-1,1,10,0,2,,2,NO_POKEMON_IN_PLAY,
tier2,2026-07-03T18:10:13,tier2-run1,abomasnow,dragapult,abomasnow,1,-1,13,3,3,9,2,DECK_OUT,
tier2,2026-07-03T18:10:13,tier2-run1,abomasnow,dragapult,abomasnow,1,-1,11,3,2,9,2,DECK_OUT,
tier2,2026-07-03T18:10:13,tier2-run1,abomasnow,dragapult,abomasnow,1,-1,11,4,2,5,2,DECK_OUT,
tier2,2026-07-03T18:10:13,tier2-run1,abomasnow,dragapult,abomasnow,1,-1,15,3,1,5,6,DECK_OUT,
tier2,2026-07-03T18:10:13,tier2-run1,abomasnow,dragapult,abomasnow,1,-1,10,1,0,3,2,OTHER,
tier2,2026-07-03T18:10:13,tier2-run1,abomasnow,dragapult,dragapult,-1,1,18,3,2,9,6,DECK_OUT,
tier2,2026-07-03T18:10:13,tier2-run1,abomasnow,dragapult,abomasnow,1,-1,11,4,2,3,2,DECK_OUT,
tier2,2026-07-03T18:10:13,tier2-run1,abomasnow,dragapult,abomasnow,1,-1,17,5,1,7,2,DECK_OUT,
tier2,2026-07-03T18:10:13,tier2-run1,abomasnow,dragapult,dragapult,-1,1,16,0,5,,6,OTHER,
tier2,2026-07-03T18:10:13,tier2-run1,abomasnow,dragapult,dragapult,-1,1,16,4,2,11,8,DECK_OUT,
tier2,2026-07-03T18:10:13,tier2-run1,abomasnow,dragapult,abomasnow,1,-1,15,5,0,7,8,OTHER,
tier2,2026-07-03T18:10:13,tier2-run1,abomasnow,dragapult,abomasnow,1,-1,13,2,1,3,4,DECK_OUT,
tier2,2026-07-03T18:10:13,tier2-run1,abomasnow,dragapult,dragapult,-1,1,16,5,2,3,2,DECK_OUT,
tier2,2026-07-03T18:10:13,tier2-run1,abomasnow,dragapult,dragapult,-1,1,16,3,4,5,4,DECK_OUT,
tier2,2026-07-03T18:10:13,tier2-run1,abomasnow,dragapult,dragapult,-1,1,14,4,3,5,2,DECK_OUT,
tier2,2026-07-03T18:10:13,tier2-run1,abomasnow,dragapult,abomasnow,1,-1,21,1,2,3,2,DECK_OUT,
tier2,2026-07-03T18:10:13,tier2-run1,abomasnow,dragapult,dragapult,-1,1,18,1,4,3,12,DECK_OUT,
tier2,2026-07-03T18:10:13,tier2-run1,abomasnow,dragapult,dragapult,-1,1,18,3,5,3,2,DECK_OUT,
tier2,2026-07-03T18:10:13,tier2-run1,abomasnow,dragapult,dragapult,-1,1,3,0,0,,,OTHER,
tier2,2026-07-03T18:10:13,tier2-run1,abomasnow,dragapult,dragapult,-1,1,12,3,4,7,2,DECK_OUT,
tier2,2026-07-03T18:10:13,tier2-run1,abomasnow,dragapult,abomasnow,1,-1,11,3,3,7,4,DECK_OUT,
tier2,2026-07-03T18:10:13,tier2-run1,abomasnow,dragapult,dragapult,-1,1,12,2,2,9,4,DECK_OUT,
tier2,2026-07-03T18:10:13,tier2-run1,abomasnow,dragapult,dragapult,-1,1,16,4,0,3,6,DECK_OUT,
tier2,2026-07-03T18:10:13,tier2-run1,abomasnow,dragapult,abomasnow,1,-1,17,2,0,13,,DECK_OUT,
tier2,2026-07-03T18:10:13,tier2-run1,abomasnow,dragapult,dragapult,-1,1,14,2,5,3,2,DECK_OUT,
tier2,2026-07-03T18:10:13,tier2-run1,abomasnow,dragapult,abomasnow,1,-1,13,2,3,13,2,DECK_OUT,
tier2,2026-07-03T18:10:13,tier2-run1,abomasnow,dragapult,abomasnow,1,-1,15,2,0,3,4,DECK_OUT,
tier2,2026-07-03T18:10:13,tier2-run1,abomasnow,dragapult,abomasnow,1,-1,19,5,1,5,10,DECK_OUT,
tier2,2026-07-03T18:10:13,tier2-run1,abomasnow,dragapult,abomasnow,1,-1,17,2,3,7,2,DECK_OUT,
tier2,2026-07-03T18:10:13,tier2-run1,abomasnow,dragapult,abomasnow,1,-1,15,5,0,3,2,OTHER,
tier2,2026-07-03T18:10:13,tier2-run1,abomasnow,dragapult,abomasnow,1,-1,13,4,2,3,2,DECK_OUT,
tier2,2026-07-03T18:10:13,tier2-run1,abomasnow,dragapult,abomasnow,1,-1,13,3,4,7,2,DECK_OUT,
tier2,2026-07-03T18:10:13,tier2-run1,abomasnow,dragapult,abomasnow,1,-1,21,3,2,7,2,DECK_OUT,
tier2,2026-07-03T18:10:13,tier2-run1,abomasnow,dragapult,abomasnow,1,-1,15,2,1,5,8,DECK_OUT,
tier2,2026-07-03T18:10:13,tier2-run1,abomasnow,dragapult,abomasnow,1,-1,15,5,1,3,2,DECK_OUT,
tier2,2026-07-03T18:10:13,tier2-run1,abomasnow,dragapult,dragapult,-1,1,3,0,0,,,OTHER,
tier2,2026-07-03T18:10:13,tier2-run1,abomasnow,dragapult,abomasnow,1,-1,15,1,4,13,4,DECK_OUT,
tier2,2026-07-03T18:10:13,tier2-run1,abomasnow,dragapult,abomasnow,1,-1,15,2,2,7,8,DECK_OUT,
tier2,2026-07-03T18:10:13,tier2-run1,abomasnow,dragapult,dragapult,-1,1,3,0,0,,,OTHER,
tier2,2026-07-03T18:10:13,tier2-run1,abomasnow,dragapult,abomasnow,1,-1,17,5,3,9,2,DECK_OUT,
tier2,2026-07-03T18:10:13,tier2-run1,abomasnow,dragapult,abomasnow,1,-1,15,4,1,5,4,DECK_OUT,
tier2,2026-07-03T18:10:13,tier2-run1,abomasnow,dragapult,abomasnow,1,-1,11,0,1,3,4,DECK_OUT,
tier2,2026-07-03T18:10:13,tier2-run1,abomasnow,dragapult,abomasnow,1,-1,11,5,1,3,4,DECK_OUT,
tier2,2026-07-03T18:10:13,tier2-run1,abomasnow,dragapult,dragapult,-1,1,16,3,2,3,6,DECK_OUT,
tier2,2026-07-03T18:10:13,tier2-run1,abomasnow,dragapult,abomasnow,1,-1,27,5,0,7,26,OTHER,
tier2,2026-07-03T18:10:13,tier2-run1,abomasnow,dragapult,dragapult,-1,1,14,0,5,3,4,OTHER,
tier2,2026-07-03T18:10:13,tier2-run1,abomasnow,dragapult,abomasnow,1,-1,15,4,2,3,4,DECK_OUT,
tier2,2026-07-03T18:10:13,tier2-run1,abomasnow,dragapult,abomasnow,1,-1,13,4,2,3,2,DECK_OUT,
tier2,2026-07-03T18:10:13,tier2-run1,abomasnow,dragapult,dragapult,-1,1,3,0,0,,2,OTHER,
tier2,2026-07-03T18:10:13,tier2-run1,abomasnow,dragapult,abomasnow,1,-1,27,2,3,9,18,DECK_OUT,
tier2,2026-07-03T18:10:13,tier2-run1,abomasnow,dragapult,abomasnow,1,-1,15,3,3,5,2,DECK_OUT,
tier2,2026-07-03T18:10:13,tier2-run1,abomasnow,dragapult,abomasnow,1,-1,15,2,4,7,6,DECK_OUT,
tier2,2026-07-03T18:10:13,tier2-run1,abomasnow,dragapult,dragapult,-1,1,14,1,5,5,2,OTHER,
tier2,2026-07-03T18:10:13,tier2-run1,abomasnow,dragapult,abomasnow,1,-1,4,0,0,3,,OTHER,
tier2,2026-07-03T18:10:13,tier2-run1,abomasnow,dragapult,dragapult,-1,1,10,0,1,,2,NO_POKEMON_IN_PLAY,
tier2,2026-07-03T18:10:13,tier2-run1,abomasnow,dragapult,abomasnow,1,-1,19,0,0,13,10,DECK_OUT,
tier2,2026-07-03T18:10:13,tier2-run1,abomasnow,dragapult,abomasnow,1,-1,6,1,0,5,,OTHER,
tier2,2026-07-03T18:10:13,tier2-run1,abomasnow,dragapult,dragapult,-1,1,12,0,0,,12,DECK_OUT,
tier2,2026-07-03T18:10:13,tier2-run1,abomasnow,dragapult,abomasnow,1,-1,13,0,1,13,10,DECK_OUT,
tier2,2026-07-03T18:10:13,tier2-run1,abomasnow,dragapult,dragapult,-1,1,18,0,5,3,2,OTHER,
tier2,2026-07-03T18:10:13,tier2-run1,abomasnow,dragapult,abomasnow,1,-1,13,0,0,,,DECK_OUT,
tier2,2026-07-03T18:10:13,tier2-run1,abomasnow,dragapult,abomasnow,1,-1,17,5,1,3,6,OTHER,
tier2,2026-07-03T18:10:13,tier2-run1,abomasnow,dragapult,abomasnow,1,-1,13,4,2,5,2,DECK_OUT,
tier2,2026-07-03T18:10:13,tier2-run1,abomasnow,dragapult,abomasnow,1,-1,13,1,3,7,2,DECK_OUT,
tier2,2026-07-03T18:10:13,tier2-run1,abomasnow,dragapult,dragapult,-1,1,14,2,3,3,2,DECK_OUT,
tier2,2026-07-03T18:10:13,tier2-run1,abomasnow,dragapult,abomasnow,1,-1,17,5,0,7,,OTHER,
tier2,2026-07-03T18:10:13,tier2-run1,abomasnow,dragapult,dragapult,-1,1,18,1,3,5,4,DECK_OUT,
tier2,2026-07-03T18:10:13,tier2-run1,abomasnow,dragapult,dragapult,-1,1,14,2,3,3,2,DECK_OUT,
tier2,2026-07-03T18:10:13,tier2-run1,abomasnow,dragapult,abomasnow,1,-1,11,4,2,3,2,DECK_OUT,
tier2,2026-07-03T18:10:13,tier2-run1,abomasnow,dragapult,abomasnow,1,-1,13,5,0,5,6,DECK_OUT,
tier2,2026-07-03T18:10:13,tier2-run1,abomasnow,dragapult,dragapult,-1,1,10,3,2,3,6,DECK_OUT,
tier2,2026-07-03T18:10:13,tier2-run1,abomasnow,dragapult,dragapult,-1,1,13,0,2,,8,OTHER,
tier2,2026-07-03T18:10:13,tier2-run1,abomasnow,dragapult,abomasnow,1,-1,13,1,0,11,,OTHER,
tier2,2026-07-03T18:10:13,tier2-run1,abomasnow,dragapult,dragapult,-1,1,14,5,2,3,8,DECK_OUT,
tier2,2026-07-03T18:10:13,tier2-run1,abomasnow,dragapult,abomasnow,1,-1,17,1,2,15,4,DECK_OUT,
tier2,2026-07-03T18:10:13,tier2-run1,abomasnow,dragapult,dragapult,-1,1,12,2,3,3,4,DECK_OUT,
tier2,2026-07-03T18:10:13,tier2-run1,abomasnow,dragapult,dragapult,-1,1,18,1,3,3,2,DECK_OUT,
tier2,2026-07-03T18:10:13,tier2-run1,abomasnow,dragapult,dragapult,-1,1,14,0,5,,6,OTHER,
tier2,2026-07-03T18:10:13,tier2-run1,abomasnow,dragapult,abomasnow,1,-1,13,3,3,3,4,DECK_OUT,
tier2,2026-07-03T18:10:13,tier2-run1,abomasnow,dragapult,abomasnow,1,-1,17,4,0,3,10,DECK_OUT,
tier2,2026-07-03T18:10:13,tier2-run1,abomasnow,dragapult,dragapult,-1,1,14,2,3,3,6,DECK_OUT,
tier2,2026-07-03T18:10:13,tier2-run1,abomasnow,dragapult,dragapult,-1,1,18,3,4,3,4,DECK_OUT,
tier2,2026-07-03T18:10:13,tier2-run1,abomasnow,dragapult,abomasnow,1,-1,15,1,1,3,12,DECK_OUT,
tier2,2026-07-03T18:10:13,tier2-run1,abomasnow,dragapult,abomasnow,1,-1,27,1,1,23,8,DECK_OUT,
tier2,2026-07-03T18:10:13,tier2-run1,abomasnow,dragapult,abomasnow,1,-1,7,1,0,3,,OTHER,
tier2,2026-07-03T18:10:13,tier2-run1,abomasnow,dragapult,dragapult,-1,1,14,3,1,3,2,DECK_OUT,
tier2,2026-07-03T18:10:13,tier2-run1,abomasnow,dragapult,dragapult,-1,1,14,3,3,3,2,DECK_OUT,
tier2,2026-07-03T18:10:13,tier2-run1,abomasnow,dragapult,dragapult,-1,1,14,0,1,11,6,DECK_OUT,
tier2,2026-07-03T18:10:13,tier2-run1,dragapult,abomasnow,abomasnow,-1,1,14,3,2,9,8,DECK_OUT,
tier2,2026-07-03T18:10:13,tier2-run1,dragapult,abomasnow,abomasnow,-1,1,22,0,1,,8,DECK_OUT,
tier2,2026-07-03T18:10:13,tier2-run1,dragapult,abomasnow,dragapult,1,-1,13,2,5,11,2,DECK_OUT,
tier2,2026-07-03T18:10:13,tier2-run1,dragapult,abomasnow,dragapult,1,-1,25,3,0,3,22,DECK_OUT,
tier2,2026-07-03T18:10:13,tier2-run1,dragapult,abomasnow,abomasnow,-1,1,16,1,3,15,6,DECK_OUT,
tier2,2026-07-03T18:10:13,tier2-run1,dragapult,abomasnow,abomasnow,-1,1,18,2,1,3,2,DECK_OUT,
tier2,2026-07-03T18:10:13,tier2-run1,dragapult,abomasnow,abomasnow,-1,1,14,1,5,9,2,DECK_OUT,
tier2,2026-07-03T18:10:13,tier2-run1,dragapult,abomasnow,abomasnow,-1,1,14,1,5,7,2,OTHER,
tier2,2026-07-03T18:10:13,tier2-run1,dragapult,abomasnow,dragapult,1,-1,13,5,0,3,2,DECK_OUT,
tier2,2026-07-03T18:10:13,tier2-run1,dragapult,abomasnow,abomasnow,-1,1,14,3,3,5,2,DECK_OUT,
tier2,2026-07-03T18:10:13,tier2-run1,dragapult,abomasnow,dragapult,1,-1,13,4,2,5,2,DECK_OUT,
tier2,2026-07-03T18:10:13,tier2-run1,dragapult,abomasnow,dragapult,1,-1,19,4,2,9,12,DECK_OUT,
tier2,2026-07-03T18:10:13,tier2-run1,dragapult,abomasnow,dragapult,1,-1,15,5,2,3,2,OTHER,
tier2,2026-07-03T18:10:13,tier2-run1,dragapult,abomasnow,abomasnow,-1,1,16,2,3,3,6,DECK_OUT,
tier2,2026-07-03T18:10:13,tier2-run1,dragapult,abomasnow,dragapult,1,-1,15,5,4,5,8,DECK_OUT,
tier2,2026-07-03T18:10:13,tier2-run1,dragapult,abomasnow,dragapult,1,-1,11,4,1,3,4,DECK_OUT,
tier2,2026-07-03T18:10:13,tier2-run1,dragapult,abomasnow,abomasnow,-1,1,18,2,2,7,4,DECK_OUT,
tier2,2026-07-03T18:10:13,tier2-run1,dragapult,abomasnow,abomasnow,-1,1,14,1,4,7,4,DECK_OUT,
tier2,2026-07-03T18:10:13,tier2-run1,dragapult,abomasnow,abomasnow,-1,1,3,0,0,,2,OTHER,
tier2,2026-07-03T18:10:13,tier2-run1,dragapult,abomasnow,dragapult,1,-1,15,3,3,7,4,DECK_OUT,
tier2,2026-07-03T18:10:13,tier2-run1,dragapult,abomasnow,dragapult,1,-1,13,2,0,7,2,DECK_OUT,
tier2,2026-07-03T18:10:13,tier2-run1,dragapult,abomasnow,dragapult,1,-1,13,3,2,3,2,DECK_OUT,
tier2,2026-07-03T18:10:13,tier2-run1,dragapult,abomasnow,abomasnow,-1,1,14,1,2,3,4,DECK_OUT,
tier2,2026-07-03T18:10:13,tier2-run1,dragapult,abomasnow,abomasnow,-1,1,16,4,4,3,8,DECK_OUT,
tier2,2026-07-03T18:10:13,tier2-run1,dragapult,abomasnow,dragapult,1,-1,13,3,2,3,2,DECK_OUT,
tier2,2026-07-03T18:10:13,tier2-run1,dragapult,abomasnow,dragapult,1,-1,13,4,0,5,2,OTHER,
tier2,2026-07-03T18:10:13,tier2-run1,dragapult,abomasnow,dragapult,1,-1,15,3,2,3,2,DECK_OUT,
tier2,2026-07-03T18:10:13,tier2-run1,dragapult,abomasnow,dragapult,1,-1,15,5,0,3,8,DECK_OUT,
tier2,2026-07-03T18:10:13,tier2-run1,dragapult,abomasnow,abomasnow,-1,1,14,2,4,7,2,DECK_OUT,
tier2,2026-07-03T18:10:13,tier2-run1,dragapult,abomasnow,abomasnow,-1,1,20,1,2,7,16,DECK_OUT,
tier2,2026-07-03T18:10:13,tier2-run1,dragapult,abomasnow,abomasnow,-1,1,10,3,2,5,6,DECK_OUT,
tier2,2026-07-03T18:10:13,tier2-run1,dragapult,abomasnow,dragapult,1,-1,15,3,1,3,2,DECK_OUT,
tier2,2026-07-03T18:10:13,tier2-run1,dragapult,abomasnow,abomasnow,-1,1,12,3,3,3,2,DECK_OUT,
tier2,2026-07-03T18:10:13,tier2-run1,dragapult,abomasnow,dragapult,1,-1,15,0,0,,10,DECK_OUT,
tier2,2026-07-03T18:10:13,tier2-run1,dragapult,abomasnow,dragapult,1,-1,15,5,0,5,,OTHER,
tier2,2026-07-03T18:10:13,tier2-run1,dragapult,abomasnow,dragapult,1,-1,11,2,3,3,2,DECK_OUT,
tier2,2026-07-03T18:10:13,tier2-run1,dragapult,abomasnow,abomasnow,-1,1,18,3,1,3,16,DECK_OUT,
tier2,2026-07-03T18:10:13,tier2-run1,dragapult,abomasnow,abomasnow,-1,1,20,2,3,11,4,DECK_OUT,
tier2,2026-07-03T18:10:13,tier2-run1,dragapult,abomasnow,dragapult,1,-1,4,1,0,3,2,OTHER,
tier2,2026-07-03T18:10:13,tier2-run1,dragapult,abomasnow,dragapult,1,-1,13,1,2,5,2,DECK_OUT,
tier2,2026-07-03T18:10:13,tier2-run1,dragapult,abomasnow,dragapult,1,-1,13,5,0,3,10,OTHER,
tier2,2026-07-03T18:10:13,tier2-run1,dragapult,abomasnow,dragapult,1,-1,11,5,1,3,8,DECK_OUT,
tier2,2026-07-03T18:10:13,tier2-run1,dragapult,abomasnow,abomasnow,-1,1,12,3,3,5,6,DECK_OUT,
tier2,2026-07-03T18:10:13,tier2-run1,dragapult,abomasnow,abomasnow,-1,1,16,2,3,5,8,DECK_OUT,
tier2,2026-07-03T18:10:13,tier2-run1,dragapult,abomasnow,dragapult,1,-1,4,0,0,,,OTHER,
tier2,2026-07-03T18:10:13,tier2-run1,dragapult,abomasnow,dragapult,1,-1,7,2,0,3,,OTHER,
tier2,2026-07-03T18:10:13,tier2-run1,dragapult,abomasnow,abomasnow,-1,1,18,1,2,15,6,DECK_OUT,
tier2,2026-07-03T18:10:13,tier2-run1,dragapult,abomasnow,dragapult,1,-1,13,3,1,3,2,DECK_OUT,
tier2,2026-07-03T18:10:13,tier2-run1,dragapult,abomasnow,dragapult,1,-1,19,5,0,9,2,OTHER,
tier2,2026-07-03T18:10:13,tier2-run1,dragapult,abomasnow,dragapult,1,-1,19,5,2,3,6,DECK_OUT,
tier2,2026-07-03T18:10:13,tier2-run1,dragapult,abomasnow,abomasnow,-1,1,20,0,4,9,8,DECK_OUT,
tier2,2026-07-03T18:10:13,tier2-run1,dragapult,abomasnow,abomasnow,-1,1,14,3,5,7,2,DECK_OUT,
tier2,2026-07-03T18:10:13,tier2-run1,dragapult,abomasnow,abomasnow,-1,1,18,0,2,11,4,DECK_OUT,
tier2,2026-07-03T18:10:13,tier2-run1,dragapult,abomasnow,abomasnow,-1,1,14,3,3,3,4,DECK_OUT,
tier2,2026-07-03T18:10:13,tier2-run1,dragapult,abomasnow,abomasnow,-1,1,3,0,0,,2,OTHER,
tier2,2026-07-03T18:10:13,tier2-run1,dragapult,abomasnow,abomasnow,-1,1,14,4,3,3,8,DECK_OUT,
tier2,2026-07-03T18:10:13,tier2-run1,dragapult,abomasnow,dragapult,1,-1,13,4,0,5,4,DECK_OUT,
tier2,2026-07-03T18:10:13,tier2-run1,dragapult,abomasnow,abomasnow,-1,1,14,1,5,5,2,OTHER,
tier2,2026-07-03T18:10:13,tier2-run1,dragapult,abomasnow,dragapult,1,-1,15,2,1,13,2,DECK_OUT,
tier2,2026-07-03T18:10:13,tier2-run1,dragapult,abomasnow,dragapult,1,-1,15,5,2,3,2,DECK_OUT,
tier2,2026-07-03T18:10:13,tier2-run1,dragapult,abomasnow,abomasnow,-1,1,18,1,3,3,2,DECK_OUT,
tier2,2026-07-03T18:10:13,tier2-run1,dragapult,abomasnow,abomasnow,-1,1,14,1,3,7,4,DECK_OUT,
tier2,2026-07-03T18:10:13,tier2-run1,dragapult,abomasnow,dragapult,1,-1,15,5,3,5,4,DECK_OUT,
tier2,2026-07-03T18:10:13,tier2-run1,dragapult,abomasnow,dragapult,1,-1,15,4,3,3,4,DECK_OUT,
tier2,2026-07-03T18:10:13,tier2-run1,dragapult,abomasnow,dragapult,1,-1,13,3,4,3,2,DECK_OUT,
tier2,2026-07-03T18:10:13,tier2-run1,dragapult,abomasnow,dragapult,1,-1,15,5,4,7,8,DECK_OUT,
tier2,2026-07-03T18:10:13,tier2-run1,dragapult,abomasnow,dragapult,1,-1,13,2,3,3,4,DECK_OUT,
tier2,2026-07-03T18:10:13,tier2-run1,dragapult,abomasnow,dragapult,1,-1,13,3,2,9,2,DECK_OUT,
tier2,2026-07-03T18:10:13,tier2-run1,dragapult,abomasnow,dragapult,1,-1,15,5,3,5,2,DECK_OUT,
tier2,2026-07-03T18:10:13,tier2-run1,dragapult,abomasnow,abomasnow,-1,1,16,1,3,13,8,DECK_OUT,
tier2,2026-07-03T18:10:13,tier2-run1,dragapult,abomasnow,abomasnow,-1,1,16,0,3,13,2,DECK_OUT,
tier2,2026-07-03T18:10:13,tier2-run1,dragapult,abomasnow,abomasnow,-1,1,14,2,4,3,2,DECK_OUT,
tier2,2026-07-03T18:10:13,tier2-run1,dragapult,abomasnow,dragapult,1,-1,19,2,0,7,2,DECK_OUT,
tier2,2026-07-03T18:10:13,tier2-run1,dragapult,abomasnow,dragapult,1,-1,19,5,4,3,2,DECK_OUT,
tier2,2026-07-03T18:10:13,tier2-run1,dragapult,abomasnow,abomasnow,-1,1,10,2,1,3,6,DECK_OUT,
tier2,2026-07-03T18:10:13,tier2-run1,dragapult,abomasnow,dragapult,1,-1,15,5,3,3,4,DECK_OUT,
tier2,2026-07-03T18:10:13,tier2-run1,dragapult,abomasnow,dragapult,1,-1,13,5,1,5,2,DECK_OUT,
tier2,2026-07-03T18:10:13,tier2-run1,dragapult,abomasnow,dragapult,1,-1,13,5,1,3,2,DECK_OUT,
tier2,2026-07-03T18:10:13,tier2-run1,dragapult,abomasnow,abomasnow,-1,1,14,2,5,11,2,DECK_OUT,
tier2,2026-07-03T18:10:13,tier2-run1,dragapult,abomasnow,dragapult,1,-1,17,4,2,11,4,DECK_OUT,
tier2,2026-07-03T18:10:13,tier2-run1,dragapult,abomasnow,abomasnow,-1,1,16,4,3,3,4,DECK_OUT,
tier2,2026-07-03T18:10:13,tier2-run1,dragapult,abomasnow,abomasnow,-1,1,16,1,5,9,4,DECK_OUT,
tier2,2026-07-03T18:10:13,tier2-run1,dragapult,abomasnow,dragapult,1,-1,15,3,1,3,8,DECK_OUT,
tier2,2026-07-03T18:10:13,tier2-run1,dragapult,abomasnow,abomasnow,-1,1,22,2,0,7,,DECK_OUT,
tier2,2026-07-03T18:10:13,tier2-run1,dragapult,abomasnow,dragapult,1,-1,10,2,0,9,2,OTHER,
tier2,2026-07-03T18:10:13,tier2-run1,dragapult,abomasnow,dragapult,1,-1,15,2,4,13,4,DECK_OUT,
tier2,2026-07-03T18:10:13,tier2-run1,dragapult,abomasnow,abomasnow,-1,1,10,2,2,3,6,DECK_OUT,
tier2,2026-07-03T18:10:13,tier2-run1,dragapult,abomasnow,dragapult,1,-1,15,4,2,7,4,DECK_OUT,
tier2,2026-07-03T18:10:13,tier2-run1,dragapult,abomasnow,dragapult,1,-1,5,0,0,3,4,OTHER,
tier2,2026-07-03T18:10:13,tier2-run1,dragapult,abomasnow,dragapult,1,-1,13,2,4,9,2,DECK_OUT,
tier2,2026-07-03T18:10:13,tier2-run1,dragapult,abomasnow,abomasnow,-1,1,18,1,3,13,8,DECK_OUT,
tier2,2026-07-03T18:10:13,tier2-run1,dragapult,abomasnow,dragapult,1,-1,15,2,5,9,4,DECK_OUT,
tier2,2026-07-03T18:10:13,tier2-run1,dragapult,abomasnow,abomasnow,-1,1,14,0,5,3,2,OTHER,
tier2,2026-07-03T18:10:13,tier2-run1,dragapult,abomasnow,dragapult,1,-1,13,0,1,3,6,DECK_OUT,
tier2,2026-07-03T18:10:13,tier2-run1,dragapult,abomasnow,dragapult,1,-1,15,5,1,3,2,DECK_OUT,
tier2,2026-07-03T18:10:13,tier2-run1,dragapult,abomasnow,dragapult,1,-1,15,2,1,5,10,DECK_OUT,
tier2,2026-07-03T18:10:13,tier2-run1,dragapult,abomasnow,abomasnow,-1,1,14,0,5,3,2,DECK_OUT,
tier2,2026-07-03T18:10:13,tier2-run1,dragapult,abomasnow,dragapult,1,-1,17,2,4,3,6,DECK_OUT,
tier2,2026-07-03T18:10:13,tier2-run1,dragapult,abomasnow,dragapult,1,-1,13,5,0,3,2,OTHER,
tier2,2026-07-03T18:10:13,tier2-run1,dragapult,abomasnow,abomasnow,-1,1,12,3,1,3,4,DECK_OUT,
tier2,2026-07-03T18:10:44,tier2-run1,starmie,dragapult,dragapult,-1,1,14,0,4,3,2,NO_POKEMON_IN_PLAY,
tier2,2026-07-03T18:10:44,tier2-run1,starmie,dragapult,dragapult,-1,1,12,5,2,3,2,DECK_OUT,
tier2,2026-07-03T18:10:44,tier2-run1,starmie,dragapult,dragapult,-1,1,12,3,3,3,6,DECK_OUT,
tier2,2026-07-03T18:10:44,tier2-run1,starmie,dragapult,starmie,1,-1,4,0,0,3,,OTHER,
tier2,2026-07-03T18:10:44,tier2-run1,starmie,dragapult,dragapult,-1,1,9,0,1,3,2,OTHER,
tier2,2026-07-03T18:10:44,tier2-run1,starmie,dragapult,dragapult,-1,1,12,1,0,5,12,DECK_OUT,
tier2,2026-07-03T18:10:44,tier2-run1,starmie,dragapult,dragapult,-1,1,18,1,0,3,,DECK_OUT,
tier2,2026-07-03T18:10:44,tier2-run1,starmie,dragapult,starmie,1,-1,15,5,0,3,2,OTHER,
tier2,2026-07-03T18:10:44,tier2-run1,starmie,dragapult,starmie,1,-1,13,0,5,3,6,DECK_OUT,
tier2,2026-07-03T18:10:44,tier2-run1,starmie,dragapult,dragapult,-1,1,10,2,2,3,4,DECK_OUT,
tier2,2026-07-03T18:10:44,tier2-run1,starmie,dragapult,dragapult,-1,1,14,2,3,5,8,DECK_OUT,
tier2,2026-07-03T18:10:44,tier2-run1,starmie,dragapult,dragapult,-1,1,12,3,3,3,6,DECK_OUT,
tier2,2026-07-03T18:10:44,tier2-run1,starmie,dragapult,starmie,1,-1,13,5,0,3,2,OTHER,
tier2,2026-07-03T18:10:44,tier2-run1,starmie,dragapult,dragapult,-1,1,16,3,2,3,2,DECK_OUT,
tier2,2026-07-03T18:10:44,tier2-run1,starmie,dragapult,starmie,1,-1,15,5,1,3,2,DECK_OUT,
tier2,2026-07-03T18:10:44,tier2-run1,starmie,dragapult,dragapult,-1,1,3,0,0,,2,OTHER,
tier2,2026-07-03T18:10:44,tier2-run1,starmie,dragapult,starmie,1,-1,17,3,3,11,8,DECK_OUT,
tier2,2026-07-03T18:10:44,tier2-run1,starmie,dragapult,starmie,1,-1,17,5,0,7,2,OTHER,
tier2,2026-07-03T18:10:44,tier2-run1,starmie,dragapult,dragapult,-1,1,26,0,1,,8,DECK_OUT,
tier2,2026-07-03T18:10:44,tier2-run1,starmie,dragapult,starmie,1,-1,13,2,4,3,2,DECK_OUT,
tier2,2026-07-03T18:10:44,tier2-run1,starmie,dragapult,starmie,1,-1,17,5,1,3,8,OTHER,
tier2,2026-07-03T18:10:44,tier2-run1,starmie,dragapult,starmie,1,-1,19,1,2,11,8,DECK_OUT,
tier2,2026-07-03T18:10:44,tier2-run1,starmie,dragapult,starmie,1,-1,13,3,3,9,2,DECK_OUT,
tier2,2026-07-03T18:10:44,tier2-run1,starmie,dragapult,starmie,1,-1,15,5,0,3,6,DECK_OUT,
tier2,2026-07-03T18:10:44,tier2-run1,starmie,dragapult,starmie,1,-1,15,3,3,3,2,DECK_OUT,
tier2,2026-07-03T18:10:44,tier2-run1,starmie,dragapult,starmie,1,-1,15,5,0,3,14,DECK_OUT,
tier2,2026-07-03T18:10:44,tier2-run1,starmie,dragapult,dragapult,-1,1,24,0,5,13,2,OTHER,
tier2,2026-07-03T18:10:44,tier2-run1,starmie,dragapult,starmie,1,-1,13,5,1,3,6,DECK_OUT,
tier2,2026-07-03T18:10:44,tier2-run1,starmie,dragapult,dragapult,-1,1,14,3,3,3,2,DECK_OUT,
tier2,2026-07-03T18:10:44,tier2-run1,starmie,dragapult,starmie,1,-1,19,5,2,7,14,DECK_OUT,
tier2,2026-07-03T18:10:44,tier2-run1,starmie,dragapult,starmie,1,-1,13,3,2,3,10,DECK_OUT,
tier2,2026-07-03T18:10:44,tier2-run1,starmie,dragapult,starmie,1,-1,25,5,0,5,2,DECK_OUT,
tier2,2026-07-03T18:10:44,tier2-run1,starmie,dragapult,dragapult,-1,1,14,4,2,5,4,DECK_OUT,
tier2,2026-07-03T18:10:44,tier2-run1,starmie,dragapult,starmie,1,-1,13,4,0,3,2,OTHER,
tier2,2026-07-03T18:10:44,tier2-run1,starmie,dragapult,starmie,1,-1,13,2,2,11,2,DECK_OUT,
tier2,2026-07-03T18:10:44,tier2-run1,starmie,dragapult,starmie,1,-1,15,5,1,5,4,DECK_OUT,
tier2,2026-07-03T18:10:44,tier2-run1,starmie,dragapult,starmie,1,-1,15,0,0,,6,DECK_OUT,
tier2,2026-07-03T18:10:44,tier2-run1,starmie,dragapult,dragapult,-1,1,3,0,0,,,OTHER,
tier2,2026-07-03T18:10:44,tier2-run1,starmie,dragapult,starmie,1,-1,21,2,3,3,2,DECK_OUT,
tier2,2026-07-03T18:10:44,tier2-run1,starmie,dragapult,starmie,1,-1,15,3,0,3,8,DECK_OUT,
tier2,2026-07-03T18:10:44,tier2-run1,starmie,dragapult,starmie,1,-1,13,4,0,5,4,DECK_OUT,
tier2,2026-07-03T18:10:44,tier2-run1,starmie,dragapult,dragapult,-1,1,3,0,0,,2,OTHER,
tier2,2026-07-03T18:10:44,tier2-run1,starmie,dragapult,dragapult,-1,1,3,0,0,,,OTHER,
tier2,2026-07-03T18:10:44,tier2-run1,starmie,dragapult,dragapult,-1,1,16,0,1,9,8,DECK_OUT,
tier2,2026-07-03T18:10:44,tier2-run1,starmie,dragapult,dragapult,-1,1,16,5,4,7,2,DECK_OUT,
tier2,2026-07-03T18:10:44,tier2-run1,starmie,dragapult,dragapult,-1,1,12,1,3,3,2,DECK_OUT,
tier2,2026-07-03T18:10:44,tier2-run1,starmie,dragapult,starmie,1,-1,19,3,3,5,12,DECK_OUT,
tier2,2026-07-03T18:10:44,tier2-run1,starmie,dragapult,starmie,1,-1,11,3,2,3,4,DECK_OUT,
tier2,2026-07-03T18:10:44,tier2-run1,starmie,dragapult,dragapult,-1,1,10,2,1,3,2,DECK_OUT,
tier2,2026-07-03T18:10:44,tier2-run1,starmie,dragapult,dragapult,-1,1,14,3,3,3,2,DECK_OUT,
tier2,2026-07-03T18:10:44,tier2-run1,starmie,dragapult,starmie,1,-1,15,3,4,3,8,DECK_OUT,
tier2,2026-07-03T18:10:44,tier2-run1,starmie,dragapult,starmie,1,-1,13,3,2,3,2,DECK_OUT,
tier2,2026-07-03T18:10:44,tier2-run1,starmie,dragapult,dragapult,-1,1,16,3,4,7,2,DECK_OUT,
tier2,2026-07-03T18:10:44,tier2-run1,starmie,dragapult,dragapult,-1,1,22,2,1,5,4,DECK_OUT,
tier2,2026-07-03T18:10:44,tier2-run1,starmie,dragapult,dragapult,-1,1,16,5,2,3,12,DECK_OUT,
tier2,2026-07-03T18:10:44,tier2-run1,starmie,dragapult,starmie,1,-1,17,5,0,3,2,OTHER,
tier2,2026-07-03T18:10:44,tier2-run1,starmie,dragapult,starmie,1,-1,13,4,3,5,6,DECK_OUT,
tier2,2026-07-03T18:10:44,tier2-run1,starmie,dragapult,starmie,1,-1,17,5,2,5,8,DECK_OUT,
tier2,2026-07-03T18:10:44,tier2-run1,starmie,dragapult,dragapult,-1,1,16,1,5,3,4,OTHER,
tier2,2026-07-03T18:10:44,tier2-run1,starmie,dragapult,starmie,1,-1,15,1,0,5,2,DECK_OUT,
tier2,2026-07-03T18:10:44,tier2-run1,starmie,dragapult,starmie,1,-1,13,4,1,3,8,DECK_OUT,
tier2,2026-07-03T18:10:44,tier2-run1,starmie,dragapult,dragapult,-1,1,16,1,0,5,,DECK_OUT,
tier2,2026-07-03T18:10:44,tier2-run1,starmie,dragapult,dragapult,-1,1,16,5,2,3,2,DECK_OUT,
tier2,2026-07-03T18:10:44,tier2-run1,starmie,dragapult,starmie,1,-1,17,0,4,9,2,DECK_OUT,
tier2,2026-07-03T18:10:44,tier2-run1,starmie,dragapult,dragapult,-1,1,12,1,3,7,2,DECK_OUT,
tier2,2026-07-03T18:10:44,tier2-run1,starmie,dragapult,dragapult,-1,1,3,0,0,,,OTHER,
tier2,2026-07-03T18:10:44,tier2-run1,starmie,dragapult,starmie,1,-1,7,0,0,5,6,OTHER,
tier2,2026-07-03T18:10:44,tier2-run1,starmie,dragapult,dragapult,-1,1,16,2,3,3,2,DECK_OUT,
tier2,2026-07-03T18:10:44,tier2-run1,starmie,dragapult,dragapult,-1,1,14,3,2,5,4,DECK_OUT,
tier2,2026-07-03T18:10:44,tier2-run1,starmie,dragapult,dragapult,-1,1,18,3,4,3,2,DECK_OUT,
tier2,2026-07-03T18:10:44,tier2-run1,starmie,dragapult,starmie,1,-1,19,2,4,3,2,DECK_OUT,
tier2,2026-07-03T18:10:44,tier2-run1,starmie,dragapult,starmie,1,-1,7,2,0,3,4,OTHER,
tier2,2026-07-03T18:10:44,tier2-run1,starmie,dragapult,starmie,1,-1,13,4,3,7,6,DECK_OUT,
tier2,2026-07-03T18:10:44,tier2-run1,starmie,dragapult,dragapult,-1,1,16,0,5,5,2,OTHER,
tier2,2026-07-03T18:10:44,tier2-run1,starmie,dragapult,dragapult,-1,1,12,1,3,3,4,DECK_OUT,
tier2,2026-07-03T18:10:44,tier2-run1,starmie,dragapult,starmie,1,-1,45,0,0,,4,DECK_OUT,
tier2,2026-07-03T18:10:44,tier2-run1,starmie,dragapult,dragapult,-1,1,16,2,3,3,2,DECK_OUT,
tier2,2026-07-03T18:10:44,tier2-run1,starmie,dragapult,starmie,1,-1,17,2,2,7,12,DECK_OUT,
tier2,2026-07-03T18:10:44,tier2-run1,starmie,dragapult,dragapult,-1,1,14,1,5,13,2,DECK_OUT,
tier2,2026-07-03T18:10:44,tier2-run1,starmie,dragapult,starmie,1,-1,21,0,1,,2,DECK_OUT,
tier2,2026-07-03T18:10:44,tier2-run1,starmie,dragapult,dragapult,-1,1,16,1,2,9,2,DECK_OUT,
tier2,2026-07-03T18:10:44,tier2-run1,starmie,dragapult,starmie,1,-1,17,5,0,5,2,OTHER,
tier2,2026-07-03T18:10:44,tier2-run1,starmie,dragapult,dragapult,-1,1,12,4,2,3,6,DECK_OUT,
tier2,2026-07-03T18:10:44,tier2-run1,starmie,dragapult,starmie,1,-1,19,2,0,3,6,DECK_OUT,
tier2,2026-07-03T18:10:44,tier2-run1,starmie,dragapult,dragapult,-1,1,20,0,1,3,2,DECK_OUT,
tier2,2026-07-03T18:10:44,tier2-run1,starmie,dragapult,dragapult,-1,1,3,0,0,,,OTHER,
tier2,2026-07-03T18:10:44,tier2-run1,starmie,dragapult,dragapult,-1,1,18,3,5,5,2,DECK_OUT,
tier2,2026-07-03T18:10:44,tier2-run1,starmie,dragapult,dragapult,-1,1,14,1,5,11,2,OTHER,
tier2,2026-07-03T18:10:44,tier2-run1,starmie,dragapult,dragapult,-1,1,16,1,2,11,2,DECK_OUT,
tier2,2026-07-03T18:10:44,tier2-run1,starmie,dragapult,starmie,1,-1,17,4,2,3,14,DECK_OUT,
tier2,2026-07-03T18:10:44,tier2-run1,starmie,dragapult,dragapult,-1,1,12,1,3,9,4,DECK_OUT,
tier2,2026-07-03T18:10:44,tier2-run1,starmie,dragapult,starmie,1,-1,11,2,1,3,4,DECK_OUT,
tier2,2026-07-03T18:10:44,tier2-run1,starmie,dragapult,starmie,1,-1,13,4,0,3,6,DECK_OUT,
tier2,2026-07-03T18:10:44,tier2-run1,starmie,dragapult,dragapult,-1,1,16,2,2,3,2,DECK_OUT,
tier2,2026-07-03T18:10:44,tier2-run1,starmie,dragapult,starmie,1,-1,13,5,0,3,10,DECK_OUT,
tier2,2026-07-03T18:10:44,tier2-run1,starmie,dragapult,starmie,1,-1,13,4,2,3,6,DECK_OUT,
tier2,2026-07-03T18:10:44,tier2-run1,starmie,dragapult,starmie,1,-1,13,5,0,3,12,OTHER,
tier2,2026-07-03T18:10:44,tier2-run1,starmie,dragapult,starmie,1,-1,13,3,2,5,4,DECK_OUT,
tier2,2026-07-03T18:10:44,tier2-run1,starmie,dragapult,starmie,1,-1,13,0,4,,2,DECK_OUT,
tier2,2026-07-03T18:10:44,tier2-run1,starmie,dragapult,starmie,1,-1,13,3,4,5,2,DECK_OUT,
tier2,2026-07-03T18:10:44,tier2-run1,dragapult,starmie,starmie,-1,1,20,1,1,17,4,DECK_OUT,
tier2,2026-07-03T18:10:44,tier2-run1,dragapult,starmie,dragapult,1,-1,6,1,0,3,4,OTHER,
tier2,2026-07-03T18:10:44,tier2-run1,dragapult,starmie,dragapult,1,-1,5,0,0,3,,OTHER,
tier2,2026-07-03T18:10:44,tier2-run1,dragapult,starmie,dragapult,1,-1,11,0,2,3,4,DECK_OUT,
tier2,2026-07-03T18:10:44,tier2-run1,dragapult,starmie,starmie,-1,1,18,0,2,11,8,DECK_OUT,
tier2,2026-07-03T18:10:44,tier2-run1,dragapult,starmie,dragapult,1,-1,13,5,0,5,2,DECK_OUT,
tier2,2026-07-03T18:10:44,tier2-run1,dragapult,starmie,starmie,-1,1,14,4,0,3,,DECK_OUT,
tier2,2026-07-03T18:10:44,tier2-run1,dragapult,starmie,starmie,-1,1,12,1,2,9,2,DECK_OUT,
tier2,2026-07-03T18:10:44,tier2-run1,dragapult,starmie,dragapult,1,-1,23,4,2,7,2,DECK_OUT,
tier2,2026-07-03T18:10:44,tier2-run1,dragapult,starmie,dragapult,1,-1,17,0,0,7,,DECK_OUT,
tier2,2026-07-03T18:10:44,tier2-run1,dragapult,starmie,dragapult,1,-1,19,3,1,13,2,DECK_OUT,
tier2,2026-07-03T18:10:44,tier2-run1,dragapult,starmie,dragapult,1,-1,15,4,0,3,4,DECK_OUT,
tier2,2026-07-03T18:10:44,tier2-run1,dragapult,starmie,dragapult,1,-1,13,3,4,3,2,DECK_OUT,
tier2,2026-07-03T18:10:44,tier2-run1,dragapult,starmie,starmie,-1,1,10,2,1,3,2,DECK_OUT,
tier2,2026-07-03T18:10:44,tier2-run1,dragapult,starmie,starmie,-1,1,22,2,1,7,20,DECK_OUT,
tier2,2026-07-03T18:10:44,tier2-run1,dragapult,starmie,dragapult,1,-1,11,2,0,3,2,DECK_OUT,
tier2,2026-07-03T18:10:44,tier2-run1,dragapult,starmie,dragapult,1,-1,13,4,0,3,4,DECK_OUT,
tier2,2026-07-03T18:10:44,tier2-run1,dragapult,starmie,dragapult,1,-1,5,0,0,3,,OTHER,
tier2,2026-07-03T18:10:44,tier2-run1,dragapult,starmie,dragapult,1,-1,17,3,5,3,2,DECK_OUT,
tier2,2026-07-03T18:10:44,tier2-run1,dragapult,starmie,dragapult,1,-1,13,4,1,3,2,DECK_OUT,
tier2,2026-07-03T18:10:44,tier2-run1,dragapult,starmie,starmie,-1,1,18,3,4,3,8,DECK_OUT,
tier2,2026-07-03T18:10:44,tier2-run1,dragapult,starmie,starmie,-1,1,14,3,3,5,2,DECK_OUT,
tier2,2026-07-03T18:10:44,tier2-run1,dragapult,starmie,starmie,-1,1,13,0,3,11,2,OTHER,
tier2,2026-07-03T18:10:44,tier2-run1,dragapult,starmie,starmie,-1,1,3,0,0,,2,OTHER,
tier2,2026-07-03T18:10:44,tier2-run1,dragapult,starmie,dragapult,1,-1,17,2,0,5,2,DECK_OUT,
tier2,2026-07-03T18:10:44,tier2-run1,dragapult,starmie,dragapult,1,-1,15,5,0,3,2,OTHER,
tier2,2026-07-03T18:10:44,tier2-run1,dragapult,starmie,dragapult,1,-1,13,3,3,7,4,DECK_OUT,
tier2,2026-07-03T18:10:44,tier2-run1,dragapult,starmie,starmie,-1,1,16,1,1,15,4,DECK_OUT,
tier2,2026-07-03T18:10:44,tier2-run1,dragapult,starmie,starmie,-1,1,16,2,5,9,2,DECK_OUT,
tier2,2026-07-03T18:10:44,tier2-run1,dragapult,starmie,starmie,-1,1,6,0,0,,2,NO_POKEMON_IN_PLAY,
tier2,2026-07-03T18:10:44,tier2-run1,dragapult,starmie,starmie,-1,1,3,0,0,,2,OTHER,
tier2,2026-07-03T18:10:44,tier2-run1,dragapult,starmie,dragapult,1,-1,15,0,4,3,4,DECK_OUT,
tier2,2026-07-03T18:10:44,tier2-run1,dragapult,starmie,dragapult,1,-1,17,3,1,7,10,DECK_OUT,
tier2,2026-07-03T18:10:44,tier2-run1,dragapult,starmie,dragapult,1,-1,15,3,5,9,4,DECK_OUT,
tier2,2026-07-03T18:10:44,tier2-run1,dragapult,starmie,dragapult,1,-1,15,5,0,3,4,OTHER,
tier2,2026-07-03T18:10:44,tier2-run1,dragapult,starmie,starmie,-1,1,8,0,1,,2,NO_POKEMON_IN_PLAY,
tier2,2026-07-03T18:10:44,tier2-run1,dragapult,starmie,starmie,-1,1,12,1,2,5,6,DECK_OUT,
tier2,2026-07-03T18:10:44,tier2-run1,dragapult,starmie,dragapult,1,-1,13,3,2,3,2,DECK_OUT,
tier2,2026-07-03T18:10:44,tier2-run1,dragapult,starmie,dragapult,1,-1,13,5,1,3,2,DECK_OUT,
tier2,2026-07-03T18:10:44,tier2-run1,dragapult,starmie,starmie,-1,1,20,4,0,13,2,DECK_OUT,
tier2,2026-07-03T18:10:44,tier2-run1,dragapult,starmie,starmie,-1,1,12,1,3,3,2,DECK_OUT,
tier2,2026-07-03T18:10:44,tier2-run1,dragapult,starmie,starmie,-1,1,14,1,3,13,2,DECK_OUT,
tier2,2026-07-03T18:10:44,tier2-run1,dragapult,starmie,dragapult,1,-1,8,2,0,3,4,OTHER,
tier2,2026-07-03T18:10:44,tier2-run1,dragapult,starmie,dragapult,1,-1,13,3,5,3,2,DECK_OUT,
tier2,2026-07-03T18:10:44,tier2-run1,dragapult,starmie,dragapult,1,-1,9,2,0,3,,OTHER,
tier2,2026-07-03T18:10:44,tier2-run1,dragapult,starmie,starmie,-1,1,22,4,2,5,2,DECK_OUT,
tier2,2026-07-03T18:10:44,tier2-run1,dragapult,starmie,dragapult,1,-1,11,2,1,3,2,DECK_OUT,
tier2,2026-07-03T18:10:44,tier2-run1,dragapult,starmie,dragapult,1,-1,17,5,1,7,14,DECK_OUT,
tier2,2026-07-03T18:10:44,tier2-run1,dragapult,starmie,starmie,-1,1,16,3,4,9,4,DECK_OUT,
tier2,2026-07-03T18:10:44,tier2-run1,dragapult,starmie,starmie,-1,1,16,2,2,11,2,DECK_OUT,
tier2,2026-07-03T18:10:44,tier2-run1,dragapult,starmie,dragapult,1,-1,15,3,3,3,2,DECK_OUT,
tier2,2026-07-03T18:10:44,tier2-run1,dragapult,starmie,dragapult,1,-1,15,4,2,3,2,DECK_OUT,
tier2,2026-07-03T18:10:44,tier2-run1,dragapult,starmie,starmie,-1,1,14,2,2,3,2,DECK_OUT,
tier2,2026-07-03T18:10:44,tier2-run1,dragapult,starmie,dragapult,1,-1,11,1,3,7,4,DECK_OUT,
tier2,2026-07-03T18:10:44,tier2-run1,dragapult,starmie,dragapult,1,-1,15,5,2,5,2,DECK_OUT,
tier2,2026-07-03T18:10:44,tier2-run1,dragapult,starmie,starmie,-1,1,18,4,4,5,2,DECK_OUT,
tier2,2026-07-03T18:10:44,tier2-run1,dragapult,starmie,dragapult,1,-1,15,3,1,3,2,DECK_OUT,
tier2,2026-07-03T18:10:44,tier2-run1,dragapult,starmie,dragapult,1,-1,15,3,5,5,6,DECK_OUT,
tier2,2026-07-03T18:10:44,tier2-run1,dragapult,starmie,starmie,-1,1,12,3,3,3,6,DECK_OUT,
tier2,2026-07-03T18:10:44,tier2-run1,dragapult,starmie,dragapult,1,-1,17,5,2,5,2,DECK_OUT,
tier2,2026-07-03T18:10:44,tier2-run1,dragapult,starmie,starmie,-1,1,24,3,2,5,6,DECK_OUT,
tier2,2026-07-03T18:10:44,tier2-run1,dragapult,starmie,dragapult,1,-1,13,0,3,11,2,DECK_OUT,
tier2,2026-07-03T18:10:44,tier2-run1,dragapult,starmie,starmie,-1,1,3,0,0,,2,OTHER,
tier2,2026-07-03T18:10:44,tier2-run1,dragapult,starmie,dragapult,1,-1,6,0,0,,,OTHER,
tier2,2026-07-03T18:10:44,tier2-run1,dragapult,starmie,starmie,-1,1,18,3,2,3,6,DECK_OUT,
tier2,2026-07-03T18:10:44,tier2-run1,dragapult,starmie,dragapult,1,-1,13,2,0,3,12,DECK_OUT,
tier2,2026-07-03T18:10:44,tier2-run1,dragapult,starmie,starmie,-1,1,12,1,3,5,2,DECK_OUT,
tier2,2026-07-03T18:10:44,tier2-run1,dragapult,starmie,dragapult,1,-1,13,5,1,3,8,DECK_OUT,
tier2,2026-07-03T18:10:44,tier2-run1,dragapult,starmie,starmie,-1,1,18,2,4,15,4,DECK_OUT,
tier2,2026-07-03T18:10:44,tier2-run1,dragapult,starmie,dragapult,1,-1,15,3,3,3,2,DECK_OUT,
tier2,2026-07-03T18:10:44,tier2-run1,dragapult,starmie,starmie,-1,1,14,3,3,3,8,DECK_OUT,
tier2,2026-07-03T18:10:44,tier2-run1,dragapult,starmie,dragapult,1,-1,15,5,3,3,2,DECK_OUT,
tier2,2026-07-03T18:10:44,tier2-run1,dragapult,starmie,starmie,-1,1,5,0,0,,2,OTHER,
tier2,2026-07-03T18:10:44,tier2-run1,dragapult,starmie,dragapult,1,-1,15,5,3,5,2,DECK_OUT,
tier2,2026-07-03T18:10:44,tier2-run1,dragapult,starmie,dragapult,1,-1,13,5,1,3,2,OTHER,
tier2,2026-07-03T18:10:44,tier2-run1,dragapult,starmie,dragapult,1,-1,15,2,2,3,6,DECK_OUT,
tier2,2026-07-03T18:10:44,tier2-run1,dragapult,starmie,dragapult,1,-1,15,2,2,5,4,DECK_OUT,
tier2,2026-07-03T18:10:44,tier2-run1,dragapult,starmie,dragapult,1,-1,8,2,0,3,4,OTHER,
tier2,2026-07-03T18:10:44,tier2-run1,dragapult,starmie,dragapult,1,-1,17,5,1,3,10,DECK_OUT,
tier2,2026-07-03T18:10:44,tier2-run1,dragapult,starmie,starmie,-1,1,14,1,4,3,2,DECK_OUT,
tier2,2026-07-03T18:10:44,tier2-run1,dragapult,starmie,dragapult,1,-1,15,5,3,3,6,OTHER,
tier2,2026-07-03T18:10:44,tier2-run1,dragapult,starmie,dragapult,1,-1,4,0,0,,,OTHER,
tier2,2026-07-03T18:10:44,tier2-run1,dragapult,starmie,starmie,-1,1,18,2,3,11,2,DECK_OUT,
tier2,2026-07-03T18:10:44,tier2-run1,dragapult,starmie,dragapult,1,-1,13,5,2,3,4,DECK_OUT,
tier2,2026-07-03T18:10:44,tier2-run1,dragapult,starmie,starmie,-1,1,3,0,0,,,OTHER,
tier2,2026-07-03T18:10:44,tier2-run1,dragapult,starmie,starmie,-1,1,14,3,3,7,2,DECK_OUT,
tier2,2026-07-03T18:10:44,tier2-run1,dragapult,starmie,dragapult,1,-1,29,0,2,3,2,DECK_OUT,
tier2,2026-07-03T18:10:44,tier2-run1,dragapult,starmie,dragapult,1,-1,19,3,1,13,8,DECK_OUT,
tier2,2026-07-03T18:10:44,tier2-run1,dragapult,starmie,dragapult,1,-1,19,2,4,3,2,DECK_OUT,
tier2,2026-07-03T18:10:44,tier2-run1,dragapult,starmie,starmie,-1,1,14,3,3,9,6,DECK_OUT,
tier2,2026-07-03T18:10:44,tier2-run1,dragapult,starmie,starmie,-1,1,16,4,5,5,6,DECK_OUT,
tier2,2026-07-03T18:10:44,tier2-run1,dragapult,starmie,starmie,-1,1,14,5,3,3,6,DECK_OUT,
tier2,2026-07-03T18:10:44,tier2-run1,dragapult,starmie,dragapult,1,-1,13,5,1,3,2,OTHER,
tier2,2026-07-03T18:10:44,tier2-run1,dragapult,starmie,starmie,-1,1,18,1,3,11,6,DECK_OUT,
tier2,2026-07-03T18:10:44,tier2-run1,dragapult,starmie,dragapult,1,-1,21,0,0,5,2,DECK_OUT,
tier2,2026-07-03T18:10:44,tier2-run1,dragapult,starmie,dragapult,1,-1,15,4,5,3,8,DECK_OUT,
tier2,2026-07-03T18:10:44,tier2-run1,dragapult,starmie,starmie,-1,1,28,0,0,7,,DECK_OUT,
tier2,2026-07-03T18:10:44,tier2-run1,dragapult,starmie,starmie,-1,1,18,1,4,5,4,DECK_OUT,
tier2,2026-07-03T18:10:44,tier2-run1,dragapult,starmie,dragapult,1,-1,4,0,0,,,OTHER,
tier2,2026-07-03T18:10:44,tier2-run1,dragapult,starmie,starmie,-1,1,24,0,0,,24,DECK_OUT,
